employee_id,first_name,last_name,gender,birth_date,hire_date,termination_date,country,city,job_title,department,manager_id,salary,created_at,updated_at
E1000,Christopher,Glover,Male,1971-05-17,2026-02-14,,UK,Yorkchester,Software Engineer,Engineering,,121453,2026-09-07 15:41:39.186659,2026-09-07 15:41:39.186659
E1001,Lee,Perkins,Female,1980-12-22,2021-12-24,,Canada,North Bradleymouth,Product Manager,Product,,112869,2026-09-07 15:41:39.186659,2026-09-07 15:41:39.186659
E1002,Phillip,Wright,Non-binary,1995-01-02,2020-02-19,,Canada,South Alexander,Software Engineer,Engineering,,101484,2026-09-07 15:41:39.186659,2026-09-07 15:41:39.186659
E1003,Angela,Gray,Female,1988-09-11,2025-07-01,,Canada,Devinbury,HR Specialist,HR,,54392,2026-09-07 15:41:39.186659,2026-09-07 15:41:39.186659
E1004,Jennifer,Hampton,Non-binary,1968-02-11,2017-10-12,2019-11-11,India,Adamland,HR Specialist,HR,,78668,2026-09-07 15:41:39.186659,2026-09-07 15:41:39.186659
E1005,Margaret,Nguyen,Male,1980-09-30,2024-04-23,,Nigeria,Territon,Support Specialist,Support,,64610,2026-09-07 15:41:39.186659,2026-09-07 15:41:39.186659
E1006,Michelle,Lara,Non-binary,1977-08-14,2023-07-16,,UK,Hallstad,Sales Manager,Sales,,85964,2026-09-07 15:41:39.186659,2026-09-07 15:41:39.186659
E1007,Deborah,Black,Female,1999-02-23,2025-11-07,,Germany,Lake Deannaburgh,HR Specialist,HR,,75407,2026-09-07 15:41:39.186659,2026-09-07 15:41:39.186659
E1008,Marissa,Stokes,Non-binary,1990-11-06,2025-05-24,,UK,South Shane,HR Specialist,HR,,69872,2026-09-07 15:41:39.186659,2026-09-07 15:41:39.186659
E1009,Kathleen,Thompson,Non-binary,1982-12-02,2020-09-18,,Canada,Harriston,Software Engineer,Engineering,,83636,2026-09-07 15:41:39.186659,2026-09-07 15:41:39.186659
E1010,Sara,Wright,Female,1988-05-18,2019-07-19,2021-11-21,UK,Bradleyville,Product Manager,Product,,97948,2026-09-07 15:41:39.186659,2026-09-07 15:41:39.186659
E1011,Christopher,Marshall,Male,1974-10-28,2022-12-25,,India,Patrickshire,HR Specialist,HR,,55847,2026-09-07 15:41:39.186659,2026-09-07 15:41:39.186659
E1012,Raymond,Stuart,Female,1974-07-12,2023-07-08,,Nigeria,New Melissa,Support Specialist,Support,,46087,2026-09-07 15:41:39.186659,2026-09-07 15:41:39.186659
E1013,Michaela,Johnson,Male,2003-08-16,2020-04-08,,UK,Lake Malloryfurt,Support Specialist,Support,,58104,2026-09-07 15:41:39.186659,2026-09-07 15:41:39.186659
E1014,James,Johnson,Male,1976-05-09,2025-01-03,,Germany,Marktown,Data Engineer,Data,,85305,2026-09-07 15:41:39.186659,2026-09-07 15:41:39.186659
E1015,Kimberly,Giles,Non-binary,1989-08-09,2021-12-22,,India,Rodneyport,Product Manager,Product,,91287,2026-09-07 15:41:39.186659,2026-09-07 15:41:39.186659
E1016,Jamie,Alexander,Female,1984-09-22,2020-02-16,,Canada,Russellborough,Support Specialist,Support,,48331,2026-09-07 15:41:39.186659,2026-09-07 15:41:39.186659
E1017,Gina,Huynh,Female,1978-03-14,2016-01-12,,UK,Reedville,Sales Manager,Sales,,85750,2026-09-07 15:41:39.186659,2026-09-07 15:41:39.186659
E1018,Brian,Jones,Non-binary,1985-01-04,2016-05-25,,UK,Rosarioport,Finance Analyst,Finance,,89804,2026-09-07 15:41:39.186659,2026-09-07 15:41:39.186659
E1019,Kyle,Jones,Male,1988-07-12,2026-01-16,,Nigeria,South Dawn,Finance Analyst,Finance,,82011,2026-09-07 15:41:39.186659,2026-09-07 15:41:39.186659
E1020,Adam,Reid,Male,2002-10-11,2020-10-04,2021-05-21,Canada,North Travis,Sales Manager,Sales,,81534,2026-09-07 15:41:39.186659,2026-09-07 15:41:39.186659
E1021,Anthony,Walker,Non-binary,1975-04-03,2018-07-05,,Germany,Port Hunterberg,Support Specialist,Support,,44443,2026-09-07 15:41:39.186659,2026-09-07 15:41:39.186659
E1022,Susan,Webster,Male,1976-03-01,2018-07-19,,India,Matthewview,Data Engineer,Data,,130860,2026-09-07 15:41:39.186659,2026-09-07 15:41:39.186659
E1023,Shane,Stanton,Male,1994-06-01,2018-08-02,2023-05-11,Nigeria,New Joyce,Software Engineer,Engineering,,88566,2026-09-07 15:41:39.186659,2026-09-07 15:41:39.186659
E1024,Wendy,Singh,Non-binary,1989-12-25,2023-10-18,,India,East Dorothyfurt,HR Specialist,HR,,60666,2026-09-07 15:41:39.186659,2026-09-07 15:41:39.186659
E1025,Jessica,Gonzalez,Male,1982-01-04,2019-07-18,,Nigeria,East Karl,Finance Analyst,Finance,,85453,2026-09-07 15:41:39.186659,2026-09-07 15:41:39.186659
E1026,Pamela,Kim,Non-binary,1969-10-23,2022-07-30,,Germany,Port Dariustown,Support Specialist,Support,,49996,2026-09-07 15:41:39.186659,2026-09-07 15:41:39.186659
E1027,Anthony,Howe,Non-binary,1987-08-01,2019-06-02,,USA,North John,Sales Manager,Sales,,104038,2026-09-07 15:41:39.186659,2026-09-07 15:41:39.186659
E1028,Angelica,Le,Non-binary,1986-04-02,2025-05-23,,Germany,Taylorview,HR Specialist,HR,,68134,2026-09-07 15:41:39.186659,2026-09-07 15:41:39.186659
E1029,Brittney,Barr,Male,1989-07-21,2021-06-25,,India,North Shaunfurt,Software Engineer,Engineering,,81391,2026-09-07 15:41:39.186659,2026-09-07 15:41:39.186659
E1030,Jill,Baker,Female,1995-03-06,2024-09-03,,Canada,Fieldshaven,Finance Analyst,Finance,,79581,2026-09-07 15:41:39.186659,2026-09-07 15:41:39.186659
E1031,Morgan,Mason,Non-binary,1986-03-01,2018-03-24,,Germany,East Carlosland,Software Engineer,Engineering,,108390,2026-09-07 15:41:39.186659,2026-09-07 15:41:39.186659
E1032,Amanda,Newton,Non-binary,1978-01-15,2019-08-03,2023-06-09,Germany,New Debbie,Software Engineer,Engineering,,105057,2026-09-07 15:41:39.186659,2026-09-07 15:41:39.186659
E1033,Holly,Owens,Non-binary,1982-07-07,2023-08-15,,Nigeria,South Barbara,Finance Analyst,Finance,,72361,2026-09-07 15:41:39.186659,2026-09-07 15:41:39.186659
E1034,Stefanie,Ritter,Non-binary,1974-10-02,2019-10-20,2022-12-31,Canada,West James,Data Engineer,Data,,104578,2026-09-07 15:41:39.186659,2026-09-07 15:41:39.186659
E1035,Jon,Gray,Non-binary,1984-08-09,2023-08-02,,USA,West Rachel,Support Specialist,Support,,46564,2026-09-07 15:41:39.186659,2026-09-07 15:41:39.186659
E1036,Patrick,Pena,Male,1981-04-06,2020-07-05,2022-10-05,USA,Leonardport,Finance Analyst,Finance,,70840,2026-09-07 15:41:39.186659,2026-09-07 15:41:39.186659
E1037,Michael,Ortiz,Male,1978-10-01,2018-06-22,2020-05-14,UK,Barbaramouth,Finance Analyst,Finance,,66976,2026-09-07 15:41:39.186659,2026-09-07 15:41:39.186659
E1038,Donald,Ward,Female,1987-02-26,2018-03-26,,UK,Port Emily,Sales Manager,Sales,,107671,2026-09-07 15:41:39.186659,2026-09-07 15:41:39.186659
E1039,Nancy,Hancock,Female,1994-05-05,2017-10-01,,UK,Port Whitney,Software Engineer,Engineering,,125278,2026-09-07 15:41:39.186659,2026-09-07 15:41:39.186659
E1040,Jennifer,Baker,Non-binary,1967-02-17,2025-11-27,,USA,Owensfurt,Software Engineer,Engineering,,103248,2026-09-07 15:41:39.186659,2026-09-07 15:41:39.186659
E1041,Christian,Nelson,Non-binary,1979-01-23,2018-08-12,,UK,Julieberg,Product Manager,Product,,126184,2026-09-07 15:41:39.186659,2026-09-07 15:41:39.186659
E1042,Savannah,Collins,Non-binary,1987-07-20,2017-09-20,,USA,East Crystalfurt,Sales Manager,Sales,,103860,2026-09-07 15:41:39.186659,2026-09-07 15:41:39.186659
E1043,Kimberly,Wheeler,Non-binary,1986-06-02,2023-06-22,2025-10-29,India,Lake Charlesfurt,Support Specialist,Support,,45724,2026-09-07 15:41:39.186659,2026-09-07 15:41:39.186659
E1044,Kelsey,Miles,Female,1998-04-06,2019-06-03,,India,North Joseph,Support Specialist,Support,,55290,2026-09-07 15:41:39.186659,2026-09-07 15:41:39.186659
E1045,Darren,Willis,Male,1983-01-26,2020-08-10,,Germany,North Danielfurt,Support Specialist,Support,,60374,2026-09-07 15:41:39.186659,2026-09-07 15:41:39.186659
E1046,Danielle,Taylor,Male,1983-11-07,2025-07-09,,Canada,Noahville,Product Manager,Product,,135405,2026-09-07 15:41:39.186659,2026-09-07 15:41:39.186659
E1047,Edward,Andrews,Female,1989-08-29,2021-08-10,2023-03-08,India,Tranmouth,Product Manager,Product,,97243,2026-09-07 15:41:39.186659,2026-09-07 15:41:39.186659
E1048,Roger,Rowe,Female,1975-06-12,2017-09-17,,India,Rachelfort,Product Manager,Product,,118920,2026-09-07 15:41:39.186659,2026-09-07 15:41:39.186659
E1049,Nathan,Rodriguez,Male,1968-06-18,2026-07-11,,UK,Erikfort,Sales Manager,Sales,,83058,2026-09-07 15:41:39.186659,2026-09-07 15:41:39.186659
E1050,Matthew,Berg,Non-binary,1973-09-18,2018-05-01,2022-12-27,UK,New Jamesstad,Finance Analyst,Finance,,73340,2026-09-07 15:41:39.186659,2026-09-07 15:41:39.186659
E1051,John,Li,Non-binary,1996-02-11,2018-06-28,,India,Richardchester,Finance Analyst,Finance,,70861,2026-09-07 15:41:39.186659,2026-09-07 15:41:39.186659
E1052,Melissa,Maxwell,Non-binary,1982-06-18,2023-12-19,,UK,Port Manuelmouth,Product Manager,Product,,126905,2026-09-07 15:41:39.186659,2026-09-07 15:41:39.186659
E1053,Joshua,Parks,Male,1976-08-19,2023-11-02,,UK,Matthewtown,Data Engineer,Data,,112122,2026-09-07 15:41:39.186659,2026-09-07 15:41:39.186659
E1054,Jessica,Miller,Female,1980-06-30,2021-09-21,,India,Berryview,Product Manager,Product,,105157,2026-09-07 15:41:39.186659,2026-09-07 15:41:39.186659
E1055,Amber,Perez,Female,1989-08-07,2025-03-25,,Canada,Lake Rachelberg,Product Manager,Product,,112983,2026-09-07 15:41:39.186659,2026-09-07 15:41:39.186659
E1056,Victoria,Kirk,Non-binary,1969-06-01,2016-11-29,,India,Randolphton,Product Manager,Product,,119574,2026-09-07 15:41:39.186659,2026-09-07 15:41:39.186659
E1057,Valerie,Wong,Non-binary,1969-11-15,2018-04-05,,Germany,Shannonfort,Software Engineer,Engineering,,109398,2026-09-07 15:41:39.186659,2026-09-07 15:41:39.186659
E1058,Lindsey,Bennett,Non-binary,1976-01-26,2023-03-05,,Nigeria,Lake Stephenland,Data Engineer,Data,,107289,2026-09-07 15:41:39.186659,2026-09-07 15:41:39.186659
E1059,Mark,Hensley,Female,1968-11-12,2021-01-04,,Canada,North Ginaside,Finance Analyst,Finance,,89109,2026-09-07 15:41:39.186659,2026-09-07 15:41:39.186659
E1060,Jeffrey,White,Female,1999-02-26,2016-03-09,,India,Pooleville,Software Engineer,Engineering,,84089,2026-09-07 15:41:39.186659,2026-09-07 15:41:39.186659
E1061,Meredith,Foster,Female,1978-02-13,2022-05-09,,Nigeria,East Madeline,Sales Manager,Sales,,97025,2026-09-07 15:41:39.186659,2026-09-07 15:41:39.186659
E1062,Samuel,Price,Non-binary,1983-02-20,2026-02-05,,Nigeria,Randolphside,Support Specialist,Support,,61817,2026-09-07 15:41:39.186659,2026-09-07 15:41:39.186659
E1063,Rebecca,Barrett,Male,1993-06-17,2025-01-28,,UK,Lake Rebekahport,Software Engineer,Engineering,,89807,2026-09-07 15:41:39.186659,2026-09-07 15:41:39.186659
E1064,Tina,Haynes,Non-binary,1982-05-10,2024-07-24,,USA,Walshfort,Product Manager,Product,,104252,2026-09-07 15:41:39.186659,2026-09-07 15:41:39.186659
E1065,Matthew,Williams,Male,1967-07-03,2022-11-25,,India,Brianfort,Finance Analyst,Finance,,77598,2026-09-07 15:41:39.186659,2026-09-07 15:41:39.186659
E1066,Hailey,Stevens,Non-binary,1988-06-26,2021-04-28,2026-08-08,India,Kimberlyshire,Support Specialist,Support,,61247,2026-09-07 15:41:39.186659,2026-09-07 15:41:39.186659
E1067,Bryan,Hayes,Male,1990-08-22,2018-06-03,,UK,Port Charleston,Sales Manager,Sales,,86893,2026-09-07 15:41:39.186659,2026-09-07 15:41:39.186659
E1068,Stephanie,Greene,Male,1995-06-10,2018-01-20,,Germany,East Davidtown,HR Specialist,HR,,67545,2026-09-07 15:41:39.186659,2026-09-07 15:41:39.186659
E1069,Ryan,Padilla,Non-binary,1971-05-29,2024-03-12,,Nigeria,West Jonathanfurt,Product Manager,Product,,116953,2026-09-07 15:41:39.186659,2026-09-07 15:41:39.186659
E1070,Tara,King,Male,1973-10-29,2018-08-18,,Canada,Mcintoshport,Software Engineer,Engineering,,107846,2026-09-07 15:41:39.186659,2026-09-07 15:41:39.186659
E1071,Joseph,Frost,Male,1991-07-30,2018-07-28,,USA,East Kenneth,Sales Manager,Sales,,61100,2026-09-07 15:41:39.186659,2026-09-07 15:41:39.186659
E1072,Tracey,Simmons,Female,1983-12-29,2019-04-12,,Germany,South Kennethhaven,HR Specialist,HR,,58349,2026-09-07 15:41:39.186659,2026-09-07 15:41:39.186659
E1073,Steve,Medina,Male,1978-03-30,2016-10-19,,Germany,East Carrie,HR Specialist,HR,,52546,2026-09-07 15:41:39.186659,2026-09-07 15:41:39.186659
E1074,Peter,Robertson,Non-binary,1999-09-25,2019-06-13,,USA,Rodneyshire,Product Manager,Product,,123024,2026-09-07 15:41:39.186659,2026-09-07 15:41:39.186659
E1075,David,Little,Non-binary,2003-04-09,2016-07-26,,Canada,South Loganborough,Finance Analyst,Finance,,62300,2026-09-07 15:41:39.186659,2026-09-07 15:41:39.186659
E1076,Chad,Brown,Male,1994-07-21,2024-05-08,,USA,Jamesstad,Sales Manager,Sales,,63941,2026-09-07 15:41:39.186659,2026-09-07 15:41:39.186659
E1077,Patty,Taylor,Male,1985-08-17,2017-06-16,,India,Johnathanfort,Data Engineer,Data,,122428,2026-09-07 15:41:39.186659,2026-09-07 15:41:39.186659
E1078,Margaret,Ramirez,Male,1973-11-03,2017-01-21,,Nigeria,Victoriaview,Data Engineer,Data,,118676,2026-09-07 15:41:39.186659,2026-09-07 15:41:39.186659
E1079,Sara,Palmer,Male,1992-10-02,2016-08-23,,UK,Kaylaview,Product Manager,Product,,90953,2026-09-07 15:41:39.186659,2026-09-07 15:41:39.186659
E1080,Michael,Collins,Non-binary,1969-10-24,2019-06-15,2021-10-05,USA,Bentonfort,Product Manager,Product,,116430,2026-09-07 15:41:39.186659,2026-09-07 15:41:39.186659
E1081,Kayla,Campbell,Female,2002-03-03,2026-03-28,,Nigeria,Johnsonfurt,HR Specialist,HR,,54942,2026-09-07 15:41:39.186659,2026-09-07 15:41:39.186659
E1082,Sherry,Vasquez,Male,1996-07-15,2021-11-26,,UK,East Christopher,Product Manager,Product,,133305,2026-09-07 15:41:39.186659,2026-09-07 15:41:39.186659
E1083,Michael,Shaw,Female,1968-04-22,2020-01-26,2023-08-28,Nigeria,Robertstad,Software Engineer,Engineering,,82591,2026-09-07 15:41:39.186659,2026-09-07 15:41:39.186659
E1084,Lindsay,Skinner,Non-binary,1995-11-01,2025-03-11,,USA,Karatown,Support Specialist,Support,,51114,2026-09-07 15:41:39.186659,2026-09-07 15:41:39.186659
E1085,David,Weaver,Non-binary,1986-12-19,2025-11-17,,Germany,Morganview,Sales Manager,Sales,,86418,2026-09-07 15:41:39.186659,2026-09-07 15:41:39.186659
E1086,Timothy,Stewart,Non-binary,1998-03-30,2017-03-31,,USA,South Kylemouth,Software Engineer,Engineering,,109211,2026-09-07 15:41:39.186659,2026-09-07 15:41:39.186659
E1087,Courtney,Cummings,Female,1991-04-16,2020-11-02,,USA,West Edward,HR Specialist,HR,,73993,2026-09-07 15:41:39.186659,2026-09-07 15:41:39.186659
E1088,Elizabeth,Riley,Non-binary,1992-09-17,2021-10-14,,Nigeria,Alantown,Software Engineer,Engineering,,99865,2026-09-07 15:41:39.186659,2026-09-07 15:41:39.186659
E1089,Christopher,Washington,Female,1992-02-16,2023-04-24,2025-03-05,USA,Davidtown,Sales Manager,Sales,,74032,2026-09-07 15:41:39.186659,2026-09-07 15:41:39.186659
E1090,Michael,Hayes,Female,1968-08-05,2022-12-18,2024-09-20,Germany,Michaelside,HR Specialist,HR,,56818,2026-09-07 15:41:39.186659,2026-09-07 15:41:39.186659
E1091,Marcus,Taylor,Non-binary,1974-11-05,2023-04-17,2025-03-03,India,West Latoya,Product Manager,Product,,109987,2026-09-07 15:41:39.186659,2026-09-07 15:41:39.186659
E1092,Brian,Wood,Male,1996-11-13,2020-07-01,,Nigeria,North Amandaside,Data Engineer,Data,,87860,2026-09-07 15:41:39.186659,2026-09-07 15:41:39.186659
E1093,Holly,Edwards,Female,1994-01-08,2018-08-27,2021-11-23,India,Xavierland,Finance Analyst,Finance,,57481,2026-09-07 15:41:39.186659,2026-09-07 15:41:39.186659
E1094,Stephanie,Perkins,Non-binary,2004-05-21,2025-02-08,,UK,East Robert,Software Engineer,Engineering,,107353,2026-09-07 15:41:39.186659,2026-09-07 15:41:39.186659
E1095,Amy,Quinn,Male,1982-09-07,2016-12-24,,UK,Karenhaven,Product Manager,Product,,94254,2026-09-07 15:41:39.186659,2026-09-07 15:41:39.186659
E1096,Catherine,Mata,Male,2004-02-27,2024-06-09,,Nigeria,Lake Christina,Software Engineer,Engineering,,126060,2026-09-07 15:41:39.186659,2026-09-07 15:41:39.186659
E1097,Nicholas,Collins,Non-binary,1998-10-05,2026-03-28,,India,New Karenbury,Software Engineer,Engineering,,127282,2026-09-07 15:41:39.186659,2026-09-07 15:41:39.186659
E1098,Jose,Miller,Non-binary,1976-11-17,2018-06-07,2019-01-26,Canada,Smithberg,HR Specialist,HR,,62181,2026-09-07 15:41:39.186659,2026-09-07 15:41:39.186659
E1099,Ryan,Davis,Female,1994-03-01,2026-04-22,,UK,Meaganfort,Finance Analyst,Finance,,68647,2026-09-07 15:41:39.186659,2026-09-07 15:41:39.186659
E1100,James,Gibbs,Male,1995-05-18,2025-03-18,,India,North Elizabeth,Finance Analyst,Finance,,76901,2026-09-07 15:41:39.186659,2026-09-07 15:41:39.186659
E1101,Brian,Ramirez,Non-binary,1976-04-07,2025-08-14,,India,Watkinsfort,Data Engineer,Data,,125059,2026-09-07 15:41:39.186659,2026-09-07 15:41:39.186659
E1102,David,Houston,Female,2001-08-13,2023-04-08,,UK,Christinestad,Data Engineer,Data,,93519,2026-09-07 15:41:39.186659,2026-09-07 15:41:39.186659
E1103,Kimberly,Franklin,Female,1996-08-21,2017-07-16,,India,Higginsshire,Finance Analyst,Finance,,60241,2026-09-07 15:41:39.186659,2026-09-07 15:41:39.186659
E1104,Shannon,Anderson,Female,1981-12-03,2019-08-01,,Germany,Sarahhaven,Data Engineer,Data,,122563,2026-09-07 15:41:39.186659,2026-09-07 15:41:39.186659
E1105,Brittany,Reed,Female,1968-10-29,2018-06-16,,India,East Carl,Product Manager,Product,,97050,2026-09-07 15:41:39.186659,2026-09-07 15:41:39.186659
E1106,Jacob,Barnes,Non-binary,1999-01-04,2022-08-26,,UK,Lake Brianfort,Product Manager,Product,,106045,2026-09-07 15:41:39.186659,2026-09-07 15:41:39.186659
E1107,Mark,Davis,Non-binary,2002-10-10,2020-03-24,2024-10-23,UK,Kellymouth,HR Specialist,HR,,53728,2026-09-07 15:41:39.186659,2026-09-07 15:41:39.186659
E1108,Jessica,Wood,Non-binary,1991-06-04,2020-04-09,,India,Turnerbury,Product Manager,Product,,124727,2026-09-07 15:41:39.186659,2026-09-07 15:41:39.186659
E1109,Crystal,Gould,Non-binary,1974-10-10,2018-12-08,,India,Atkinsbury,Finance Analyst,Finance,,84481,2026-09-07 15:41:39.186659,2026-09-07 15:41:39.186659
E1110,Michael,Morgan,Non-binary,1995-02-22,2019-04-06,,India,Melissaside,Data Engineer,Data,,118162,2026-09-07 15:41:39.186659,2026-09-07 15:41:39.186659
E1111,Michael,Hernandez,Female,1970-07-24,2026-05-17,,UK,Port Thomas,Product Manager,Product,,90860,2026-09-07 15:41:39.186659,2026-09-07 15:41:39.186659
E1112,Eric,Weber,Non-binary,1975-06-24,2019-06-22,,Nigeria,Port Larryburgh,Support Specialist,Support,,52716,2026-09-07 15:41:39.186659,2026-09-07 15:41:39.186659
E1113,John,Williams,Male,1974-12-13,2016-11-30,,Canada,Rodriguezhaven,Product Manager,Product,,110145,2026-09-07 15:41:39.186659,2026-09-07 15:41:39.186659
E1114,Christopher,Yu,Female,2002-12-05,2025-02-22,2026-07-06,Nigeria,West Mistybury,Support Specialist,Support,,63826,2026-09-07 15:41:39.186659,2026-09-07 15:41:39.186659
E1115,Joseph,Walton,Female,2001-02-25,2022-05-07,2026-06-11,USA,Katrinaport,Software Engineer,Engineering,,96571,2026-09-07 15:41:39.186659,2026-09-07 15:41:39.186659
E1116,Adrian,Lee,Non-binary,1997-02-26,2022-01-12,2024-10-06,USA,West Johnmouth,Support Specialist,Support,,52599,2026-09-07 15:41:39.186659,2026-09-07 15:41:39.186659
E1117,Lauren,Henry,Non-binary,2002-06-30,2026-09-02,,Germany,Williamburgh,HR Specialist,HR,,60631,2026-09-07 15:41:39.186659,2026-09-07 15:41:39.186659
E1118,Fernando,Stafford,Male,1994-07-04,2024-03-26,,Canada,Kingview,Sales Manager,Sales,,76676,2026-09-07 15:41:39.186659,2026-09-07 15:41:39.186659
E1119,Ivan,Lopez,Non-binary,1974-11-28,2018-01-21,2022-05-07,UK,Greerchester,Finance Analyst,Finance,,87075,2026-09-07 15:41:39.186659,2026-09-07 15:41:39.186659
E1120,Elaine,Wallace,Female,1976-06-18,2026-08-18,,Canada,Juliechester,HR Specialist,HR,,56908,2026-09-07 15:41:39.186659,2026-09-07 15:41:39.186659
E1121,William,Harding,Female,1982-10-19,2024-02-14,,USA,East Morgan,Data Engineer,Data,,97505,2026-09-07 15:41:39.186659,2026-09-07 15:41:39.186659
E1122,Tyler,Campbell,Non-binary,2001-01-01,2023-04-09,2024-02-28,USA,Lake Robert,Product Manager,Product,,96860,2026-09-07 15:41:39.186659,2026-09-07 15:41:39.186659
E1123,Dana,Mendoza,Female,1978-10-21,2019-08-04,,Nigeria,Kristenton,Software Engineer,Engineering,,102653,2026-09-07 15:41:39.186659,2026-09-07 15:41:39.186659
E1124,Alexander,Burns,Non-binary,1992-11-05,2018-09-15,,USA,West Shannon,Product Manager,Product,,104999,2026-09-07 15:41:39.186659,2026-09-07 15:41:39.186659
E1125,Latoya,Thompson,Female,1996-05-15,2022-07-02,2023-12-20,Nigeria,Salazarview,Support Specialist,Support,,50109,2026-09-07 15:41:39.186659,2026-09-07 15:41:39.186659
E1126,Christopher,Ryan,Male,1986-08-08,2020-09-15,2023-05-30,Nigeria,Lawrencetown,Data Engineer,Data,,101863,2026-09-07 15:41:39.186659,2026-09-07 15:41:39.186659
E1127,David,Garcia,Male,1978-10-25,2020-12-01,,USA,North Suzanne,Support Specialist,Support,,52228,2026-09-07 15:41:39.186659,2026-09-07 15:41:39.186659
E1128,David,Gonzalez,Female,1979-03-17,2022-01-05,,Canada,West Ethanberg,Support Specialist,Support,,50478,2026-09-07 15:41:39.186659,2026-09-07 15:41:39.186659
E1129,Sharon,Hayes,Male,1995-11-14,2026-02-02,,UK,Lake Laurenmouth,Sales Manager,Sales,,98223,2026-09-07 15:41:39.186659,2026-09-07 15:41:39.186659
E1130,Michael,Macias,Female,1989-05-29,2018-01-02,2020-12-10,USA,West Kevinchester,Software Engineer,Engineering,,97427,2026-09-07 15:41:39.186659,2026-09-07 15:41:39.186659
E1131,Samantha,Gutierrez,Female,1982-10-09,2019-06-07,,Germany,Gregoryport,Support Specialist,Support,,61862,2026-09-07 15:41:39.186659,2026-09-07 15:41:39.186659
E1132,Maurice,Reed,Male,2001-05-03,2023-02-07,,Nigeria,North Joshua,Finance Analyst,Finance,,55613,2026-09-07 15:41:39.186659,2026-09-07 15:41:39.186659
E1133,Ray,Henderson,Non-binary,2001-10-08,2019-09-17,2022-03-05,UK,Coxton,Product Manager,Product,,117674,2026-09-07 15:41:39.186659,2026-09-07 15:41:39.186659
E1134,Katherine,Hubbard,Female,2001-12-02,2022-03-04,,UK,West Timothystad,Finance Analyst,Finance,,87325,2026-09-07 15:41:39.186659,2026-09-07 15:41:39.186659
E1135,Matthew,Bennett,Non-binary,1981-04-08,2025-04-02,,UK,South Davidborough,HR Specialist,HR,,75833,2026-09-07 15:41:39.186659,2026-09-07 15:41:39.186659
E1136,Bethany,Baldwin,Non-binary,1975-02-14,2016-01-07,,India,New Kylefort,Product Manager,Product,,112969,2026-09-07 15:41:39.186659,2026-09-07 15:41:39.186659
E1137,Karen,Bryan,Male,1988-03-06,2023-05-06,,Canada,Port Heather,Data Engineer,Data,,108811,2026-09-07 15:41:39.186659,2026-09-07 15:41:39.186659
E1138,Jennifer,Walker,Male,1968-01-04,2023-06-05,,Canada,New Joseview,Software Engineer,Engineering,,93306,2026-09-07 15:41:39.186659,2026-09-07 15:41:39.186659
E1139,Joshua,Smith,Non-binary,1994-06-26,2019-10-03,,USA,Port Timothybury,Finance Analyst,Finance,,74542,2026-09-07 15:41:39.186659,2026-09-07 15:41:39.186659
E1140,William,Castillo,Male,2002-11-04,2024-02-10,,Germany,West Stephaniemouth,Product Manager,Product,,118194,2026-09-07 15:41:39.186659,2026-09-07 15:41:39.186659
E1141,David,Robbins,Female,1972-01-15,2023-09-21,,Canada,Lake Kathryn,Product Manager,Product,,130172,2026-09-07 15:41:39.186659,2026-09-07 15:41:39.186659
E1142,Mark,Castillo,Non-binary,1993-01-11,2016-10-18,,India,Kimberlyville,Data Engineer,Data,,91747,2026-09-07 15:41:39.186659,2026-09-07 15:41:39.186659
E1143,Jeffrey,Bell,Non-binary,2002-06-20,2017-11-05,,Germany,East Amymouth,Software Engineer,Engineering,,111762,2026-09-07 15:41:39.186659,2026-09-07 15:41:39.186659
E1144,Micheal,Harrison,Female,1992-08-27,2025-06-11,,USA,New Jeremy,Finance Analyst,Finance,,85326,2026-09-07 15:41:39.186659,2026-09-07 15:41:39.186659
E1145,Sarah,Dickerson,Non-binary,1975-05-03,2017-05-12,,Germany,Conleyview,Data Engineer,Data,,127831,2026-09-07 15:41:39.186659,2026-09-07 15:41:39.186659
E1146,Karen,Wade,Female,1969-12-07,2024-01-06,,UK,West Devin,Support Specialist,Support,,67252,2026-09-07 15:41:39.186659,2026-09-07 15:41:39.186659
E1147,Catherine,Stuart,Non-binary,2002-02-22,2021-08-30,,UK,Ernestmouth,Software Engineer,Engineering,,128130,2026-09-07 15:41:39.186659,2026-09-07 15:41:39.186659
E1148,Michael,Garcia,Female,1987-06-23,2024-12-13,,Nigeria,Port Jessicaville,Sales Manager,Sales,,77786,2026-09-07 15:41:39.186659,2026-09-07 15:41:39.186659
E1149,Richard,Brennan,Male,1968-01-28,2019-06-08,,UK,Kellychester,Sales Manager,Sales,,63088,2026-09-07 15:41:39.186659,2026-09-07 15:41:39.186659
E1150,Willie,Jones,Non-binary,1994-07-31,2016-12-08,,Canada,Lake Alexandermouth,Finance Analyst,Finance,,87794,2026-09-07 15:41:39.186659,2026-09-07 15:41:39.186659
E1151,Tina,Carey,Female,1975-05-13,2023-04-21,,Germany,Maryburgh,Software Engineer,Engineering,,110659,2026-09-07 15:41:39.186659,2026-09-07 15:41:39.186659
E1152,Chelsea,Swanson,Female,1997-03-21,2016-10-21,,Nigeria,Thompsonview,Data Engineer,Data,,85349,2026-09-07 15:41:39.186659,2026-09-07 15:41:39.186659
E1153,Eric,Hernandez,Non-binary,1975-01-14,2021-11-10,,Nigeria,Cooperburgh,Product Manager,Product,,91503,2026-09-07 15:41:39.186659,2026-09-07 15:41:39.186659
E1154,Richard,Mccormick,Female,1993-04-15,2020-05-09,2023-08-26,Canada,Lake Paul,Product Manager,Product,,107636,2026-09-07 15:41:39.186659,2026-09-07 15:41:39.186659
E1155,Joseph,Rocha,Male,1999-09-14,2016-12-29,,Canada,North Benjamin,HR Specialist,HR,,70469,2026-09-07 15:41:39.186659,2026-09-07 15:41:39.186659
E1156,Emily,Smith,Female,1981-10-02,2020-03-04,,Nigeria,New Jessica,Product Manager,Product,,95498,2026-09-07 15:41:39.186659,2026-09-07 15:41:39.186659
E1157,Jennifer,Taylor,Male,1996-04-08,2026-06-07,,UK,West Ian,Sales Manager,Sales,,104439,2026-09-07 15:41:39.186659,2026-09-07 15:41:39.186659
E1158,Susan,Mckinney,Non-binary,1973-07-07,2023-08-23,,Germany,New Josephport,Finance Analyst,Finance,,76026,2026-09-07 15:41:39.186659,2026-09-07 15:41:39.186659
E1159,Stacy,Morales,Male,1988-05-17,2019-05-16,,India,Glennview,Product Manager,Product,,127424,2026-09-07 15:41:39.186659,2026-09-07 15:41:39.186659
E1160,Kenneth,Williams,Non-binary,1999-11-25,2022-09-26,2025-05-29,India,New Patrickmouth,Sales Manager,Sales,,66247,2026-09-07 15:41:39.186659,2026-09-07 15:41:39.186659
E1161,Yvonne,Merritt,Male,2002-01-27,2026-01-29,,UK,Emmaland,Finance Analyst,Finance,,69179,2026-09-07 15:41:39.186659,2026-09-07 15:41:39.186659
E1162,Erica,Clarke,Non-binary,1969-05-07,2023-02-09,,USA,Port Thomasstad,Sales Manager,Sales,,61645,2026-09-07 15:41:39.186659,2026-09-07 15:41:39.186659
E1163,Tammy,Lynch,Male,1998-07-13,2024-04-23,,USA,East Rodney,Software Engineer,Engineering,,114430,2026-09-07 15:41:39.186659,2026-09-07 15:41:39.186659
E1164,David,Conner,Male,1988-06-02,2025-02-17,2025-11-20,UK,Clarkchester,Data Engineer,Data,,93446,2026-09-07 15:41:39.186659,2026-09-07 15:41:39.186659
E1165,Steven,Avery,Female,2003-08-10,2022-05-02,,India,Lake Joshua,Sales Manager,Sales,,73319,2026-09-07 15:41:39.186659,2026-09-07 15:41:39.186659
E1166,Samantha,Thompson,Non-binary,1985-10-23,2016-06-16,,UK,Port Curtis,Finance Analyst,Finance,,57656,2026-09-07 15:41:39.186659,2026-09-07 15:41:39.186659
E1167,Doris,Gibson,Non-binary,1967-11-30,2023-12-23,,Nigeria,North Michael,Product Manager,Product,,104760,2026-09-07 15:41:39.186659,2026-09-07 15:41:39.186659
E1168,Brittney,Peterson,Female,1983-06-22,2024-07-07,,Canada,Silvaland,Product Manager,Product,,139985,2026-09-07 15:41:39.186659,2026-09-07 15:41:39.186659
E1169,Bradley,Henry,Non-binary,1967-12-16,2020-05-16,2022-03-27,Nigeria,East Kennethfort,HR Specialist,HR,,78144,2026-09-07 15:41:39.186659,2026-09-07 15:41:39.186659
E1170,Andrew,Peck,Female,1997-11-11,2017-08-13,,Canada,Lawrencebury,Software Engineer,Engineering,,111989,2026-09-07 15:41:39.186659,2026-09-07 15:41:39.186659
E1171,Amy,Odonnell,Male,1990-03-20,2024-05-17,2025-10-08,UK,Annaland,Data Engineer,Data,,91428,2026-09-07 15:41:39.186659,2026-09-07 15:41:39.186659
E1172,Annette,Allen,Female,2001-06-23,2023-06-16,,Nigeria,West Justin,Product Manager,Product,,107142,2026-09-07 15:41:39.186659,2026-09-07 15:41:39.186659
E1173,Dawn,Allen,Non-binary,1998-09-23,2017-09-06,,Canada,West Jeffrey,Product Manager,Product,,122413,2026-09-07 15:41:39.186659,2026-09-07 15:41:39.186659
E1174,Walter,Hunter,Female,2002-08-20,2026-05-27,,India,North Teresa,Product Manager,Product,,125615,2026-09-07 15:41:39.186659,2026-09-07 15:41:39.186659
E1175,Julie,Carr,Non-binary,2000-06-02,2024-06-11,2026-05-05,Canada,Calvinmouth,Data Engineer,Data,,88812,2026-09-07 15:41:39.186659,2026-09-07 15:41:39.186659
E1176,Angel,Miller,Non-binary,1967-02-27,2025-05-11,,India,Simmonshaven,Sales Manager,Sales,,76731,2026-09-07 15:41:39.186659,2026-09-07 15:41:39.186659
E1177,Samuel,Johnson,Male,2002-12-20,2018-03-20,,Canada,Annetteside,Finance Analyst,Finance,,79178,2026-09-07 15:41:39.186659,2026-09-07 15:41:39.186659
E1178,Todd,Johnson,Female,1978-09-23,2025-12-15,,USA,Port James,Product Manager,Product,,110832,2026-09-07 15:41:39.186659,2026-09-07 15:41:39.186659
E1179,Paul,Howard,Non-binary,1979-11-28,2017-04-04,,Germany,Bryanport,HR Specialist,HR,,73444,2026-09-07 15:41:39.186659,2026-09-07 15:41:39.186659
E1180,Emily,Walker,Non-binary,1986-05-30,2016-08-14,,UK,Orozcoton,HR Specialist,HR,,54161,2026-09-07 15:41:39.186659,2026-09-07 15:41:39.186659
E1181,Madeline,West,Female,2000-08-15,2019-10-24,,Nigeria,Joannton,Finance Analyst,Finance,,82977,2026-09-07 15:41:39.186659,2026-09-07 15:41:39.186659
E1182,Stacey,Knox,Female,1969-05-22,2017-09-23,2019-07-29,Canada,New Brandonborough,HR Specialist,HR,,50804,2026-09-07 15:41:39.186659,2026-09-07 15:41:39.186659
E1183,Sheryl,Lowe,Non-binary,1969-11-23,2017-10-20,,USA,Elizabethbury,Sales Manager,Sales,,97841,2026-09-07 15:41:39.186659,2026-09-07 15:41:39.186659
E1184,Daniel,Pennington,Male,1989-05-21,2020-08-27,,India,Johnsonmouth,Product Manager,Product,,135491,2026-09-07 15:41:39.186659,2026-09-07 15:41:39.186659
E1185,Stephanie,Hanson,Non-binary,2002-05-01,2019-01-05,,Germany,Mcdonaldstad,Support Specialist,Support,,50121,2026-09-07 15:41:39.186659,2026-09-07 15:41:39.186659
E1186,Dana,Parker,Non-binary,2001-06-13,2024-06-12,,Germany,Richardberg,Product Manager,Product,,135532,2026-09-07 15:41:39.186659,2026-09-07 15:41:39.186659
E1187,Samantha,Harris,Female,1993-02-12,2023-11-06,,USA,North Christopher,Finance Analyst,Finance,,74635,2026-09-07 15:41:39.186659,2026-09-07 15:41:39.186659
E1188,Douglas,Mendoza,Non-binary,1987-07-16,2018-11-17,2023-08-05,Canada,New Kylehaven,HR Specialist,HR,,68361,2026-09-07 15:41:39.186659,2026-09-07 15:41:39.186659
E1189,Cynthia,Nichols,Female,2001-12-28,2017-05-16,,USA,Ramseyport,Support Specialist,Support,,47554,2026-09-07 15:41:39.186659,2026-09-07 15:41:39.186659
E1190,Christopher,Norris,Female,1985-09-24,2023-06-03,,USA,Sarahfurt,Support Specialist,Support,,55401,2026-09-07 15:41:39.186659,2026-09-07 15:41:39.186659
E1191,Emily,Lopez,Non-binary,2003-03-20,2021-07-01,,India,Ellenshire,Finance Analyst,Finance,,68444,2026-09-07 15:41:39.186659,2026-09-07 15:41:39.186659
E1192,Brenda,Bradley,Female,1967-12-27,2024-11-09,2026-08-08,India,East Yvonnehaven,Support Specialist,Support,,40693,2026-09-07 15:41:39.186659,2026-09-07 15:41:39.186659
E1193,Bradley,King,Non-binary,1996-10-17,2025-11-11,,Canada,Matthewmouth,Data Engineer,Data,,120731,2026-09-07 15:41:39.186659,2026-09-07 15:41:39.186659
E1194,Matthew,Patrick,Female,1978-08-09,2024-11-26,,Germany,Dianeshire,Support Specialist,Support,,68747,2026-09-07 15:41:39.186659,2026-09-07 15:41:39.186659
E1195,Sarah,Bauer,Male,2003-10-20,2021-01-23,,UK,Myersmouth,Sales Manager,Sales,,88185,2026-09-07 15:41:39.186659,2026-09-07 15:41:39.186659
E1196,Justin,Smith,Non-binary,2002-05-18,2018-03-05,,India,Philipbury,Support Specialist,Support,,63807,2026-09-07 15:41:39.186659,2026-09-07 15:41:39.186659
E1197,Robert,Reynolds,Male,1978-01-17,2025-01-25,,Nigeria,East Jared,Support Specialist,Support,,47420,2026-09-07 15:41:39.186659,2026-09-07 15:41:39.186659
E1198,William,Bowman,Non-binary,1971-04-11,2020-08-07,,USA,Davisbury,Support Specialist,Support,,43848,2026-09-07 15:41:39.186659,2026-09-07 15:41:39.186659
E1199,Sara,Horton,Male,1969-06-27,2021-07-27,,Germany,Edwardview,Finance Analyst,Finance,,59383,2026-09-07 15:41:39.186659,2026-09-07 15:41:39.186659
E1200,Carlos,Morris,Non-binary,1986-06-25,2022-04-06,,Canada,Brownshire,Product Manager,Product,,115298,2026-09-07 15:41:39.186659,2026-09-07 15:41:39.186659
E1201,Kenneth,Wright,Non-binary,2002-08-08,2020-02-06,2021-05-12,Germany,Craigstad,Sales Manager,Sales,,80626,2026-09-07 15:41:39.186659,2026-09-07 15:41:39.186659
E1202,Natalie,Sandoval,Non-binary,1984-08-26,2025-08-23,,Canada,North Benjamin,Sales Manager,Sales,,80494,2026-09-07 15:41:39.186659,2026-09-07 15:41:39.186659
E1203,Jacob,Carpenter,Male,1987-08-05,2017-11-17,,India,Lake Daniel,Software Engineer,Engineering,,80797,2026-09-07 15:41:39.186659,2026-09-07 15:41:39.186659
E1204,Lori,Perez,Male,1984-07-17,2026-02-07,,Nigeria,Sullivanmouth,Data Engineer,Data,,88324,2026-09-07 15:41:39.186659,2026-09-07 15:41:39.186659
E1205,Nancy,Alexander,Male,2000-01-26,2016-12-11,,India,Port Joyce,Sales Manager,Sales,,71263,2026-09-07 15:41:39.186659,2026-09-07 15:41:39.186659
E1206,Jenny,Davis,Female,1969-01-31,2017-08-26,,Canada,North Johnstad,Software Engineer,Engineering,,121266,2026-09-07 15:41:39.186659,2026-09-07 15:41:39.186659
E1207,Wayne,Lopez,Non-binary,1984-01-16,2023-03-08,2023-10-25,Canada,West James,Sales Manager,Sales,,109986,2026-09-07 15:41:39.186659,2026-09-07 15:41:39.186659
E1208,Lawrence,Wilkerson,Male,1978-12-10,2021-09-25,,Canada,New Emily,Product Manager,Product,,91640,2026-09-07 15:41:39.186659,2026-09-07 15:41:39.186659
E1209,David,Harper,Non-binary,1996-08-21,2022-11-27,,USA,Wolfeport,Data Engineer,Data,,94977,2026-09-07 15:41:39.186659,2026-09-07 15:41:39.186659
E1210,Jason,Jenkins,Non-binary,1997-10-04,2018-05-19,2020-10-24,Germany,Brentport,Software Engineer,Engineering,,121047,2026-09-07 15:41:39.186659,2026-09-07 15:41:39.186659
E1211,Joe,Nelson,Male,1987-04-27,2016-09-07,,Germany,Lake Dawntown,Software Engineer,Engineering,,124814,2026-09-07 15:41:39.186659,2026-09-07 15:41:39.186659
E1212,Steven,Stephens,Female,1968-10-22,2023-05-22,,Canada,West Chadburgh,Software Engineer,Engineering,,95753,2026-09-07 15:41:39.186659,2026-09-07 15:41:39.186659
E1213,Eric,Alvarez,Female,1972-07-29,2017-09-08,,Canada,Katelynburgh,Support Specialist,Support,,65688,2026-09-07 15:41:39.186659,2026-09-07 15:41:39.186659
E1214,Jessica,Crawford,Female,2002-01-05,2024-05-26,,UK,South Williamfort,Finance Analyst,Finance,,71726,2026-09-07 15:41:39.186659,2026-09-07 15:41:39.186659
E1215,Donald,Turner,Non-binary,1982-11-12,2024-04-24,,Germany,West Helen,Product Manager,Product,,125079,2026-09-07 15:41:39.186659,2026-09-07 15:41:39.186659
E1216,Sabrina,Collins,Non-binary,1992-03-02,2018-12-22,2023-12-16,Nigeria,Adamton,HR Specialist,HR,,76668,2026-09-07 15:41:39.186659,2026-09-07 15:41:39.186659
E1217,Robert,Wells,Female,1971-02-09,2024-12-05,,UK,Youngland,Finance Analyst,Finance,,55262,2026-09-07 15:41:39.186659,2026-09-07 15:41:39.186659
E1218,Shawn,Blake,Non-binary,1995-10-07,2016-08-23,2019-03-31,India,Lisaside,Product Manager,Product,,101494,2026-09-07 15:41:39.186659,2026-09-07 15:41:39.186659
E1219,Christine,Brown,Female,2004-08-19,2020-09-29,,Nigeria,Lake Stevenborough,Product Manager,Product,,97979,2026-09-07 15:41:39.186659,2026-09-07 15:41:39.186659
E1220,Austin,Diaz,Female,2000-12-15,2016-11-23,,Nigeria,Odonnellberg,Support Specialist,Support,,54604,2026-09-07 15:41:39.186659,2026-09-07 15:41:39.186659
E1221,Jennifer,Miller,Female,1986-05-09,2020-04-04,,UK,Lake Leeview,Software Engineer,Engineering,,96895,2026-09-07 15:41:39.186659,2026-09-07 15:41:39.186659
E1222,Dean,Potter,Male,1975-02-06,2021-12-05,,Germany,South Michaelburgh,HR Specialist,HR,,50711,2026-09-07 15:41:39.186659,2026-09-07 15:41:39.186659
E1223,Cindy,Wilson,Male,2004-03-12,2019-08-01,,USA,Katelynmouth,Software Engineer,Engineering,,125474,2026-09-07 15:41:39.186659,2026-09-07 15:41:39.186659
E1224,Christopher,Perez,Non-binary,1984-12-08,2018-05-25,,UK,Port Wandatown,Software Engineer,Engineering,,96011,2026-09-07 15:41:39.186659,2026-09-07 15:41:39.186659
E1225,Joshua,Gaines,Female,1998-03-06,2017-07-03,,Germany,Jonestown,HR Specialist,HR,,56672,2026-09-07 15:41:39.186659,2026-09-07 15:41:39.186659
E1226,Nicole,Lee,Female,1971-08-29,2021-08-09,2026-04-20,Nigeria,Katietown,Support Specialist,Support,,46382,2026-09-07 15:41:39.186659,2026-09-07 15:41:39.186659
E1227,Heather,Jones,Female,1990-04-06,2021-09-04,,USA,Melissafort,Support Specialist,Support,,59051,2026-09-07 15:41:39.186659,2026-09-07 15:41:39.186659
E1228,Steven,Wells,Non-binary,1983-04-16,2020-03-04,,Canada,Drakeland,Software Engineer,Engineering,,97300,2026-09-07 15:41:39.186659,2026-09-07 15:41:39.186659
E1229,Michael,Sandoval,Female,1983-09-23,2025-10-28,,Canada,North Russell,Sales Manager,Sales,,79379,2026-09-07 15:41:39.186659,2026-09-07 15:41:39.186659
E1230,Regina,Hines,Male,1968-09-12,2026-02-27,,Nigeria,West William,Product Manager,Product,,106612,2026-09-07 15:41:39.186659,2026-09-07 15:41:39.186659
E1231,Christopher,Mcdonald,Female,1991-05-30,2023-05-24,2024-12-07,Nigeria,Port Felicia,Software Engineer,Engineering,,102781,2026-09-07 15:41:39.186659,2026-09-07 15:41:39.186659
E1232,Hunter,Francis,Female,1983-05-02,2019-06-19,2024-04-02,UK,West Victor,Support Specialist,Support,,67328,2026-09-07 15:41:39.186659,2026-09-07 15:41:39.186659
E1233,Derek,Smith,Non-binary,1986-07-09,2025-08-01,,Germany,Foxbury,Sales Manager,Sales,,87293,2026-09-07 15:41:39.186659,2026-09-07 15:41:39.186659
E1234,Aaron,Wood,Female,1973-09-14,2020-10-17,2021-08-05,USA,Charlesside,Support Specialist,Support,,64766,2026-09-07 15:41:39.186659,2026-09-07 15:41:39.186659
E1235,Frank,Ortega,Male,2001-11-15,2019-10-15,2025-01-27,USA,Alyssabury,Sales Manager,Sales,,74056,2026-09-07 15:41:39.186659,2026-09-07 15:41:39.186659
E1236,Melissa,Anderson,Male,2001-11-07,2017-09-11,,Nigeria,South Andreachester,Sales Manager,Sales,,78147,2026-09-07 15:41:39.186659,2026-09-07 15:41:39.186659
E1237,Candice,Best,Non-binary,1991-07-21,2021-08-30,,Canada,South Robert,HR Specialist,HR,,54579,2026-09-07 15:41:39.186659,2026-09-07 15:41:39.186659
E1238,Philip,Johnson,Female,2001-05-10,2018-01-11,2019-12-22,Nigeria,Jonesborough,Support Specialist,Support,,65589,2026-09-07 15:41:39.186659,2026-09-07 15:41:39.186659
E1239,Walter,Harper,Male,1985-03-29,2020-08-16,2023-10-18,India,Beckton,Data Engineer,Data,,97647,2026-09-07 15:41:39.186659,2026-09-07 15:41:39.186659
E1240,Kathryn,Gaines,Female,1977-01-04,2025-07-18,,USA,Johnsonville,Sales Manager,Sales,,107408,2026-09-07 15:41:39.186659,2026-09-07 15:41:39.186659
E1241,Scott,Allen,Male,1985-05-23,2020-08-11,2021-09-09,India,South Anthonyburgh,HR Specialist,HR,,63129,2026-09-07 15:41:39.186659,2026-09-07 15:41:39.186659
E1242,Ashley,Prince,Non-binary,1993-09-16,2022-03-16,,USA,Woodchester,HR Specialist,HR,,58573,2026-09-07 15:41:39.186659,2026-09-07 15:41:39.186659
E1243,Kayla,Patton,Male,2000-03-09,2022-03-02,,Canada,West Yolanda,Data Engineer,Data,,129043,2026-09-07 15:41:39.186659,2026-09-07 15:41:39.186659
E1244,Adam,Rose,Male,1972-03-21,2018-08-21,2019-11-25,USA,New Maria,Finance Analyst,Finance,,78541,2026-09-07 15:41:39.186659,2026-09-07 15:41:39.186659
E1245,Katherine,Hernandez,Female,1990-07-30,2023-11-16,2025-06-21,USA,Port Jamiechester,Sales Manager,Sales,,72850,2026-09-07 15:41:39.186659,2026-09-07 15:41:39.186659
E1246,Jennifer,Cunningham,Non-binary,1976-01-06,2026-01-28,,Germany,Ferrellshire,Finance Analyst,Finance,,72276,2026-09-07 15:41:39.186659,2026-09-07 15:41:39.186659
E1247,Christopher,Shaw,Male,1968-03-08,2026-03-14,,India,Port Heather,Sales Manager,Sales,,66082,2026-09-07 15:41:39.186659,2026-09-07 15:41:39.186659
E1248,Joseph,Lowery,Female,1989-12-21,2024-11-30,2026-01-01,Germany,Courtneytown,Sales Manager,Sales,,82031,2026-09-07 15:41:39.186659,2026-09-07 15:41:39.186659
E1249,Christy,Parker,Non-binary,1988-01-22,2025-02-24,,UK,Joefurt,HR Specialist,HR,,53754,2026-09-07 15:41:39.186659,2026-09-07 15:41:39.186659
E1250,Miguel,Moran,Female,1990-03-27,2018-07-07,2019-11-19,Germany,East Jerry,Sales Manager,Sales,,94934,2026-09-07 15:41:39.186659,2026-09-07 15:41:39.186659
E1251,Devin,Stewart,Non-binary,1989-06-13,2026-06-27,,UK,East Ann,Product Manager,Product,,121799,2026-09-07 15:41:39.186659,2026-09-07 15:41:39.186659
E1252,Shawn,Griffin,Female,1986-12-18,2020-09-08,2022-04-08,India,Michaelmouth,Support Specialist,Support,,58562,2026-09-07 15:41:39.186659,2026-09-07 15:41:39.186659
E1253,Clayton,Chan,Male,1972-11-15,2024-04-17,,Nigeria,Carolmouth,Data Engineer,Data,,122519,2026-09-07 15:41:39.186659,2026-09-07 15:41:39.186659
E1254,Sherri,Jenkins,Female,1994-01-21,2017-05-17,,Nigeria,South Vanessa,Sales Manager,Sales,,103470,2026-09-07 15:41:39.186659,2026-09-07 15:41:39.186659
E1255,Dalton,Bryan,Female,2002-09-14,2017-10-01,2021-10-28,Nigeria,North Jefferyborough,Product Manager,Product,,137874,2026-09-07 15:41:39.186659,2026-09-07 15:41:39.186659
E1256,Tara,Peterson,Non-binary,2003-03-03,2020-03-17,2023-08-21,Nigeria,Edwardchester,HR Specialist,HR,,51169,2026-09-07 15:41:39.186659,2026-09-07 15:41:39.186659
E1257,Edward,Chaney,Non-binary,2003-06-26,2017-11-26,,Nigeria,East Carrieburgh,Sales Manager,Sales,,66600,2026-09-07 15:41:39.186659,2026-09-07 15:41:39.186659
E1258,Gary,Rodriguez,Male,1999-07-27,2025-09-28,,USA,Hartmanfort,Sales Manager,Sales,,69777,2026-09-07 15:41:39.186659,2026-09-07 15:41:39.186659
E1259,Stephanie,Ferrell,Female,1968-03-21,2022-10-16,2024-01-13,USA,Port Karenstad,Finance Analyst,Finance,,61377,2026-09-07 15:41:39.186659,2026-09-07 15:41:39.186659
E1260,Natasha,Chan,Female,1995-05-22,2025-01-28,,Canada,Lewismouth,Finance Analyst,Finance,,61647,2026-09-07 15:41:39.186659,2026-09-07 15:41:39.186659
E1261,Erin,Hood,Female,1983-07-19,2022-06-12,,Germany,Lake Lori,HR Specialist,HR,,53308,2026-09-07 15:41:39.186659,2026-09-07 15:41:39.186659
E1262,Tiffany,Torres,Non-binary,1988-10-20,2026-02-26,,Nigeria,Port Brandimouth,Product Manager,Product,,106535,2026-09-07 15:41:39.186659,2026-09-07 15:41:39.186659
E1263,Joel,Warren,Male,1990-11-18,2016-01-26,,Nigeria,West Jeremymouth,Support Specialist,Support,,64087,2026-09-07 15:41:39.186659,2026-09-07 15:41:39.186659
E1264,Andrea,Diaz,Non-binary,1978-01-11,2019-03-03,,India,New Ronaldfort,Finance Analyst,Finance,,62563,2026-09-07 15:41:39.186659,2026-09-07 15:41:39.186659
E1265,Elizabeth,Saunders,Male,1984-12-18,2025-08-31,,India,North Karen,Software Engineer,Engineering,,117096,2026-09-07 15:41:39.186659,2026-09-07 15:41:39.186659
E1266,Ashley,Matthews,Female,2001-01-26,2025-07-27,,UK,Patelberg,Support Specialist,Support,,45138,2026-09-07 15:41:39.186659,2026-09-07 15:41:39.186659
E1267,Dennis,Barton,Non-binary,1976-09-09,2022-10-11,,USA,Alanberg,Finance Analyst,Finance,,85944,2026-09-07 15:41:39.186659,2026-09-07 15:41:39.186659
E1268,Benjamin,Acevedo,Male,1969-12-14,2016-09-12,,USA,New Barbara,Sales Manager,Sales,,73821,2026-09-07 15:41:39.186659,2026-09-07 15:41:39.186659
E1269,Ronald,Harris,Non-binary,1999-04-27,2016-08-08,,UK,South Anita,Sales Manager,Sales,,72740,2026-09-07 15:41:39.186659,2026-09-07 15:41:39.186659
E1270,Meredith,Cisneros,Female,1970-09-05,2022-10-15,2025-05-29,USA,Michaelton,Product Manager,Product,,94923,2026-09-07 15:41:39.186659,2026-09-07 15:41:39.186659
E1271,Ashley,Curry,Non-binary,1980-09-02,2023-03-30,,Germany,New Lisa,Data Engineer,Data,,100691,2026-09-07 15:41:39.186659,2026-09-07 15:41:39.186659
E1272,Daniel,Wright,Male,1999-01-13,2023-02-16,,Nigeria,Port Maria,Software Engineer,Engineering,,121369,2026-09-07 15:41:39.186659,2026-09-07 15:41:39.186659
E1273,Kurt,Evans,Female,1973-03-02,2025-01-06,,USA,Mendozaport,Software Engineer,Engineering,,101141,2026-09-07 15:41:39.186659,2026-09-07 15:41:39.186659
E1274,Jonathan,Martinez,Male,1971-01-28,2016-07-07,,Germany,South Zacharyfurt,Product Manager,Product,,120649,2026-09-07 15:41:39.186659,2026-09-07 15:41:39.186659
E1275,Steven,Ramos,Female,2001-03-14,2017-05-27,,Canada,East Lisaberg,Software Engineer,Engineering,,124200,2026-09-07 15:41:39.186659,2026-09-07 15:41:39.186659
E1276,Darren,Rice,Female,1976-12-21,2025-03-22,2026-02-20,UK,Zacharyville,Support Specialist,Support,,67493,2026-09-07 15:41:39.186659,2026-09-07 15:41:39.186659
E1277,Lisa,Mcdaniel,Female,1983-07-14,2018-11-23,,Nigeria,Millerborough,Support Specialist,Support,,59873,2026-09-07 15:41:39.186659,2026-09-07 15:41:39.186659
E1278,Tyler,Larson,Female,1969-09-14,2019-01-21,,Germany,Reedside,HR Specialist,HR,,65279,2026-09-07 15:41:39.186659,2026-09-07 15:41:39.186659
E1279,Catherine,Chapman,Non-binary,1997-05-03,2022-08-13,,UK,Amberton,Data Engineer,Data,,103835,2026-09-07 15:41:39.186659,2026-09-07 15:41:39.186659
E1280,Melinda,Weber,Female,1970-01-28,2023-09-01,,UK,Port Pamelaview,Support Specialist,Support,,61595,2026-09-07 15:41:39.186659,2026-09-07 15:41:39.186659
E1281,Kelly,Saunders,Non-binary,1992-06-03,2020-11-24,,Germany,West Brandiville,Product Manager,Product,,132495,2026-09-07 15:41:39.186659,2026-09-07 15:41:39.186659
E1282,Richard,Mitchell,Male,1966-10-18,2016-09-28,,Canada,West Edwardberg,Software Engineer,Engineering,,117536,2026-09-07 15:41:39.186659,2026-09-07 15:41:39.186659
E1283,Steven,Copeland,Non-binary,1995-07-26,2017-02-18,,Canada,Weaverview,HR Specialist,HR,,58568,2026-09-07 15:41:39.186659,2026-09-07 15:41:39.186659
E1284,Robert,Vega,Female,1984-04-30,2025-02-07,,USA,Lake Michealstad,Software Engineer,Engineering,,84007,2026-09-07 15:41:39.186659,2026-09-07 15:41:39.186659
E1285,Isaiah,Martin,Female,1984-05-19,2016-05-18,2020-10-04,Canada,Mileschester,Finance Analyst,Finance,,57478,2026-09-07 15:41:39.186659,2026-09-07 15:41:39.186659
E1286,James,Davis,Male,1975-01-09,2018-05-20,,Germany,Rothfort,Support Specialist,Support,,54591,2026-09-07 15:41:39.186659,2026-09-07 15:41:39.186659
E1287,Robert,Castillo,Female,1998-01-27,2020-09-25,,Canada,Patrickport,Software Engineer,Engineering,,100504,2026-09-07 15:41:39.186659,2026-09-07 15:41:39.186659
E1288,Laura,Hoover,Female,1978-05-01,2020-03-24,,India,North Mark,Support Specialist,Support,,59211,2026-09-07 15:41:39.186659,2026-09-07 15:41:39.186659
E1289,Jamie,Padilla,Female,1986-11-24,2017-05-06,2022-05-26,India,East Susanburgh,Support Specialist,Support,,57740,2026-09-07 15:41:39.186659,2026-09-07 15:41:39.186659
E1290,Lindsay,Tate,Male,1974-09-10,2020-11-07,,Nigeria,East Anna,Sales Manager,Sales,,71368,2026-09-07 15:41:39.186659,2026-09-07 15:41:39.186659
E1291,Sarah,Carter,Female,1976-11-26,2025-03-06,,USA,Lake Jennifer,Software Engineer,Engineering,,111657,2026-09-07 15:41:39.186659,2026-09-07 15:41:39.186659
E1292,Destiny,Roberts,Non-binary,1995-06-09,2024-07-09,,UK,South Matthew,HR Specialist,HR,,64279,2026-09-07 15:41:39.186659,2026-09-07 15:41:39.186659
E1293,Kristin,Duran,Non-binary,1996-08-08,2025-07-30,,Nigeria,North Cheryl,Support Specialist,Support,,50588,2026-09-07 15:41:39.186659,2026-09-07 15:41:39.186659
E1294,David,Bradley,Female,2003-09-15,2025-11-24,2026-06-30,India,Christianbury,Support Specialist,Support,,53914,2026-09-07 15:41:39.186659,2026-09-07 15:41:39.186659
E1295,Patrick,Bradford,Female,1968-08-07,2022-10-02,,USA,Sarahport,Data Engineer,Data,,91099,2026-09-07 15:41:39.186659,2026-09-07 15:41:39.186659
E1296,Robin,Herman,Non-binary,1994-04-01,2017-02-14,2022-02-15,USA,Port Kyleland,Sales Manager,Sales,,94726,2026-09-07 15:41:39.186659,2026-09-07 15:41:39.186659
E1297,Kim,Young,Male,1993-12-17,2018-02-23,2022-05-24,India,New Madison,Product Manager,Product,,99674,2026-09-07 15:41:39.186659,2026-09-07 15:41:39.186659
E1298,Andrew,Welch,Female,1995-05-29,2023-06-21,,Canada,Port Andreaborough,Data Engineer,Data,,128018,2026-09-07 15:41:39.186659,2026-09-07 15:41:39.186659
E1299,Dylan,Pierce,Male,1990-10-23,2021-12-02,,Canada,North Jessica,Support Specialist,Support,,42343,2026-09-07 15:41:39.186659,2026-09-07 15:41:39.186659
E1300,Nicole,Thomas,Female,1995-05-17,2024-12-28,,Germany,East Tinamouth,Data Engineer,Data,,86931,2026-09-07 15:41:39.186659,2026-09-07 15:41:39.186659
E1301,Stephen,Wilson,Female,1976-08-09,2016-12-18,,Canada,Lake Williamberg,Support Specialist,Support,,52510,2026-09-07 15:41:39.186659,2026-09-07 15:41:39.186659
E1302,Ricky,Sims,Non-binary,1986-09-04,2020-04-15,2024-04-04,Nigeria,Lake Paulborough,Support Specialist,Support,,54726,2026-09-07 15:41:39.186659,2026-09-07 15:41:39.186659
E1303,Dana,Stewart,Male,1992-07-23,2024-10-31,,USA,Robertburgh,Support Specialist,Support,,66264,2026-09-07 15:41:39.186659,2026-09-07 15:41:39.186659
E1304,Fernando,Eaton,Female,1989-08-31,2019-10-17,,USA,Lake Tracy,Software Engineer,Engineering,,105535,2026-09-07 15:41:39.186659,2026-09-07 15:41:39.186659
E1305,Theresa,Smith,Female,1976-03-08,2019-04-22,2022-02-09,Germany,New Andrea,Support Specialist,Support,,60844,2026-09-07 15:41:39.186659,2026-09-07 15:41:39.186659
E1306,Bonnie,Miller,Female,2002-10-16,2026-08-31,,Nigeria,Hubbardmouth,Support Specialist,Support,,57116,2026-09-07 15:41:39.186659,2026-09-07 15:41:39.186659
E1307,Joshua,Howell,Non-binary,2002-12-15,2025-09-19,,Germany,Ashleyfort,Data Engineer,Data,,108689,2026-09-07 15:41:39.186659,2026-09-07 15:41:39.186659
E1308,Todd,Davis,Non-binary,1991-10-17,2023-05-24,2026-07-06,UK,Barrettshire,Software Engineer,Engineering,,120248,2026-09-07 15:41:39.186659,2026-09-07 15:41:39.186659
E1309,Scott,Walsh,Male,1976-04-24,2017-09-12,,Nigeria,Port Randyshire,Data Engineer,Data,,109167,2026-09-07 15:41:39.186659,2026-09-07 15:41:39.186659
E1310,Jeffery,Schneider,Female,1999-03-08,2023-05-18,,Nigeria,Nathantown,Product Manager,Product,,99268,2026-09-07 15:41:39.186659,2026-09-07 15:41:39.186659
E1311,Michael,Serrano,Male,1985-09-02,2018-07-25,2019-05-21,Canada,Lamberttown,Software Engineer,Engineering,,106762,2026-09-07 15:41:39.186659,2026-09-07 15:41:39.186659
E1312,Brittany,Rubio,Female,1971-05-29,2023-12-27,,UK,Melvinmouth,Data Engineer,Data,,127796,2026-09-07 15:41:39.186659,2026-09-07 15:41:39.186659
E1313,Joshua,Holloway,Female,1988-02-16,2016-08-04,,India,Hendersonmouth,Finance Analyst,Finance,,76024,2026-09-07 15:41:39.186659,2026-09-07 15:41:39.186659
E1314,Jill,Gray,Non-binary,1967-04-23,2016-12-12,,Canada,Walkershire,HR Specialist,HR,,57120,2026-09-07 15:41:39.186659,2026-09-07 15:41:39.186659
E1315,Donald,Simpson,Male,1997-04-12,2024-10-30,,Nigeria,Lake Megan,Support Specialist,Support,,48826,2026-09-07 15:41:39.186659,2026-09-07 15:41:39.186659
E1316,Tyler,Collins,Non-binary,1974-07-01,2021-07-10,,UK,Kathleenland,Sales Manager,Sales,,73901,2026-09-07 15:41:39.186659,2026-09-07 15:41:39.186659
E1317,Robert,Martinez,Female,1985-06-28,2024-04-22,,Canada,South Robertstad,Finance Analyst,Finance,,66560,2026-09-07 15:41:39.186659,2026-09-07 15:41:39.186659
E1318,Mark,Nelson,Female,1973-06-26,2016-12-28,,UK,North Georgemouth,Data Engineer,Data,,115157,2026-09-07 15:41:39.186659,2026-09-07 15:41:39.186659
E1319,Yolanda,Gilbert,Male,1969-06-10,2024-10-10,,UK,Steeleborough,Sales Manager,Sales,,75157,2026-09-07 15:41:39.186659,2026-09-07 15:41:39.186659
E1320,James,Hines,Female,2000-03-04,2018-09-08,,Germany,Brownshire,Software Engineer,Engineering,,81750,2026-09-07 15:41:39.186659,2026-09-07 15:41:39.186659
E1321,Russell,Hawkins,Female,1984-07-24,2016-06-02,2017-06-09,Germany,Mariofurt,Software Engineer,Engineering,,127955,2026-09-07 15:41:39.186659,2026-09-07 15:41:39.186659
E1322,Jacqueline,Gonzalez,Non-binary,2001-03-12,2021-09-25,,Germany,Port Raymondfurt,Support Specialist,Support,,64809,2026-09-07 15:41:39.186659,2026-09-07 15:41:39.186659
E1323,Jeanne,Palmer,Non-binary,1967-07-12,2022-09-11,,Nigeria,Sethview,Sales Manager,Sales,,97134,2026-09-07 15:41:39.186659,2026-09-07 15:41:39.186659
E1324,Jonathon,Rodriguez,Non-binary,1966-11-13,2021-07-14,,Nigeria,Dianaport,Product Manager,Product,,131821,2026-09-07 15:41:39.186659,2026-09-07 15:41:39.186659
E1325,Linda,Bender,Female,1974-09-16,2021-06-20,,Canada,New Josephchester,Sales Manager,Sales,,104321,2026-09-07 15:41:39.186659,2026-09-07 15:41:39.186659
E1326,Stanley,Thomas,Male,1987-08-31,2016-10-20,,UK,East Jacquelinehaven,Finance Analyst,Finance,,76985,2026-09-07 15:41:39.186659,2026-09-07 15:41:39.186659
E1327,Andrew,Wise,Female,1974-03-21,2019-08-13,,India,East Allison,Finance Analyst,Finance,,68465,2026-09-07 15:41:39.186659,2026-09-07 15:41:39.186659
E1328,Ricardo,Murillo,Non-binary,1986-08-10,2023-11-10,,Nigeria,Jenniferland,Product Manager,Product,,107338,2026-09-07 15:41:39.186659,2026-09-07 15:41:39.186659
E1329,Melissa,Lynch,Male,1995-03-14,2021-03-15,,USA,Brianside,Software Engineer,Engineering,,92737,2026-09-07 15:41:39.186659,2026-09-07 15:41:39.186659
E1330,Catherine,Austin,Non-binary,1978-09-30,2022-04-25,,UK,Vanessamouth,Product Manager,Product,,94785,2026-09-07 15:41:39.186659,2026-09-07 15:41:39.186659
E1331,John,Fisher,Female,1974-12-31,2022-12-03,,USA,West Jasmine,Product Manager,Product,,112250,2026-09-07 15:41:39.186659,2026-09-07 15:41:39.186659
E1332,Patricia,Miller,Non-binary,1990-01-29,2018-03-30,,UK,Dickersonview,Support Specialist,Support,,63508,2026-09-07 15:41:39.186659,2026-09-07 15:41:39.186659
E1333,Katie,Skinner,Male,1969-10-26,2016-05-13,,India,Daviston,Support Specialist,Support,,69731,2026-09-07 15:41:39.186659,2026-09-07 15:41:39.186659
E1334,Rodney,Mills,Female,1996-02-19,2025-02-03,,Canada,Suttonmouth,Support Specialist,Support,,51261,2026-09-07 15:41:39.186659,2026-09-07 15:41:39.186659
E1335,Mary,Ray,Female,1970-07-25,2025-07-11,,India,Millerborough,Sales Manager,Sales,,75572,2026-09-07 15:41:39.186659,2026-09-07 15:41:39.186659
E1336,Cynthia,Vaughn,Male,1971-03-10,2022-11-01,2026-07-30,Nigeria,Markfort,HR Specialist,HR,,74591,2026-09-07 15:41:39.186659,2026-09-07 15:41:39.186659
E1337,Cheryl,Tanner,Non-binary,1967-01-01,2022-09-02,,Canada,West David,Software Engineer,Engineering,,102520,2026-09-07 15:41:39.186659,2026-09-07 15:41:39.186659
E1338,Laurie,Duran,Non-binary,1969-06-10,2022-09-10,,Germany,Port Donald,HR Specialist,HR,,77125,2026-09-07 15:41:39.186659,2026-09-07 15:41:39.186659
E1339,Daniel,Acevedo,Non-binary,1973-01-19,2024-06-19,,Germany,Kathleenshire,Software Engineer,Engineering,,122766,2026-09-07 15:41:39.186659,2026-09-07 15:41:39.186659
E1340,Alexandra,Stout,Non-binary,1980-02-11,2024-02-13,,UK,Jasonmouth,Finance Analyst,Finance,,60011,2026-09-07 15:41:39.186659,2026-09-07 15:41:39.186659
E1341,Kelly,Jacobson,Male,1969-01-20,2018-03-24,,India,North Mario,Support Specialist,Support,,57325,2026-09-07 15:41:39.186659,2026-09-07 15:41:39.186659
E1342,Kyle,Burch,Male,1994-08-16,2023-10-22,,UK,Lake Peter,Product Manager,Product,,103236,2026-09-07 15:41:39.186659,2026-09-07 15:41:39.186659
E1343,Brandon,Buchanan,Male,2002-09-06,2025-10-21,,UK,Johnburgh,Sales Manager,Sales,,63222,2026-09-07 15:41:39.186659,2026-09-07 15:41:39.186659
E1344,Karl,White,Female,1990-08-17,2026-06-09,,Canada,Port Tony,Support Specialist,Support,,63917,2026-09-07 15:41:39.186659,2026-09-07 15:41:39.186659
E1345,Joshua,Wagner,Non-binary,1988-03-31,2025-12-10,,India,Scottview,Sales Manager,Sales,,70724,2026-09-07 15:41:39.186659,2026-09-07 15:41:39.186659
E1346,Kelly,Branch,Female,1997-11-19,2019-04-16,,Nigeria,New Erinberg,Data Engineer,Data,,101419,2026-09-07 15:41:39.186659,2026-09-07 15:41:39.186659
E1347,Jonathon,Rollins,Male,2000-08-05,2025-05-22,,Nigeria,East Travisville,HR Specialist,HR,,77665,2026-09-07 15:41:39.186659,2026-09-07 15:41:39.186659
E1348,Julie,Wiggins,Male,2002-03-20,2019-10-15,,USA,Ericaview,Data Engineer,Data,,119555,2026-09-07 15:41:39.186659,2026-09-07 15:41:39.186659
E1349,Samantha,Jefferson,Male,2001-05-27,2022-03-04,,Nigeria,Ayersmouth,Support Specialist,Support,,67703,2026-09-07 15:41:39.186659,2026-09-07 15:41:39.186659
E1350,William,Villa,Male,1970-05-04,2023-10-02,,Canada,Port Nicholasfort,Data Engineer,Data,,127370,2026-09-07 15:41:39.186659,2026-09-07 15:41:39.186659
E1351,Heather,Scott,Male,1992-11-19,2021-09-23,,Germany,Hansenmouth,Sales Manager,Sales,,63326,2026-09-07 15:41:39.186659,2026-09-07 15:41:39.186659
E1352,Leroy,Saunders,Female,1980-07-20,2026-02-22,,Nigeria,East Kyle,Data Engineer,Data,,134405,2026-09-07 15:41:39.186659,2026-09-07 15:41:39.186659
E1353,Sara,Simpson,Non-binary,1990-10-06,2017-01-17,,Nigeria,North Billyport,Finance Analyst,Finance,,65408,2026-09-07 15:41:39.186659,2026-09-07 15:41:39.186659
E1354,Michael,Rios,Non-binary,2003-03-18,2016-12-01,2022-03-23,India,Collinsfort,Product Manager,Product,,127336,2026-09-07 15:41:39.186659,2026-09-07 15:41:39.186659
E1355,Vincent,Terry,Male,1989-07-27,2024-02-06,,USA,Port Donaldport,Software Engineer,Engineering,,121306,2026-09-07 15:41:39.186659,2026-09-07 15:41:39.186659
E1356,Mary,Yoder,Female,1971-08-20,2021-12-01,2026-06-16,India,West Jamiebury,Finance Analyst,Finance,,69446,2026-09-07 15:41:39.186659,2026-09-07 15:41:39.186659
E1357,Luis,Ferguson,Non-binary,1990-01-05,2017-05-20,,Canada,South Tiffanychester,Product Manager,Product,,108872,2026-09-07 15:41:39.186659,2026-09-07 15:41:39.186659
E1358,Kim,Williamson,Non-binary,1997-10-08,2016-05-19,,UK,Wilsonfurt,Sales Manager,Sales,,63073,2026-09-07 15:41:39.186659,2026-09-07 15:41:39.186659
E1359,Daniel,Davis,Non-binary,2000-07-04,2018-06-30,,USA,Russoshire,Product Manager,Product,,98895,2026-09-07 15:41:39.186659,2026-09-07 15:41:39.186659
E1360,Catherine,Hendricks,Non-binary,1982-06-30,2018-08-18,2022-05-12,Canada,Sarahburgh,Sales Manager,Sales,,86555,2026-09-07 15:41:39.186659,2026-09-07 15:41:39.186659
E1361,Kayla,Sanders,Male,2001-01-11,2021-09-05,2024-05-25,USA,Elizabethville,HR Specialist,HR,,68770,2026-09-07 15:41:39.186659,2026-09-07 15:41:39.186659
E1362,Olivia,Soto,Non-binary,1984-10-26,2026-07-23,,Nigeria,New Jakeport,Product Manager,Product,,103253,2026-09-07 15:41:39.186659,2026-09-07 15:41:39.186659
E1363,Ryan,Martin,Female,1987-08-30,2025-08-14,,USA,Port Evelynshire,HR Specialist,HR,,75193,2026-09-07 15:41:39.186659,2026-09-07 15:41:39.186659
E1364,Kimberly,Nelson,Female,1985-01-12,2022-06-30,2025-02-17,Nigeria,North Phillipview,Product Manager,Product,,115567,2026-09-07 15:41:39.186659,2026-09-07 15:41:39.186659
E1365,Cesar,Mullins,Non-binary,2004-08-04,2025-06-02,,Germany,Petershire,Finance Analyst,Finance,,70029,2026-09-07 15:41:39.186659,2026-09-07 15:41:39.186659
E1366,James,Olson,Non-binary,2001-08-31,2021-10-28,,Canada,Laurahaven,Support Specialist,Support,,62605,2026-09-07 15:41:39.186659,2026-09-07 15:41:39.186659
E1367,Emma,Tran,Non-binary,2003-07-03,2026-07-20,,Canada,Port Victor,Finance Analyst,Finance,,89708,2026-09-07 15:41:39.186659,2026-09-07 15:41:39.186659
E1368,Nicole,Green,Non-binary,1970-05-13,2022-06-25,,Germany,Michaelville,Support Specialist,Support,,56104,2026-09-07 15:41:39.186659,2026-09-07 15:41:39.186659
E1369,Chelsea,Fitzgerald,Male,1990-11-20,2025-07-18,,Nigeria,New Jessica,Sales Manager,Sales,,108020,2026-09-07 15:41:39.186659,2026-09-07 15:41:39.186659
E1370,Keith,Hamilton,Female,1973-11-10,2016-04-26,,Germany,Josephfort,Finance Analyst,Finance,,69743,2026-09-07 15:41:39.186659,2026-09-07 15:41:39.186659
E1371,Crystal,Hughes,Female,2000-02-08,2025-08-12,,Nigeria,Richardsonborough,Product Manager,Product,,133122,2026-09-07 15:41:39.186659,2026-09-07 15:41:39.186659
E1372,Christina,Scott,Female,1979-12-16,2025-02-26,,Germany,Davisborough,HR Specialist,HR,,72345,2026-09-07 15:41:39.186659,2026-09-07 15:41:39.186659
E1373,Jonathan,Hall,Male,1983-08-30,2024-12-03,,Germany,Elizabethview,Software Engineer,Engineering,,125163,2026-09-07 15:41:39.186659,2026-09-07 15:41:39.186659
E1374,Brendan,Love,Female,1997-03-04,2019-03-01,,USA,Williamsonside,Data Engineer,Data,,91485,2026-09-07 15:41:39.186659,2026-09-07 15:41:39.186659
E1375,Devin,Turner,Male,1994-06-03,2026-09-03,,USA,Jacksonfort,Product Manager,Product,,123668,2026-09-07 15:41:39.186659,2026-09-07 15:41:39.186659
E1376,David,Boyer,Female,1989-05-12,2016-10-01,,USA,Murphybury,Product Manager,Product,,124171,2026-09-07 15:41:39.186659,2026-09-07 15:41:39.186659
E1377,Sharon,Miller,Non-binary,1973-09-07,2026-02-16,,USA,Lake Nicolehaven,Data Engineer,Data,,111747,2026-09-07 15:41:39.186659,2026-09-07 15:41:39.186659
E1378,Eric,Diaz,Female,1982-07-09,2020-12-02,,UK,Kellyside,Software Engineer,Engineering,,100077,2026-09-07 15:41:39.186659,2026-09-07 15:41:39.186659
E1379,Kathryn,Castro,Non-binary,1984-05-07,2020-11-02,,USA,West Richardchester,Sales Manager,Sales,,75536,2026-09-07 15:41:39.186659,2026-09-07 15:41:39.186659
E1380,Megan,Lawson,Non-binary,1973-05-04,2017-03-07,,India,Ashleytown,Data Engineer,Data,,134832,2026-09-07 15:41:39.186659,2026-09-07 15:41:39.186659
E1381,Brenda,Christensen,Non-binary,1985-10-29,2017-05-28,,Nigeria,Kathyfort,Support Specialist,Support,,60879,2026-09-07 15:41:39.186659,2026-09-07 15:41:39.186659
E1382,Judy,Oconnor,Female,1991-07-24,2021-05-24,,India,Christineberg,Software Engineer,Engineering,,109391,2026-09-07 15:41:39.186659,2026-09-07 15:41:39.186659
E1383,Kathryn,Miller,Non-binary,1988-02-09,2016-03-05,,UK,Lake Jamestown,Finance Analyst,Finance,,84811,2026-09-07 15:41:39.186659,2026-09-07 15:41:39.186659
E1384,Brett,Diaz,Female,1978-07-25,2016-01-04,,India,Robertsburgh,Finance Analyst,Finance,,65895,2026-09-07 15:41:39.186659,2026-09-07 15:41:39.186659
E1385,Charles,Diaz,Non-binary,1991-05-27,2023-11-14,,Nigeria,Port Daltonbury,Data Engineer,Data,,90436,2026-09-07 15:41:39.186659,2026-09-07 15:41:39.186659
E1386,Claire,White,Female,1997-09-02,2025-03-10,,UK,South Courtneyburgh,Support Specialist,Support,,68908,2026-09-07 15:41:39.186659,2026-09-07 15:41:39.186659
E1387,April,Henderson,Non-binary,1995-11-02,2025-05-14,,Nigeria,Wilsonfurt,Data Engineer,Data,,115175,2026-09-07 15:41:39.186659,2026-09-07 15:41:39.186659
E1388,Jonathan,Acosta,Male,1993-12-05,2025-08-23,,Germany,Burgessburgh,Product Manager,Product,,124752,2026-09-07 15:41:39.186659,2026-09-07 15:41:39.186659
E1389,Christopher,Castillo,Male,1974-08-02,2024-12-19,,Germany,Lukechester,Support Specialist,Support,,51044,2026-09-07 15:41:39.186659,2026-09-07 15:41:39.186659
E1390,Cheryl,White,Non-binary,1993-12-05,2025-09-15,,Canada,New Alexanderburgh,Software Engineer,Engineering,,84677,2026-09-07 15:41:39.186659,2026-09-07 15:41:39.186659
E1391,Robert,Lyons,Male,1983-01-24,2024-04-07,,UK,Thomasshire,Support Specialist,Support,,66284,2026-09-07 15:41:39.186659,2026-09-07 15:41:39.186659
E1392,Teresa,Bailey,Male,2002-07-28,2017-09-10,,Germany,New Bradleyberg,Support Specialist,Support,,54260,2026-09-07 15:41:39.186659,2026-09-07 15:41:39.186659
E1393,Michaela,Smith,Male,1998-09-14,2020-01-29,,UK,Perryborough,Sales Manager,Sales,,88417,2026-09-07 15:41:39.186659,2026-09-07 15:41:39.186659
E1394,Corey,Morton,Female,1966-10-21,2024-10-28,,Canada,Kristenland,Product Manager,Product,,139656,2026-09-07 15:41:39.186659,2026-09-07 15:41:39.186659
E1395,Kristen,Barton,Non-binary,1968-11-15,2025-04-03,,USA,Williamsmouth,Sales Manager,Sales,,87227,2026-09-07 15:41:39.186659,2026-09-07 15:41:39.186659
E1396,Christopher,Rogers,Female,1990-12-18,2021-03-18,2023-11-15,UK,Brownton,Finance Analyst,Finance,,57906,2026-09-07 15:41:39.186659,2026-09-07 15:41:39.186659
E1397,Cole,Ward,Non-binary,1995-11-14,2022-03-13,,USA,West Brucebury,Support Specialist,Support,,53543,2026-09-07 15:41:39.186659,2026-09-07 15:41:39.186659
E1398,Rodney,Weaver,Female,1969-04-25,2022-03-08,2025-10-24,Germany,East Teresaborough,Product Manager,Product,,106638,2026-09-07 15:41:39.186659,2026-09-07 15:41:39.186659
E1399,Joshua,Campbell,Male,1985-10-31,2017-10-26,,Nigeria,Torresview,Software Engineer,Engineering,,96626,2026-09-07 15:41:39.186659,2026-09-07 15:41:39.186659
E1400,Jermaine,Harding,Female,1995-06-12,2017-06-09,,USA,Port Samantha,Finance Analyst,Finance,,86596,2026-09-07 15:41:39.186659,2026-09-07 15:41:39.186659
E1401,Erik,Glenn,Male,1978-10-17,2016-12-04,2021-12-10,Germany,Johnsonside,Software Engineer,Engineering,,125932,2026-09-07 15:41:39.186659,2026-09-07 15:41:39.186659
E1402,Emily,Baker,Female,1996-05-19,2024-07-20,,Germany,West Meghanview,Support Specialist,Support,,40805,2026-09-07 15:41:39.186659,2026-09-07 15:41:39.186659
E1403,Jesus,Bradford,Female,1970-12-25,2021-03-14,,Canada,Brentbury,Software Engineer,Engineering,,122691,2026-09-07 15:41:39.186659,2026-09-07 15:41:39.186659
E1404,Laura,Hernandez,Male,1982-06-20,2022-01-03,,Germany,Marvinchester,Support Specialist,Support,,61582,2026-09-07 15:41:39.186659,2026-09-07 15:41:39.186659
E1405,Danielle,Fields,Female,1997-02-06,2021-12-22,,India,East Geraldmouth,Product Manager,Product,,100042,2026-09-07 15:41:39.186659,2026-09-07 15:41:39.186659
E1406,Crystal,Good,Non-binary,1994-06-06,2017-04-03,,India,New Maryshire,Support Specialist,Support,,45733,2026-09-07 15:41:39.186659,2026-09-07 15:41:39.186659
E1407,Ashley,Foster,Non-binary,1993-03-07,2016-10-22,2021-03-04,Canada,Jonathanside,Support Specialist,Support,,48439,2026-09-07 15:41:39.186659,2026-09-07 15:41:39.186659
E1408,Richard,White,Male,1977-11-20,2018-07-10,,Canada,East Davidhaven,HR Specialist,HR,,78180,2026-09-07 15:41:39.186659,2026-09-07 15:41:39.186659
E1409,Justin,Hall,Female,1983-08-17,2022-02-18,2025-04-14,India,West Cathychester,Support Specialist,Support,,58947,2026-09-07 15:41:39.186659,2026-09-07 15:41:39.186659
E1410,Morgan,Cox,Male,1972-05-19,2023-04-24,,USA,Port James,Support Specialist,Support,,48498,2026-09-07 15:41:39.186659,2026-09-07 15:41:39.186659
E1411,Derek,Terry,Female,1974-05-29,2019-02-02,,USA,West Terriside,Sales Manager,Sales,,76136,2026-09-07 15:41:39.186659,2026-09-07 15:41:39.186659
E1412,Penny,Williams,Non-binary,1979-03-22,2022-11-13,,Canada,Katherineshire,Product Manager,Product,,99706,2026-09-07 15:41:39.186659,2026-09-07 15:41:39.186659
E1413,Michael,Williams,Male,1999-03-09,2023-09-27,,Nigeria,South Jasonmouth,Finance Analyst,Finance,,86009,2026-09-07 15:41:39.186659,2026-09-07 15:41:39.186659
E1414,Craig,Marks,Non-binary,2003-05-30,2023-01-11,2025-01-04,Nigeria,Vincentmouth,Data Engineer,Data,,127871,2026-09-07 15:41:39.186659,2026-09-07 15:41:39.186659
E1415,Kenneth,Williams,Female,1984-08-24,2023-05-10,2025-07-29,UK,Saraville,Data Engineer,Data,,89538,2026-09-07 15:41:39.186659,2026-09-07 15:41:39.186659
E1416,Megan,Peters,Female,1971-02-18,2021-07-23,,Germany,Chrisborough,Software Engineer,Engineering,,117144,2026-09-07 15:41:39.186659,2026-09-07 15:41:39.186659
E1417,Cathy,Austin,Male,1973-04-29,2022-04-17,2024-08-13,Nigeria,Watsonland,Product Manager,Product,,106095,2026-09-07 15:41:39.186659,2026-09-07 15:41:39.186659
E1418,Antonio,Carroll,Female,1982-02-01,2018-08-06,2021-01-04,USA,Contrerasberg,HR Specialist,HR,,57499,2026-09-07 15:41:39.186659,2026-09-07 15:41:39.186659
E1419,Vincent,Gates,Non-binary,1985-08-18,2016-06-25,,Germany,Murphyburgh,Sales Manager,Sales,,60366,2026-09-07 15:41:39.186659,2026-09-07 15:41:39.186659
E1420,Megan,Hernandez,Female,1970-10-14,2021-04-14,,Canada,Amyland,Support Specialist,Support,,54965,2026-09-07 15:41:39.186659,2026-09-07 15:41:39.186659
E1421,William,Boyd,Female,1982-07-08,2022-10-17,,India,Lake Shawnmouth,Product Manager,Product,,93167,2026-09-07 15:41:39.186659,2026-09-07 15:41:39.186659
E1422,David,White,Non-binary,1982-09-22,2024-11-25,,USA,Martinland,Software Engineer,Engineering,,101666,2026-09-07 15:41:39.186659,2026-09-07 15:41:39.186659
E1423,Derek,Woods,Non-binary,1973-09-07,2020-02-19,,Nigeria,New Jennyland,Software Engineer,Engineering,,104866,2026-09-07 15:41:39.186659,2026-09-07 15:41:39.186659
E1424,Justin,Hudson,Non-binary,2000-03-04,2022-10-25,2025-07-26,Canada,South Laurieland,Sales Manager,Sales,,84066,2026-09-07 15:41:39.186659,2026-09-07 15:41:39.186659
E1425,Joshua,Campbell,Male,1978-09-23,2018-08-25,,India,Hughesstad,Support Specialist,Support,,42822,2026-09-07 15:41:39.186659,2026-09-07 15:41:39.186659
E1426,Joseph,Townsend,Male,1975-06-10,2022-07-18,,India,Anaborough,Sales Manager,Sales,,82102,2026-09-07 15:41:39.186659,2026-09-07 15:41:39.186659
E1427,Kevin,Romero,Female,1991-07-31,2025-08-27,,UK,Johnsonstad,Product Manager,Product,,137322,2026-09-07 15:41:39.186659,2026-09-07 15:41:39.186659
E1428,Cody,Ochoa,Male,1988-03-29,2025-02-15,,Canada,North Jamie,Software Engineer,Engineering,,119833,2026-09-07 15:41:39.186659,2026-09-07 15:41:39.186659
E1429,Tara,Mclaughlin,Female,1976-04-15,2023-10-29,,USA,North Mark,Data Engineer,Data,,117693,2026-09-07 15:41:39.186659,2026-09-07 15:41:39.186659
E1430,Steven,Jacobs,Female,1984-03-19,2022-10-04,2025-11-10,Canada,Thomasmouth,HR Specialist,HR,,67877,2026-09-07 15:41:39.186659,2026-09-07 15:41:39.186659
E1431,Ivan,Wilson,Male,1975-04-24,2025-07-07,,USA,Port Lori,Sales Manager,Sales,,84628,2026-09-07 15:41:39.186659,2026-09-07 15:41:39.186659
E1432,John,Elliott,Female,2002-12-26,2016-09-10,2021-09-15,USA,New Jason,Sales Manager,Sales,,95385,2026-09-07 15:41:39.186659,2026-09-07 15:41:39.186659
E1433,Kristi,Williams,Male,1995-02-20,2017-09-01,2020-08-01,India,West Andrea,Support Specialist,Support,,54174,2026-09-07 15:41:39.186659,2026-09-07 15:41:39.186659
E1434,Thomas,Keller,Non-binary,1976-07-05,2026-08-21,,Canada,Jeffreystad,Data Engineer,Data,,124561,2026-09-07 15:41:39.186659,2026-09-07 15:41:39.186659
E1435,Ryan,Hernandez,Female,1985-10-11,2022-03-09,,USA,Patelstad,Support Specialist,Support,,40892,2026-09-07 15:41:39.186659,2026-09-07 15:41:39.186659
E1436,Craig,Levine,Male,1976-01-13,2023-03-16,2025-01-13,Germany,Lynchshire,Data Engineer,Data,,120283,2026-09-07 15:41:39.186659,2026-09-07 15:41:39.186659
E1437,Susan,Bell,Male,1981-06-28,2018-01-01,2021-05-07,UK,Jonathanburgh,Sales Manager,Sales,,61889,2026-09-07 15:41:39.186659,2026-09-07 15:41:39.186659
E1438,Claire,Sims,Female,1985-10-30,2021-05-11,,India,Robinsonshire,Product Manager,Product,,105383,2026-09-07 15:41:39.186659,2026-09-07 15:41:39.186659
E1439,Erin,Christian,Male,1973-06-03,2025-07-07,,India,Vargasport,HR Specialist,HR,,71460,2026-09-07 15:41:39.186659,2026-09-07 15:41:39.186659
E1440,Rodney,Hernandez,Non-binary,1982-03-26,2016-05-21,,India,New Lesliefurt,Software Engineer,Engineering,,112253,2026-09-07 15:41:39.186659,2026-09-07 15:41:39.186659
E1441,Elizabeth,Morton,Female,1992-02-16,2020-01-24,2022-09-12,Germany,Douglashaven,Product Manager,Product,,115896,2026-09-07 15:41:39.186659,2026-09-07 15:41:39.186659
E1442,Adriana,Barnes,Non-binary,1985-06-13,2017-05-01,,USA,Franciscoton,Support Specialist,Support,,47086,2026-09-07 15:41:39.186659,2026-09-07 15:41:39.186659
E1443,Aaron,Dawson,Male,1991-12-18,2022-02-16,2025-12-22,India,Lake Matthew,Product Manager,Product,,137260,2026-09-07 15:41:39.186659,2026-09-07 15:41:39.186659
E1444,Andrea,Gill,Female,1992-08-17,2021-01-17,,Canada,Timothyberg,Finance Analyst,Finance,,62918,2026-09-07 15:41:39.186659,2026-09-07 15:41:39.186659
E1445,Mark,Garcia,Male,1976-11-01,2021-12-31,,Germany,Stephenborough,Data Engineer,Data,,95700,2026-09-07 15:41:39.186659,2026-09-07 15:41:39.186659
E1446,Sandra,Doyle,Female,1998-12-11,2019-11-09,,Canada,Seanstad,Sales Manager,Sales,,80463,2026-09-07 15:41:39.186659,2026-09-07 15:41:39.186659
E1447,Aimee,Brown,Non-binary,1996-04-24,2020-11-10,,UK,Frankchester,Software Engineer,Engineering,,101731,2026-09-07 15:41:39.186659,2026-09-07 15:41:39.186659
E1448,James,Byrd,Non-binary,1979-03-18,2021-11-15,,Germany,Lake Ashleychester,HR Specialist,HR,,58581,2026-09-07 15:41:39.186659,2026-09-07 15:41:39.186659
E1449,Brenda,Miller,Female,1985-06-01,2024-02-15,,Canada,Reedmouth,Support Specialist,Support,,58686,2026-09-07 15:41:39.186659,2026-09-07 15:41:39.186659
E1450,Sabrina,Green,Male,1988-08-27,2023-03-30,,UK,Crystaltown,Sales Manager,Sales,,73444,2026-09-07 15:41:39.186659,2026-09-07 15:41:39.186659
E1451,John,Richardson,Male,1984-12-27,2024-09-19,,Canada,East Sharon,Data Engineer,Data,,103730,2026-09-07 15:41:39.186659,2026-09-07 15:41:39.186659
E1452,Rebecca,Nash,Female,1994-12-29,2021-08-02,2025-05-08,UK,Samanthachester,Finance Analyst,Finance,,62676,2026-09-07 15:41:39.186659,2026-09-07 15:41:39.186659
E1453,Michael,Ortiz,Male,1981-09-27,2026-06-28,,UK,Port Debbie,Sales Manager,Sales,,85586,2026-09-07 15:41:39.186659,2026-09-07 15:41:39.186659
E1454,Amy,Aguilar,Male,1978-09-14,2026-07-29,,Canada,Port Jason,Support Specialist,Support,,44343,2026-09-07 15:41:39.186659,2026-09-07 15:41:39.186659
E1455,Billy,Schultz,Non-binary,2003-07-24,2018-10-28,,India,East Sabrina,Product Manager,Product,,100080,2026-09-07 15:41:39.186659,2026-09-07 15:41:39.186659
E1456,Nicole,Bryant,Non-binary,1979-02-21,2022-05-15,,Nigeria,East Matthew,Finance Analyst,Finance,,85483,2026-09-07 15:41:39.186659,2026-09-07 15:41:39.186659
E1457,Jodi,Thompson,Female,1977-10-29,2023-07-31,,USA,Port Savannah,Data Engineer,Data,,108839,2026-09-07 15:41:39.186659,2026-09-07 15:41:39.186659
E1458,Jacob,Burnett,Non-binary,1986-06-13,2017-05-15,,India,Christopherbury,Software Engineer,Engineering,,116717,2026-09-07 15:41:39.186659,2026-09-07 15:41:39.186659
E1459,Danielle,Bryant,Non-binary,1985-01-12,2025-03-14,,Canada,New Douglasfurt,Product Manager,Product,,139887,2026-09-07 15:41:39.186659,2026-09-07 15:41:39.186659
E1460,Martin,Anderson,Female,2002-06-20,2022-09-23,,Canada,Port Stephen,Sales Manager,Sales,,98988,2026-09-07 15:41:39.186659,2026-09-07 15:41:39.186659
E1461,Ryan,Williams,Non-binary,2002-10-07,2020-11-07,,Canada,Nelsonport,Data Engineer,Data,,99254,2026-09-07 15:41:39.186659,2026-09-07 15:41:39.186659
E1462,Peter,Hernandez,Female,1974-01-14,2025-08-29,,Canada,Harrisonshire,Software Engineer,Engineering,,102776,2026-09-07 15:41:39.186659,2026-09-07 15:41:39.186659
E1463,Wayne,Cole,Male,1970-03-27,2026-01-13,,India,New Elizabethport,Product Manager,Product,,105794,2026-09-07 15:41:39.186659,2026-09-07 15:41:39.186659
E1464,Roy,Duncan,Male,1982-11-30,2022-10-23,,USA,West Jacquelinechester,HR Specialist,HR,,68852,2026-09-07 15:41:39.186659,2026-09-07 15:41:39.186659
E1465,Jeremy,Patton,Male,1973-03-16,2021-03-30,,India,Adamfurt,Finance Analyst,Finance,,75344,2026-09-07 15:41:39.186659,2026-09-07 15:41:39.186659
E1466,Alexander,Richmond,Male,1976-08-28,2017-02-09,,India,Moralestown,Software Engineer,Engineering,,112082,2026-09-07 15:41:39.186659,2026-09-07 15:41:39.186659
E1467,Ronald,Richards,Male,1977-07-24,2020-08-03,,UK,South Garyborough,Support Specialist,Support,,40622,2026-09-07 15:41:39.186659,2026-09-07 15:41:39.186659
E1468,Steven,Jackson,Non-binary,1969-11-14,2022-11-18,,Canada,North Jennifer,Support Specialist,Support,,64695,2026-09-07 15:41:39.186659,2026-09-07 15:41:39.186659
E1469,Charles,Alexander,Non-binary,1970-05-23,2026-06-29,,Canada,South Randy,Data Engineer,Data,,106232,2026-09-07 15:41:39.186659,2026-09-07 15:41:39.186659
E1470,Abigail,George,Female,1985-06-17,2024-02-15,,Canada,Jeannefort,Software Engineer,Engineering,,111722,2026-09-07 15:41:39.186659,2026-09-07 15:41:39.186659
E1471,Patrick,Gonzalez,Non-binary,1981-11-05,2018-12-13,,Germany,New Paul,Sales Manager,Sales,,85450,2026-09-07 15:41:39.186659,2026-09-07 15:41:39.186659
E1472,Lori,Vargas,Non-binary,2001-05-19,2023-12-19,,UK,North Darrellfort,HR Specialist,HR,,63513,2026-09-07 15:41:39.186659,2026-09-07 15:41:39.186659
E1473,Gina,Stout,Non-binary,1971-06-02,2023-06-17,,Germany,Lake Jeff,Sales Manager,Sales,,85470,2026-09-07 15:41:39.186659,2026-09-07 15:41:39.186659
E1474,Christopher,French,Non-binary,1992-08-11,2021-06-05,,Nigeria,Brendafurt,HR Specialist,HR,,70770,2026-09-07 15:41:39.186659,2026-09-07 15:41:39.186659
E1475,Spencer,Bell,Non-binary,1984-05-18,2016-03-22,,Nigeria,Lake Garyfurt,Product Manager,Product,,104558,2026-09-07 15:41:39.186659,2026-09-07 15:41:39.186659
E1476,Johnny,Taylor,Non-binary,1979-07-16,2025-04-11,,UK,North William,Software Engineer,Engineering,,106679,2026-09-07 15:41:39.186659,2026-09-07 15:41:39.186659
E1477,Darren,Stewart,Male,1982-04-22,2020-06-20,,USA,Ferrellshire,Support Specialist,Support,,55663,2026-09-07 15:41:39.186659,2026-09-07 15:41:39.186659
E1478,Kristin,Anderson,Non-binary,1990-09-26,2020-04-16,,USA,Melissaside,Sales Manager,Sales,,95273,2026-09-07 15:41:39.186659,2026-09-07 15:41:39.186659
E1479,Denise,Williams,Non-binary,1993-08-24,2018-02-10,,India,Howelltown,Sales Manager,Sales,,94646,2026-09-07 15:41:39.186659,2026-09-07 15:41:39.186659
E1480,Sheila,Castillo,Non-binary,1967-08-19,2016-07-02,,Nigeria,Pamelaland,Data Engineer,Data,,98626,2026-09-07 15:41:39.186659,2026-09-07 15:41:39.186659
E1481,John,Francis,Female,1993-01-30,2019-10-13,,USA,East Oliviahaven,Sales Manager,Sales,,71772,2026-09-07 15:41:39.186659,2026-09-07 15:41:39.186659
E1482,Stacey,Pearson,Male,1981-08-29,2017-11-07,,Germany,Matthewstad,Sales Manager,Sales,,98204,2026-09-07 15:41:39.186659,2026-09-07 15:41:39.186659
E1483,April,Martinez,Female,2000-09-18,2016-08-11,,Canada,Russelltown,Finance Analyst,Finance,,74999,2026-09-07 15:41:39.186659,2026-09-07 15:41:39.186659
E1484,Jason,Barber,Non-binary,1995-01-03,2022-07-25,2026-04-14,Germany,Coxborough,Finance Analyst,Finance,,62952,2026-09-07 15:41:39.186659,2026-09-07 15:41:39.186659
E1485,Daniel,Boyer,Female,1978-12-23,2024-06-01,,Nigeria,New Paultown,Data Engineer,Data,,107398,2026-09-07 15:41:39.186659,2026-09-07 15:41:39.186659
E1486,Cheryl,Sanchez,Non-binary,1978-11-22,2018-04-14,2019-04-23,India,Jenniferchester,Support Specialist,Support,,60238,2026-09-07 15:41:39.186659,2026-09-07 15:41:39.186659
E1487,Joseph,Arias,Female,1973-04-30,2026-04-29,,USA,West Calebhaven,Software Engineer,Engineering,,127585,2026-09-07 15:41:39.186659,2026-09-07 15:41:39.186659
E1488,April,Lewis,Non-binary,1997-02-24,2018-03-15,2019-07-19,UK,Tuckerbury,Data Engineer,Data,,100984,2026-09-07 15:41:39.186659,2026-09-07 15:41:39.186659
E1489,Tanya,Hood,Female,1982-03-05,2024-04-11,,India,Smithside,Product Manager,Product,,90384,2026-09-07 15:41:39.186659,2026-09-07 15:41:39.186659
E1490,Frederick,Carpenter,Non-binary,1998-10-27,2021-11-02,,Nigeria,Danaburgh,Product Manager,Product,,111807,2026-09-07 15:41:39.186659,2026-09-07 15:41:39.186659
E1491,Mary,Salazar,Male,1988-11-05,2021-06-14,,UK,Louisport,Support Specialist,Support,,57128,2026-09-07 15:41:39.186659,2026-09-07 15:41:39.186659
E1492,Maria,Miller,Female,1983-04-26,2019-06-08,2021-04-10,India,Lake Regina,HR Specialist,HR,,79322,2026-09-07 15:41:39.186659,2026-09-07 15:41:39.186659
E1493,Amy,Gonzalez,Female,1989-12-05,2016-10-29,,Canada,Davisberg,Finance Analyst,Finance,,86160,2026-09-07 15:41:39.186659,2026-09-07 15:41:39.186659
E1494,Ashley,Castro,Non-binary,1993-12-19,2021-08-22,2023-09-22,USA,Rodriguezside,Data Engineer,Data,,94974,2026-09-07 15:41:39.186659,2026-09-07 15:41:39.186659
E1495,Sherri,Harris,Male,1984-10-28,2016-03-21,,UK,Monroetown,Support Specialist,Support,,48770,2026-09-07 15:41:39.186659,2026-09-07 15:41:39.186659
E1496,Christopher,Mcdonald,Non-binary,1995-04-15,2016-03-16,2017-01-02,Germany,West Bryan,Product Manager,Product,,119177,2026-09-07 15:41:39.186659,2026-09-07 15:41:39.186659
E1497,Dawn,Clark,Male,1967-04-15,2024-03-11,2025-11-03,India,Spencertown,Data Engineer,Data,,133871,2026-09-07 15:41:39.186659,2026-09-07 15:41:39.186659
E1498,Robert,Olson,Male,1985-12-12,2017-01-09,,UK,Tammytown,HR Specialist,HR,,66705,2026-09-07 15:41:39.186659,2026-09-07 15:41:39.186659
E1499,Patrick,Archer,Non-binary,1996-08-23,2021-11-12,,UK,Smithview,Finance Analyst,Finance,,67782,2026-09-07 15:41:39.186659,2026-09-07 15:41:39.186659
E1500,Richard,Dudley,Non-binary,2000-05-16,2016-01-02,2018-02-16,USA,South Sheryltown,Product Manager,Product,,99913,2026-09-07 15:41:39.186659,2026-09-07 15:41:39.186659
E1501,Daniel,Yoder,Male,2001-04-29,2017-05-17,,UK,Villabury,Data Engineer,Data,,119472,2026-09-07 15:41:39.186659,2026-09-07 15:41:39.186659
E1502,Ashley,Cox,Male,1966-11-13,2026-05-07,,UK,Lake Kristenville,Support Specialist,Support,,61301,2026-09-07 15:41:39.186659,2026-09-07 15:41:39.186659
E1503,Karen,Rodriguez,Non-binary,1981-08-12,2019-10-08,,Germany,Grayside,Software Engineer,Engineering,,92435,2026-09-07 15:41:39.186659,2026-09-07 15:41:39.186659
E1504,Adam,Martin,Non-binary,1981-11-30,2018-12-06,2019-07-30,India,Jamesberg,Finance Analyst,Finance,,73066,2026-09-07 15:41:39.186659,2026-09-07 15:41:39.186659
E1505,Jeffrey,Mcdonald,Non-binary,1996-05-27,2025-06-15,,Nigeria,Dianeside,Data Engineer,Data,,109831,2026-09-07 15:41:39.186659,2026-09-07 15:41:39.186659
E1506,Leah,Walsh,Non-binary,1995-09-27,2019-11-28,,Canada,Taylorborough,HR Specialist,HR,,66258,2026-09-07 15:41:39.186659,2026-09-07 15:41:39.186659
E1507,Kyle,Gill,Non-binary,2004-09-05,2017-07-25,2019-01-14,USA,East Richard,Data Engineer,Data,,85192,2026-09-07 15:41:39.186659,2026-09-07 15:41:39.186659
E1508,Laurie,Taylor,Female,1976-01-02,2024-09-10,,Germany,Lauraside,HR Specialist,HR,,73088,2026-09-07 15:41:39.186659,2026-09-07 15:41:39.186659
E1509,Timothy,Newman,Non-binary,1992-07-18,2016-02-19,,Canada,Joneston,Support Specialist,Support,,41719,2026-09-07 15:41:39.186659,2026-09-07 15:41:39.186659
E1510,Christine,Terry,Female,2000-04-02,2022-11-21,,USA,Davismouth,Product Manager,Product,,112898,2026-09-07 15:41:39.186659,2026-09-07 15:41:39.186659
E1511,Susan,Jones,Female,1970-05-22,2017-02-26,,India,Sabrinashire,Product Manager,Product,,114860,2026-09-07 15:41:39.186659,2026-09-07 15:41:39.186659
E1512,Katherine,Johnson,Female,1982-12-10,2019-10-25,,USA,South Nathanfurt,Product Manager,Product,,120583,2026-09-07 15:41:39.186659,2026-09-07 15:41:39.186659
E1513,Kimberly,Wallace,Female,1987-07-07,2026-04-04,,Germany,Charlottemouth,HR Specialist,HR,,69808,2026-09-07 15:41:39.186659,2026-09-07 15:41:39.186659
E1514,Brandon,Hensley,Female,1974-05-15,2025-05-19,2026-08-01,Canada,Desireeburgh,HR Specialist,HR,,79120,2026-09-07 15:41:39.186659,2026-09-07 15:41:39.186659
E1515,Jason,Rogers,Male,1975-07-02,2017-01-28,,Germany,East Kaylee,Product Manager,Product,,99867,2026-09-07 15:41:39.186659,2026-09-07 15:41:39.186659
E1516,Wesley,Davis,Male,1976-07-20,2025-10-14,,USA,South Ricky,Support Specialist,Support,,68235,2026-09-07 15:41:39.186659,2026-09-07 15:41:39.186659
E1517,Brooke,Martinez,Male,1988-11-06,2016-09-18,,India,West Prestonbury,Finance Analyst,Finance,,65961,2026-09-07 15:41:39.186659,2026-09-07 15:41:39.186659
E1518,Mary,White,Female,1996-02-18,2024-11-11,,UK,Toniport,Data Engineer,Data,,130940,2026-09-07 15:41:39.186659,2026-09-07 15:41:39.186659
E1519,Chad,Lane,Non-binary,1968-01-09,2021-09-27,,Germany,Paigeburgh,Finance Analyst,Finance,,88727,2026-09-07 15:41:39.186659,2026-09-07 15:41:39.186659
E1520,Kelly,Frank,Male,2003-04-20,2026-02-28,,UK,Lorichester,Software Engineer,Engineering,,126742,2026-09-07 15:41:39.186659,2026-09-07 15:41:39.186659
E1521,Gregory,Mcgee,Male,1987-06-04,2026-02-03,,Germany,New James,HR Specialist,HR,,50959,2026-09-07 15:41:39.186659,2026-09-07 15:41:39.186659
E1522,Jennifer,Diaz,Female,2001-03-21,2017-03-17,,UK,Lake Jamesmouth,Product Manager,Product,,103022,2026-09-07 15:41:39.186659,2026-09-07 15:41:39.186659
E1523,Chad,Johnson,Male,1975-09-14,2017-10-18,,Germany,North Monica,Support Specialist,Support,,64555,2026-09-07 15:41:39.186659,2026-09-07 15:41:39.186659
E1524,Shannon,Smith,Female,1974-04-12,2016-09-15,2018-05-16,Nigeria,Ricardomouth,Finance Analyst,Finance,,88409,2026-09-07 15:41:39.186659,2026-09-07 15:41:39.186659
E1525,Joyce,Church,Female,1996-11-11,2018-10-04,2022-09-01,UK,Port Sheila,Finance Analyst,Finance,,84580,2026-09-07 15:41:39.186659,2026-09-07 15:41:39.186659
E1526,Eric,Hansen,Non-binary,2000-08-16,2019-10-09,,Canada,South Christinamouth,Finance Analyst,Finance,,78521,2026-09-07 15:41:39.186659,2026-09-07 15:41:39.186659
E1527,Joseph,Hill,Non-binary,1993-08-12,2024-06-22,,India,South Taylorfurt,HR Specialist,HR,,75970,2026-09-07 15:41:39.186659,2026-09-07 15:41:39.186659
E1528,Jacqueline,Mooney,Female,1972-05-03,2022-11-15,,India,New George,Software Engineer,Engineering,,105206,2026-09-07 15:41:39.186659,2026-09-07 15:41:39.186659
E1529,Jeffrey,Rodriguez,Male,1985-09-05,2016-05-03,,India,Lake Lindaville,Finance Analyst,Finance,,78996,2026-09-07 15:41:39.186659,2026-09-07 15:41:39.186659
E1530,Richard,Roberts,Male,1984-07-28,2026-05-02,,USA,Wagnerton,Data Engineer,Data,,131935,2026-09-07 15:41:39.186659,2026-09-07 15:41:39.186659
E1531,Pam,Matthews,Male,1996-05-13,2024-02-21,,Canada,Kyleborough,HR Specialist,HR,,71512,2026-09-07 15:41:39.186659,2026-09-07 15:41:39.186659
E1532,Karen,Edwards,Female,1978-04-01,2021-03-05,,UK,Michaeltown,Finance Analyst,Finance,,84793,2026-09-07 15:41:39.186659,2026-09-07 15:41:39.186659
E1533,Randy,Barrett,Female,1990-04-17,2020-04-21,,USA,Jenkinsshire,Product Manager,Product,,111955,2026-09-07 15:41:39.186659,2026-09-07 15:41:39.186659
E1534,Gerald,Martinez,Non-binary,1973-04-21,2025-05-26,,Nigeria,North Jackson,Product Manager,Product,,108381,2026-09-07 15:41:39.186659,2026-09-07 15:41:39.186659
E1535,Cameron,Chen,Female,1988-12-12,2025-06-19,,Nigeria,Lake Edwardton,Support Specialist,Support,,62503,2026-09-07 15:41:39.186659,2026-09-07 15:41:39.186659
E1536,Kathryn,Krause,Non-binary,1990-12-21,2017-12-06,2023-04-29,India,Jonesbury,HR Specialist,HR,,61325,2026-09-07 15:41:39.186659,2026-09-07 15:41:39.186659
E1537,Deborah,Bishop,Non-binary,1992-10-24,2026-01-03,,UK,Henryside,Software Engineer,Engineering,,123872,2026-09-07 15:41:39.186659,2026-09-07 15:41:39.186659
E1538,Chad,Brooks,Non-binary,1970-05-01,2022-06-01,,UK,South Erica,Sales Manager,Sales,,88929,2026-09-07 15:41:39.186659,2026-09-07 15:41:39.186659
E1539,Karen,Rodriguez,Non-binary,1978-06-02,2016-06-19,,India,Grossborough,Support Specialist,Support,,65806,2026-09-07 15:41:39.186659,2026-09-07 15:41:39.186659
E1540,Jennifer,Mcfarland,Male,1981-09-28,2019-07-09,,India,East Nathan,Support Specialist,Support,,52637,2026-09-07 15:41:39.186659,2026-09-07 15:41:39.186659
E1541,Sandra,Wallace,Female,1985-11-22,2022-08-12,,USA,Reynoldsshire,Support Specialist,Support,,46776,2026-09-07 15:41:39.186659,2026-09-07 15:41:39.186659
E1542,Alfred,Blair,Non-binary,1968-02-16,2022-07-23,,UK,Oneilltown,Data Engineer,Data,,126939,2026-09-07 15:41:39.186659,2026-09-07 15:41:39.186659
E1543,Stephen,Bauer,Non-binary,1975-12-04,2017-08-15,,Canada,Katherineside,Support Specialist,Support,,49524,2026-09-07 15:41:39.186659,2026-09-07 15:41:39.186659
E1544,Kelsey,Schneider,Non-binary,1969-04-26,2022-07-27,,India,East Victoriaview,Finance Analyst,Finance,,72087,2026-09-07 15:41:39.186659,2026-09-07 15:41:39.186659
E1545,Steven,Trujillo,Male,1975-12-31,2018-03-28,,Germany,Petersport,Finance Analyst,Finance,,72653,2026-09-07 15:41:39.186659,2026-09-07 15:41:39.186659
E1546,Melody,Cooper,Female,1999-06-05,2016-03-11,,UK,Hayneshaven,HR Specialist,HR,,75836,2026-09-07 15:41:39.186659,2026-09-07 15:41:39.186659
E1547,Bryce,Jones,Male,1971-09-14,2024-05-06,,Germany,Rogersview,Software Engineer,Engineering,,89555,2026-09-07 15:41:39.186659,2026-09-07 15:41:39.186659
E1548,Scott,Jones,Non-binary,1997-01-03,2016-03-21,,Germany,East George,Data Engineer,Data,,123080,2026-09-07 15:41:39.186659,2026-09-07 15:41:39.186659
E1549,Brian,Perez,Female,2001-05-29,2023-06-02,,UK,East Amber,Sales Manager,Sales,,87156,2026-09-07 15:41:39.186659,2026-09-07 15:41:39.186659
E1550,Isaiah,Harvey,Female,1976-04-16,2023-05-17,,India,Jennaberg,HR Specialist,HR,,63715,2026-09-07 15:41:39.186659,2026-09-07 15:41:39.186659
E1551,Randy,Maldonado,Female,1969-06-28,2018-05-11,,Nigeria,Port David,Sales Manager,Sales,,80231,2026-09-07 15:41:39.186659,2026-09-07 15:41:39.186659
E1552,Jennifer,Everett,Female,1983-10-09,2022-11-24,,UK,New Hannah,HR Specialist,HR,,63498,2026-09-07 15:41:39.186659,2026-09-07 15:41:39.186659
E1553,Kelly,Thomas,Female,1996-08-15,2026-04-04,,Nigeria,Lake Marcshire,Support Specialist,Support,,65191,2026-09-07 15:41:39.186659,2026-09-07 15:41:39.186659
E1554,Karen,Alvarez,Male,1967-06-26,2025-10-01,2026-07-06,Canada,Paulland,Product Manager,Product,,129699,2026-09-07 15:41:39.186659,2026-09-07 15:41:39.186659
E1555,Jennifer,Jordan,Non-binary,1989-08-29,2026-07-24,,Canada,Hallmouth,Sales Manager,Sales,,109041,2026-09-07 15:41:39.186659,2026-09-07 15:41:39.186659
E1556,Crystal,Foster,Male,1975-02-28,2017-01-27,,Nigeria,Port Andrew,Support Specialist,Support,,51239,2026-09-07 15:41:39.186659,2026-09-07 15:41:39.186659
E1557,Ronald,Hill,Female,1980-04-19,2021-10-22,,USA,Tarashire,Data Engineer,Data,,125620,2026-09-07 15:41:39.186659,2026-09-07 15:41:39.186659
E1558,Jeanette,Parker,Male,1974-04-28,2023-09-21,2024-06-08,USA,North Walterside,HR Specialist,HR,,58535,2026-09-07 15:41:39.186659,2026-09-07 15:41:39.186659
E1559,Elizabeth,Simpson,Male,1988-11-07,2025-06-30,,India,West Jason,Data Engineer,Data,,117405,2026-09-07 15:41:39.186659,2026-09-07 15:41:39.186659
E1560,Eddie,Miller,Male,1993-04-20,2020-06-24,2023-09-26,Canada,Chandlerhaven,Support Specialist,Support,,68810,2026-09-07 15:41:39.186659,2026-09-07 15:41:39.186659
E1561,William,Keith,Female,1998-03-01,2017-07-20,,Nigeria,Taylorview,Software Engineer,Engineering,,96246,2026-09-07 15:41:39.186659,2026-09-07 15:41:39.186659
E1562,Megan,Wood,Non-binary,1973-06-05,2025-11-25,,India,Kimberlymouth,Data Engineer,Data,,111424,2026-09-07 15:41:39.186659,2026-09-07 15:41:39.186659
E1563,Monica,Knight,Female,1982-11-08,2023-08-09,,Canada,West Amanda,Finance Analyst,Finance,,77177,2026-09-07 15:41:39.186659,2026-09-07 15:41:39.186659
E1564,Stephen,Holmes,Male,1976-06-20,2022-01-31,2023-02-17,India,Fisherhaven,HR Specialist,HR,,62187,2026-09-07 15:41:39.186659,2026-09-07 15:41:39.186659
E1565,Jeanne,Bishop,Non-binary,1983-09-13,2026-01-27,,Nigeria,Jamesstad,Product Manager,Product,,126462,2026-09-07 15:41:39.186659,2026-09-07 15:41:39.186659
E1566,Erik,Bolton,Male,1993-07-27,2026-03-09,,UK,East Crystal,Data Engineer,Data,,93843,2026-09-07 15:41:39.186659,2026-09-07 15:41:39.186659
E1567,Amanda,Coffey,Male,1998-04-26,2023-06-01,,Germany,New Nancymouth,HR Specialist,HR,,51000,2026-09-07 15:41:39.186659,2026-09-07 15:41:39.186659
E1568,Daniel,Clark,Non-binary,1999-03-25,2024-07-23,,India,Port Seanbury,Support Specialist,Support,,65147,2026-09-07 15:41:39.186659,2026-09-07 15:41:39.186659
E1569,Laura,Jackson,Non-binary,1989-06-06,2021-04-22,2024-11-13,Canada,West Austinfort,Sales Manager,Sales,,78313,2026-09-07 15:41:39.186659,2026-09-07 15:41:39.186659
E1570,Crystal,Morgan,Non-binary,1988-03-03,2016-05-05,,UK,North Edward,Sales Manager,Sales,,71751,2026-09-07 15:41:39.186659,2026-09-07 15:41:39.186659
E1571,Randy,Beard,Male,1974-11-22,2021-02-07,,India,South Allison,Data Engineer,Data,,117362,2026-09-07 15:41:39.186659,2026-09-07 15:41:39.186659
E1572,Mary,Shea,Female,1981-02-05,2024-06-29,,Canada,Haashaven,Sales Manager,Sales,,100437,2026-09-07 15:41:39.186659,2026-09-07 15:41:39.186659
E1573,Kevin,Travis,Male,2001-12-21,2020-09-25,2025-08-04,UK,New Jesse,HR Specialist,HR,,78744,2026-09-07 15:41:39.186659,2026-09-07 15:41:39.186659
E1574,Haley,Gibson,Female,1996-05-18,2023-09-18,,Germany,Jasonburgh,Sales Manager,Sales,,91558,2026-09-07 15:41:39.186659,2026-09-07 15:41:39.186659
E1575,Leslie,Rivas,Male,1994-07-08,2022-08-28,,India,Alanland,Data Engineer,Data,,112688,2026-09-07 15:41:39.186659,2026-09-07 15:41:39.186659
E1576,Isabel,Baldwin,Male,1975-06-06,2016-09-27,,Germany,Lake Melissa,Software Engineer,Engineering,,86803,2026-09-07 15:41:39.186659,2026-09-07 15:41:39.186659
E1577,Hannah,Austin,Male,1969-08-08,2025-07-05,,USA,North Amanda,Software Engineer,Engineering,,121556,2026-09-07 15:41:39.186659,2026-09-07 15:41:39.186659
E1578,Ann,Davidson,Male,1973-03-28,2023-12-17,,Germany,Port Johnland,Finance Analyst,Finance,,65857,2026-09-07 15:41:39.186659,2026-09-07 15:41:39.186659
E1579,Jason,Butler,Female,1991-03-15,2023-07-30,,UK,Dixonview,Finance Analyst,Finance,,76190,2026-09-07 15:41:39.186659,2026-09-07 15:41:39.186659
E1580,Christian,Baker,Female,1984-10-23,2018-06-24,,Nigeria,East Elizabeth,Sales Manager,Sales,,109346,2026-09-07 15:41:39.186659,2026-09-07 15:41:39.186659
E1581,Daniel,Mills,Male,2002-07-05,2024-08-09,,India,West Joshuaburgh,Data Engineer,Data,,90264,2026-09-07 15:41:39.186659,2026-09-07 15:41:39.186659
E1582,Michael,Barry,Female,1970-07-31,2019-05-17,,USA,Nicolechester,Data Engineer,Data,,109696,2026-09-07 15:41:39.186659,2026-09-07 15:41:39.186659
E1583,Kathleen,Jones,Male,1993-06-23,2018-07-16,,Nigeria,Richardmouth,Product Manager,Product,,135361,2026-09-07 15:41:39.186659,2026-09-07 15:41:39.186659
E1584,David,Garner,Non-binary,1985-07-03,2026-05-26,,India,East William,HR Specialist,HR,,72676,2026-09-07 15:41:39.186659,2026-09-07 15:41:39.186659
E1585,Elizabeth,Campbell,Non-binary,1987-05-07,2017-11-22,,India,Leonardchester,Finance Analyst,Finance,,87962,2026-09-07 15:41:39.186659,2026-09-07 15:41:39.186659
E1586,Deborah,Cole,Male,1993-12-31,2020-03-06,,USA,West Rebeccaberg,Product Manager,Product,,98292,2026-09-07 15:41:39.186659,2026-09-07 15:41:39.186659
E1587,Rhonda,Hunter,Male,1986-04-07,2020-08-30,2025-03-26,India,West Caseychester,Sales Manager,Sales,,104548,2026-09-07 15:41:39.186659,2026-09-07 15:41:39.186659
E1588,Megan,Alexander,Non-binary,1984-03-18,2021-05-19,2023-12-02,Germany,Mcdanielside,Software Engineer,Engineering,,89166,2026-09-07 15:41:39.186659,2026-09-07 15:41:39.186659
E1589,Tony,Knox,Male,1971-07-11,2020-05-20,2025-09-07,India,Russoborough,Software Engineer,Engineering,,109481,2026-09-07 15:41:39.186659,2026-09-07 15:41:39.186659
E1590,Anthony,Rowe,Male,1989-05-02,2021-07-24,,India,Carolynland,Product Manager,Product,,96425,2026-09-07 15:41:39.186659,2026-09-07 15:41:39.186659
E1591,Susan,Hurley,Male,2001-12-08,2016-07-05,,UK,Felicialand,Software Engineer,Engineering,,86029,2026-09-07 15:41:39.186659,2026-09-07 15:41:39.186659
E1592,Shelly,Green,Female,1998-12-09,2021-08-01,,Nigeria,Michaelstad,Software Engineer,Engineering,,108911,2026-09-07 15:41:39.186659,2026-09-07 15:41:39.186659
E1593,Maureen,Randolph,Female,1998-09-01,2025-07-05,,Germany,West Paige,Data Engineer,Data,,107907,2026-09-07 15:41:39.186659,2026-09-07 15:41:39.186659
E1594,Regina,Sampson,Non-binary,1970-06-25,2022-08-12,,Nigeria,Scottfort,Support Specialist,Support,,60406,2026-09-07 15:41:39.186659,2026-09-07 15:41:39.186659
E1595,Renee,Boyd,Female,1976-06-24,2017-09-07,,Germany,Port Leah,HR Specialist,HR,,72247,2026-09-07 15:41:39.186659,2026-09-07 15:41:39.186659
E1596,David,Walker,Male,1987-12-09,2021-07-01,2026-05-23,UK,Annborough,Finance Analyst,Finance,,84252,2026-09-07 15:41:39.186659,2026-09-07 15:41:39.186659
E1597,Christopher,Booth,Female,2002-11-09,2023-03-08,,Canada,West Victoriafurt,Sales Manager,Sales,,96093,2026-09-07 15:41:39.186659,2026-09-07 15:41:39.186659
E1598,Omar,Jordan,Female,1980-05-23,2018-04-11,2021-07-28,USA,Johnstad,HR Specialist,HR,,69981,2026-09-07 15:41:39.186659,2026-09-07 15:41:39.186659
E1599,Alexis,Hoover,Female,1968-10-06,2022-03-31,2024-04-06,Nigeria,Lake Davidside,HR Specialist,HR,,70936,2026-09-07 15:41:39.186659,2026-09-07 15:41:39.186659
E1600,Lindsey,Hood,Male,1986-09-21,2019-02-13,,USA,South Stacy,Sales Manager,Sales,,60212,2026-09-07 15:41:39.186659,2026-09-07 15:41:39.186659
E1601,Robert,Woods,Male,1968-11-28,2018-12-20,,India,Courtneymouth,Finance Analyst,Finance,,77350,2026-09-07 15:41:39.186659,2026-09-07 15:41:39.186659
E1602,Matthew,Byrd,Female,1984-03-14,2020-03-09,,Germany,East Ethan,Product Manager,Product,,134736,2026-09-07 15:41:39.186659,2026-09-07 15:41:39.186659
E1603,Kimberly,Nguyen,Male,1995-07-11,2018-06-28,,Canada,Stacyfurt,Sales Manager,Sales,,81602,2026-09-07 15:41:39.186659,2026-09-07 15:41:39.186659
E1604,Ethan,Kelley,Male,1980-02-16,2018-09-24,,Canada,West Thomasview,Sales Manager,Sales,,84398,2026-09-07 15:41:39.186659,2026-09-07 15:41:39.186659
E1605,Judy,Jacobs,Female,1976-03-03,2025-04-13,,Canada,Rachelland,Support Specialist,Support,,55938,2026-09-07 15:41:39.186659,2026-09-07 15:41:39.186659
E1606,Ricky,Estes,Non-binary,1988-07-11,2023-08-12,,India,South Gary,Finance Analyst,Finance,,78427,2026-09-07 15:41:39.186659,2026-09-07 15:41:39.186659
E1607,Amanda,Castro,Male,1998-05-02,2022-09-26,,USA,East Brian,Software Engineer,Engineering,,96629,2026-09-07 15:41:39.186659,2026-09-07 15:41:39.186659
E1608,Mark,Miller,Male,1984-09-20,2018-09-18,,India,Lake Jillville,Finance Analyst,Finance,,55203,2026-09-07 15:41:39.186659,2026-09-07 15:41:39.186659
E1609,Devin,Simpson,Female,1974-07-15,2016-10-17,,India,East Jeremyside,HR Specialist,HR,,73522,2026-09-07 15:41:39.186659,2026-09-07 15:41:39.186659
E1610,Sherri,Griffith,Male,2000-01-24,2020-12-06,,UK,New Penny,Finance Analyst,Finance,,76257,2026-09-07 15:41:39.186659,2026-09-07 15:41:39.186659
E1611,Katherine,Sanchez,Female,1993-09-11,2022-08-13,,Canada,North Jesus,Data Engineer,Data,,132554,2026-09-07 15:41:39.186659,2026-09-07 15:41:39.186659
E1612,Sylvia,Wilson,Male,1979-08-18,2026-02-01,,Nigeria,East Thomasstad,Support Specialist,Support,,52705,2026-09-07 15:41:39.186659,2026-09-07 15:41:39.186659
E1613,Jerome,Mendez,Female,1996-07-01,2024-09-23,,USA,New Danielhaven,Support Specialist,Support,,64006,2026-09-07 15:41:39.186659,2026-09-07 15:41:39.186659
E1614,Tiffany,Lee,Male,1987-01-02,2025-01-02,,UK,Ryanland,HR Specialist,HR,,71424,2026-09-07 15:41:39.186659,2026-09-07 15:41:39.186659
E1615,Catherine,Jackson,Male,1982-11-04,2018-04-03,2021-01-01,USA,South Ryan,Sales Manager,Sales,,103768,2026-09-07 15:41:39.186659,2026-09-07 15:41:39.186659
E1616,Michael,Jones,Male,2003-09-12,2017-01-30,,India,Port Jeff,Finance Analyst,Finance,,75632,2026-09-07 15:41:39.186659,2026-09-07 15:41:39.186659
E1617,Carol,Porter,Female,1967-06-16,2024-12-07,,Canada,Parkerfurt,Data Engineer,Data,,120422,2026-09-07 15:41:39.186659,2026-09-07 15:41:39.186659
E1618,Crystal,Gregory,Non-binary,1980-02-03,2021-03-11,2024-06-25,UK,Port Erin,Product Manager,Product,,137141,2026-09-07 15:41:39.186659,2026-09-07 15:41:39.186659
E1619,Michelle,Smith,Non-binary,1993-12-23,2020-10-22,,Germany,West Dalton,Product Manager,Product,,97766,2026-09-07 15:41:39.186659,2026-09-07 15:41:39.186659
E1620,Thomas,Mercer,Female,1998-01-24,2023-08-26,,Germany,West Samantha,HR Specialist,HR,,58325,2026-09-07 15:41:39.186659,2026-09-07 15:41:39.186659
E1621,John,Collins,Non-binary,1997-08-25,2016-03-02,,India,South Danaland,Finance Analyst,Finance,,82571,2026-09-07 15:41:39.186659,2026-09-07 15:41:39.186659
E1622,Joshua,Pittman,Non-binary,2001-05-13,2018-02-01,,USA,Matthewfurt,Product Manager,Product,,98977,2026-09-07 15:41:39.186659,2026-09-07 15:41:39.186659
E1623,Michael,Gutierrez,Non-binary,1993-07-22,2017-10-21,2021-01-04,Canada,Port Victor,HR Specialist,HR,,71652,2026-09-07 15:41:39.186659,2026-09-07 15:41:39.186659
E1624,Adam,Lamb,Female,1968-08-23,2026-02-23,,India,Port Christopherchester,Data Engineer,Data,,87791,2026-09-07 15:41:39.186659,2026-09-07 15:41:39.186659
E1625,Kimberly,Underwood,Non-binary,2003-07-20,2022-03-17,,Nigeria,Fernandezside,Support Specialist,Support,,52609,2026-09-07 15:41:39.186659,2026-09-07 15:41:39.186659
E1626,Charles,Payne,Male,1972-10-24,2018-11-16,2023-12-17,Canada,Port Patrickbury,Support Specialist,Support,,51638,2026-09-07 15:41:39.186659,2026-09-07 15:41:39.186659
E1627,Danny,Brown,Female,2004-03-31,2024-12-29,,USA,Jasontown,HR Specialist,HR,,64353,2026-09-07 15:41:39.186659,2026-09-07 15:41:39.186659
E1628,Randall,Hall,Female,1996-06-05,2017-08-08,,India,West Joshuaberg,Finance Analyst,Finance,,70938,2026-09-07 15:41:39.186659,2026-09-07 15:41:39.186659
E1629,Mark,Brown,Non-binary,1974-03-02,2018-01-25,2020-03-19,India,North Jackie,Support Specialist,Support,,49344,2026-09-07 15:41:39.186659,2026-09-07 15:41:39.186659
E1630,James,Hartman,Non-binary,1986-07-11,2016-01-08,,Germany,South Alexisfurt,Data Engineer,Data,,94801,2026-09-07 15:41:39.186659,2026-09-07 15:41:39.186659
E1631,Mason,Andersen,Non-binary,1981-05-03,2024-09-10,,Canada,Williamsmouth,Product Manager,Product,,111301,2026-09-07 15:41:39.186659,2026-09-07 15:41:39.186659
E1632,Jenna,Flores,Non-binary,1989-07-04,2019-03-13,,USA,East Veronicaville,HR Specialist,HR,,71946,2026-09-07 15:41:39.186659,2026-09-07 15:41:39.186659
E1633,Barbara,Brown,Female,1986-02-03,2026-06-03,,USA,North Justinmouth,Product Manager,Product,,101149,2026-09-07 15:41:39.186659,2026-09-07 15:41:39.186659
E1634,Sharon,Soto,Female,1974-11-08,2020-02-07,,USA,Bakerton,Software Engineer,Engineering,,114579,2026-09-07 15:41:39.186659,2026-09-07 15:41:39.186659
E1635,Gina,Tucker,Female,1989-04-18,2018-11-25,,Germany,Justinborough,Sales Manager,Sales,,92422,2026-09-07 15:41:39.186659,2026-09-07 15:41:39.186659
E1636,Donald,Chambers,Male,2000-08-08,2017-08-05,,India,Kimberlyborough,HR Specialist,HR,,78219,2026-09-07 15:41:39.186659,2026-09-07 15:41:39.186659
E1637,Justin,Avery,Male,1978-08-09,2023-10-24,,Germany,West Cherylland,Software Engineer,Engineering,,127689,2026-09-07 15:41:39.186659,2026-09-07 15:41:39.186659
E1638,Andrew,Collins,Male,1997-08-06,2017-11-25,,Canada,Port Jonathan,Data Engineer,Data,,107779,2026-09-07 15:41:39.186659,2026-09-07 15:41:39.186659
E1639,Joseph,Garcia,Female,1978-10-20,2018-01-22,,India,South Erikaborough,HR Specialist,HR,,60989,2026-09-07 15:41:39.186659,2026-09-07 15:41:39.186659
E1640,Travis,Willis,Female,2003-06-04,2021-07-09,2025-04-19,UK,Lake Jason,Support Specialist,Support,,41089,2026-09-07 15:41:39.186659,2026-09-07 15:41:39.186659
E1641,Tiffany,Sanders,Non-binary,1978-03-13,2022-05-16,,UK,Chasefurt,Software Engineer,Engineering,,127533,2026-09-07 15:41:39.186659,2026-09-07 15:41:39.186659
E1642,Jim,Molina,Male,1982-09-01,2022-02-11,,UK,Derekburgh,Support Specialist,Support,,61881,2026-09-07 15:41:39.186659,2026-09-07 15:41:39.186659
E1643,Miguel,Torres,Non-binary,1976-08-24,2017-06-04,,Nigeria,Whitefurt,Product Manager,Product,,112415,2026-09-07 15:41:39.186659,2026-09-07 15:41:39.186659
E1644,Misty,Burke,Male,1966-12-28,2025-04-11,,India,West Philipbury,Software Engineer,Engineering,,111158,2026-09-07 15:41:39.186659,2026-09-07 15:41:39.186659
E1645,Amy,Conley,Male,1980-09-24,2023-08-17,,Canada,Peterport,Finance Analyst,Finance,,69848,2026-09-07 15:41:39.186659,2026-09-07 15:41:39.186659
E1646,Michael,Burch,Female,2002-06-16,2019-11-18,,Canada,Millerfurt,Data Engineer,Data,,103890,2026-09-07 15:41:39.186659,2026-09-07 15:41:39.186659
E1647,James,Cook,Male,2000-05-05,2024-06-05,,Canada,North Taylor,Product Manager,Product,,104981,2026-09-07 15:41:39.186659,2026-09-07 15:41:39.186659
E1648,Sarah,Middleton,Female,1978-05-09,2022-08-03,2024-08-08,Canada,Lake Kristina,Sales Manager,Sales,,105032,2026-09-07 15:41:39.186659,2026-09-07 15:41:39.186659
E1649,John,Choi,Male,2003-04-22,2019-08-18,,Germany,Jacobstown,Finance Analyst,Finance,,60803,2026-09-07 15:41:39.186659,2026-09-07 15:41:39.186659
E1650,Matthew,Martin,Female,1972-08-18,2017-09-06,2018-09-02,USA,Nelsonton,Sales Manager,Sales,,93499,2026-09-07 15:41:39.186659,2026-09-07 15:41:39.186659
E1651,Michael,Rivera,Male,2001-05-26,2024-10-31,,USA,East Joseborough,HR Specialist,HR,,76076,2026-09-07 15:41:39.186659,2026-09-07 15:41:39.186659
E1652,Elijah,Avila,Non-binary,2000-04-12,2023-09-11,,India,Johnsonton,HR Specialist,HR,,73048,2026-09-07 15:41:39.186659,2026-09-07 15:41:39.186659
E1653,Michelle,Reed,Male,2004-05-19,2016-04-21,,Canada,West Jeffreyport,Finance Analyst,Finance,,62005,2026-09-07 15:41:39.186659,2026-09-07 15:41:39.186659
E1654,Amber,Cline,Non-binary,1968-05-18,2018-07-20,,India,Owenschester,Finance Analyst,Finance,,64246,2026-09-07 15:41:39.186659,2026-09-07 15:41:39.186659
E1655,Cory,Huff,Male,1978-11-27,2023-09-16,,Nigeria,Williamsfort,HR Specialist,HR,,57602,2026-09-07 15:41:39.186659,2026-09-07 15:41:39.186659
E1656,Courtney,Davis,Male,1995-09-04,2020-10-19,,UK,East Sarah,Finance Analyst,Finance,,89034,2026-09-07 15:41:39.186659,2026-09-07 15:41:39.186659
E1657,Edward,Miller,Male,1968-07-22,2025-11-02,,Canada,Martintown,Support Specialist,Support,,64207,2026-09-07 15:41:39.186659,2026-09-07 15:41:39.186659
E1658,Anna,King,Non-binary,1999-06-14,2023-06-01,,USA,East Thomas,Finance Analyst,Finance,,64478,2026-09-07 15:41:39.186659,2026-09-07 15:41:39.186659
E1659,Anna,Parker,Non-binary,1973-10-07,2020-10-08,,Nigeria,Sullivanport,Sales Manager,Sales,,90090,2026-09-07 15:41:39.186659,2026-09-07 15:41:39.186659
E1660,Dave,Kerr,Non-binary,1999-02-13,2018-05-15,,Germany,New Christopher,Data Engineer,Data,,110315,2026-09-07 15:41:39.186659,2026-09-07 15:41:39.186659
E1661,Scott,Espinoza,Female,1986-01-15,2021-07-17,,UK,Port Joseph,Software Engineer,Engineering,,97310,2026-09-07 15:41:39.186659,2026-09-07 15:41:39.186659
E1662,Robert,Doyle,Non-binary,2002-04-18,2022-03-21,,Germany,Owensmouth,HR Specialist,HR,,53865,2026-09-07 15:41:39.186659,2026-09-07 15:41:39.186659
E1663,Jessica,Wilkinson,Male,1970-02-14,2025-12-03,,India,East Briannamouth,Support Specialist,Support,,43253,2026-09-07 15:41:39.186659,2026-09-07 15:41:39.186659
E1664,Tricia,Allen,Male,1994-05-15,2016-01-21,,Germany,Jasonchester,Sales Manager,Sales,,95646,2026-09-07 15:41:39.186659,2026-09-07 15:41:39.186659
E1665,Stephen,Hardy,Non-binary,1994-11-02,2026-07-31,,Canada,Amyview,Support Specialist,Support,,64058,2026-09-07 15:41:39.186659,2026-09-07 15:41:39.186659
E1666,Chad,Perez,Male,1968-11-29,2023-01-26,,Nigeria,North Kevin,Finance Analyst,Finance,,73176,2026-09-07 15:41:39.186659,2026-09-07 15:41:39.186659
E1667,Andrew,Curtis,Female,1995-12-08,2026-04-20,,India,Peterstown,Product Manager,Product,,102972,2026-09-07 15:41:39.186659,2026-09-07 15:41:39.186659
E1668,John,Hale,Non-binary,2002-01-28,2026-03-25,,Germany,Loristad,Finance Analyst,Finance,,81140,2026-09-07 15:41:39.186659,2026-09-07 15:41:39.186659
E1669,Gary,Mullen,Male,2002-06-24,2020-03-05,2023-06-13,India,West Robert,Data Engineer,Data,,104456,2026-09-07 15:41:39.186659,2026-09-07 15:41:39.186659
E1670,Craig,Gilmore,Non-binary,1997-07-19,2017-04-13,2021-01-20,Germany,Johnshire,Finance Analyst,Finance,,80096,2026-09-07 15:41:39.186659,2026-09-07 15:41:39.186659
E1671,Melissa,Holmes,Non-binary,2002-03-10,2017-09-16,2019-03-29,UK,Port Diana,Finance Analyst,Finance,,85991,2026-09-07 15:41:39.186659,2026-09-07 15:41:39.186659
E1672,Jessica,Burton,Non-binary,1978-07-19,2022-07-22,2025-10-11,USA,South Henryberg,HR Specialist,HR,,75773,2026-09-07 15:41:39.186659,2026-09-07 15:41:39.186659
E1673,Julie,Webb,Female,1987-07-14,2020-02-06,2021-10-15,Germany,Port Katherinefurt,Product Manager,Product,,123173,2026-09-07 15:41:39.186659,2026-09-07 15:41:39.186659
E1674,Kathy,Davis,Non-binary,1988-12-06,2018-04-11,,USA,Hornberg,Software Engineer,Engineering,,105683,2026-09-07 15:41:39.186659,2026-09-07 15:41:39.186659
E1675,Cynthia,Nguyen,Female,1991-02-11,2023-10-20,,India,Lanemouth,Software Engineer,Engineering,,83987,2026-09-07 15:41:39.186659,2026-09-07 15:41:39.186659
E1676,Audrey,Manning,Female,1995-05-13,2025-11-12,2026-08-08,Germany,West Jacobland,Finance Analyst,Finance,,63461,2026-09-07 15:41:39.186659,2026-09-07 15:41:39.186659
E1677,Danny,Klein,Female,1988-08-24,2021-02-14,2026-03-27,Canada,West Johnfurt,Software Engineer,Engineering,,80366,2026-09-07 15:41:39.186659,2026-09-07 15:41:39.186659
E1678,Dawn,Hicks,Female,1976-07-02,2025-06-28,,India,West Michelle,Support Specialist,Support,,40591,2026-09-07 15:41:39.186659,2026-09-07 15:41:39.186659
E1679,Benjamin,Smith,Non-binary,1991-10-26,2016-07-11,,USA,Craighaven,Support Specialist,Support,,64775,2026-09-07 15:41:39.186659,2026-09-07 15:41:39.186659
E1680,Pamela,James,Female,1967-12-13,2021-02-03,,Canada,Suzanneport,Finance Analyst,Finance,,77043,2026-09-07 15:41:39.186659,2026-09-07 15:41:39.186659
E1681,Olivia,Christian,Female,1999-05-25,2020-01-04,,Nigeria,Lake Kelly,Software Engineer,Engineering,,116663,2026-09-07 15:41:39.186659,2026-09-07 15:41:39.186659
E1682,Sarah,Hanson,Non-binary,1988-04-06,2016-05-25,,USA,East Amy,Sales Manager,Sales,,67622,2026-09-07 15:41:39.186659,2026-09-07 15:41:39.186659
E1683,Robert,Newton,Female,1988-12-05,2026-04-21,,USA,Kleinhaven,Software Engineer,Engineering,,91767,2026-09-07 15:41:39.186659,2026-09-07 15:41:39.186659
E1684,Arthur,Johnson,Female,1996-12-15,2025-03-21,,Nigeria,Nielsenmouth,Sales Manager,Sales,,69858,2026-09-07 15:41:39.186659,2026-09-07 15:41:39.186659
E1685,Brenda,Garcia,Female,1999-09-07,2017-02-16,,Canada,Reginaldview,Support Specialist,Support,,42992,2026-09-07 15:41:39.186659,2026-09-07 15:41:39.186659
E1686,Daniel,Monroe,Non-binary,1979-08-23,2024-10-27,2026-05-17,India,Elliottmouth,Support Specialist,Support,,59227,2026-09-07 15:41:39.186659,2026-09-07 15:41:39.186659
E1687,Laura,Bowman,Female,1996-10-15,2017-04-29,,USA,North Ashleyland,Product Manager,Product,,110061,2026-09-07 15:41:39.186659,2026-09-07 15:41:39.186659
E1688,Michael,Nicholson,Female,1983-06-27,2019-03-03,,Germany,Katherineland,Data Engineer,Data,,107501,2026-09-07 15:41:39.186659,2026-09-07 15:41:39.186659
E1689,Thomas,Lopez,Female,1980-08-31,2024-03-30,,Germany,Cervantesville,Software Engineer,Engineering,,106092,2026-09-07 15:41:39.186659,2026-09-07 15:41:39.186659
E1690,Bryan,Barry,Male,1990-11-13,2025-12-16,,UK,East Bradley,Finance Analyst,Finance,,85579,2026-09-07 15:41:39.186659,2026-09-07 15:41:39.186659
E1691,Gloria,Stewart,Male,1974-02-19,2024-03-20,,Canada,Lake Joshuaberg,Finance Analyst,Finance,,63121,2026-09-07 15:41:39.186659,2026-09-07 15:41:39.186659
E1692,Jose,Ewing,Female,1999-08-20,2017-04-14,2019-07-10,Germany,New Nicole,Sales Manager,Sales,,67809,2026-09-07 15:41:39.186659,2026-09-07 15:41:39.186659
E1693,Elizabeth,Johnson,Male,1995-01-27,2020-08-13,,Germany,Brandyville,Software Engineer,Engineering,,88449,2026-09-07 15:41:39.186659,2026-09-07 15:41:39.186659
E1694,Scott,Wilson,Female,1981-10-15,2017-10-26,,Nigeria,West Cassandraport,Finance Analyst,Finance,,89890,2026-09-07 15:41:39.186659,2026-09-07 15:41:39.186659
E1695,Melissa,Moore,Non-binary,1989-07-19,2020-06-28,2023-07-02,Canada,New Joshuafurt,Data Engineer,Data,,85090,2026-09-07 15:41:39.186659,2026-09-07 15:41:39.186659
E1696,Jessica,Foster,Female,1983-04-09,2026-04-15,,India,East Jennifer,Support Specialist,Support,,50455,2026-09-07 15:41:39.186659,2026-09-07 15:41:39.186659
E1697,Kathleen,Haney,Female,1976-07-08,2025-06-15,,Nigeria,Powersside,Sales Manager,Sales,,69490,2026-09-07 15:41:39.186659,2026-09-07 15:41:39.186659
E1698,Kimberly,Cruz,Female,1969-12-09,2023-09-13,,USA,West Bruceside,Software Engineer,Engineering,,90525,2026-09-07 15:41:39.186659,2026-09-07 15:41:39.186659
E1699,Julie,Martin,Male,1985-10-31,2023-12-23,2025-08-29,Nigeria,Mirandamouth,HR Specialist,HR,,69331,2026-09-07 15:41:39.186659,2026-09-07 15:41:39.186659
E1700,Chris,Horton,Male,1990-03-17,2018-03-03,,Nigeria,Hernandezchester,Software Engineer,Engineering,,91874,2026-09-07 15:41:39.186659,2026-09-07 15:41:39.186659
E1701,Jennifer,Evans,Female,1988-10-15,2025-12-01,,Canada,Brownburgh,Sales Manager,Sales,,87761,2026-09-07 15:41:39.186659,2026-09-07 15:41:39.186659
E1702,Thomas,Willis,Female,2003-09-07,2016-01-30,2016-09-03,India,Lake Kathleen,Support Specialist,Support,,42332,2026-09-07 15:41:39.186659,2026-09-07 15:41:39.186659
E1703,Lisa,Kane,Non-binary,1972-08-23,2017-04-27,,India,West Alan,HR Specialist,HR,,63478,2026-09-07 15:41:39.186659,2026-09-07 15:41:39.186659
E1704,Melissa,Mendez,Female,1976-11-13,2020-03-24,,USA,Philipport,Software Engineer,Engineering,,92365,2026-09-07 15:41:39.186659,2026-09-07 15:41:39.186659
E1705,Timothy,Campbell,Non-binary,1984-08-13,2016-07-20,,Nigeria,Johnsonburgh,Software Engineer,Engineering,,100923,2026-09-07 15:41:39.186659,2026-09-07 15:41:39.186659
E1706,Sarah,Mays,Male,1974-12-28,2025-05-21,,India,West Karen,Product Manager,Product,,99686,2026-09-07 15:41:39.186659,2026-09-07 15:41:39.186659
E1707,Pamela,Mills,Male,1979-02-06,2021-05-20,,Canada,South Raymond,Data Engineer,Data,,118201,2026-09-07 15:41:39.186659,2026-09-07 15:41:39.186659
E1708,Michael,King,Male,1974-10-22,2019-12-19,2024-05-05,Germany,Timothyland,Finance Analyst,Finance,,81356,2026-09-07 15:41:39.186659,2026-09-07 15:41:39.186659
E1709,Alejandra,Alexander,Female,1975-11-18,2026-06-02,,USA,Elizabethshire,Support Specialist,Support,,58145,2026-09-07 15:41:39.186659,2026-09-07 15:41:39.186659
E1710,Gregory,Berger,Female,2003-03-30,2016-03-29,,UK,Lake Dennismouth,HR Specialist,HR,,53647,2026-09-07 15:41:39.186659,2026-09-07 15:41:39.186659
E1711,Monica,Diaz,Male,1989-07-07,2025-03-19,,USA,Madelineville,Data Engineer,Data,,125059,2026-09-07 15:41:39.186659,2026-09-07 15:41:39.186659
E1712,Tracy,Higgins,Female,1984-06-28,2026-03-29,,Canada,New Mitchell,Sales Manager,Sales,,98468,2026-09-07 15:41:39.186659,2026-09-07 15:41:39.186659
E1713,Thomas,Christensen,Male,1968-11-06,2024-09-03,,UK,Lake Ashlee,Product Manager,Product,,117016,2026-09-07 15:41:39.186659,2026-09-07 15:41:39.186659
E1714,Martin,Alvarez,Non-binary,1983-06-20,2026-06-19,,Nigeria,Joshuaville,Finance Analyst,Finance,,69879,2026-09-07 15:41:39.186659,2026-09-07 15:41:39.186659
E1715,Alyssa,Martinez,Female,1971-02-27,2024-01-11,,India,South Louis,Support Specialist,Support,,63160,2026-09-07 15:41:39.186659,2026-09-07 15:41:39.186659
E1716,Catherine,Cole,Non-binary,1981-05-30,2016-04-04,,UK,Benitezchester,Data Engineer,Data,,113049,2026-09-07 15:41:39.186659,2026-09-07 15:41:39.186659
E1717,George,Johnston,Non-binary,1994-04-25,2023-07-16,,Nigeria,South Sierrafurt,Support Specialist,Support,,50201,2026-09-07 15:41:39.186659,2026-09-07 15:41:39.186659
E1718,Jane,Pena,Non-binary,1997-09-22,2021-07-03,2024-01-15,Nigeria,West Ruthbury,HR Specialist,HR,,53045,2026-09-07 15:41:39.186659,2026-09-07 15:41:39.186659
E1719,Cynthia,Sexton,Non-binary,1969-11-06,2023-04-10,,Canada,Ryanbury,Product Manager,Product,,106283,2026-09-07 15:41:39.186659,2026-09-07 15:41:39.186659
E1720,Tracy,Novak,Male,1985-09-18,2018-09-20,,Nigeria,East Anne,Data Engineer,Data,,119950,2026-09-07 15:41:39.186659,2026-09-07 15:41:39.186659
E1721,Victoria,Wiggins,Female,1989-08-08,2024-03-17,,Germany,Macdonaldton,Finance Analyst,Finance,,86401,2026-09-07 15:41:39.186659,2026-09-07 15:41:39.186659
E1722,Aaron,Best,Female,1996-12-08,2018-09-21,,USA,Wandafort,Product Manager,Product,,118055,2026-09-07 15:41:39.186659,2026-09-07 15:41:39.186659
E1723,Steven,Woodard,Non-binary,1978-05-05,2019-07-01,2023-12-01,India,North Robinton,Finance Analyst,Finance,,60388,2026-09-07 15:41:39.186659,2026-09-07 15:41:39.186659
E1724,Rodney,Summers,Non-binary,1967-02-27,2021-12-29,2025-08-21,Germany,Port Latoyaton,Support Specialist,Support,,59038,2026-09-07 15:41:39.186659,2026-09-07 15:41:39.186659
E1725,Angela,Miller,Non-binary,1991-01-05,2019-01-28,,Germany,West Kevin,Finance Analyst,Finance,,69404,2026-09-07 15:41:39.186659,2026-09-07 15:41:39.186659
E1726,Stephen,Cooper,Male,2002-10-02,2020-06-28,,Germany,South Andrea,Software Engineer,Engineering,,124522,2026-09-07 15:41:39.186659,2026-09-07 15:41:39.186659
E1727,Veronica,Walters,Female,1993-01-29,2020-06-05,,Nigeria,Cookville,HR Specialist,HR,,70829,2026-09-07 15:41:39.186659,2026-09-07 15:41:39.186659
E1728,Joseph,King,Male,1978-10-13,2023-11-08,,USA,Ashleyfort,Data Engineer,Data,,91645,2026-09-07 15:41:39.186659,2026-09-07 15:41:39.186659
E1729,Wayne,Allen,Non-binary,1996-03-08,2016-02-29,,Germany,South Cameron,Software Engineer,Engineering,,111015,2026-09-07 15:41:39.186659,2026-09-07 15:41:39.186659
E1730,Mark,Dixon,Non-binary,2002-01-09,2017-01-11,,Nigeria,Collinton,Support Specialist,Support,,45400,2026-09-07 15:41:39.186659,2026-09-07 15:41:39.186659
E1731,Beverly,Caldwell,Male,1978-10-04,2020-01-13,2021-12-14,India,Walkertown,Software Engineer,Engineering,,108633,2026-09-07 15:41:39.186659,2026-09-07 15:41:39.186659
E1732,Jeffrey,Randall,Female,1969-11-23,2024-01-13,,Nigeria,Port Megan,HR Specialist,HR,,72525,2026-09-07 15:41:39.186659,2026-09-07 15:41:39.186659
E1733,Tammy,Daniels,Female,1998-07-18,2019-02-09,,USA,West Jennifer,Finance Analyst,Finance,,79061,2026-09-07 15:41:39.186659,2026-09-07 15:41:39.186659
E1734,Anna,Bullock,Male,1983-11-02,2020-04-02,2022-09-30,India,Port Carolineborough,Software Engineer,Engineering,,122670,2026-09-07 15:41:39.186659,2026-09-07 15:41:39.186659
E1735,Sarah,Townsend,Male,1981-01-15,2016-08-11,,Canada,South Julia,HR Specialist,HR,,74610,2026-09-07 15:41:39.186659,2026-09-07 15:41:39.186659
E1736,Ann,Anderson,Non-binary,1969-08-11,2024-10-29,,USA,North Michaelmouth,Finance Analyst,Finance,,84556,2026-09-07 15:41:39.186659,2026-09-07 15:41:39.186659
E1737,Anthony,Rowe,Non-binary,1982-10-07,2016-07-10,,India,East Randallland,Data Engineer,Data,,98423,2026-09-07 15:41:39.186659,2026-09-07 15:41:39.186659
E1738,Gregory,Garcia,Non-binary,1977-04-24,2017-03-16,2021-05-05,India,Davidport,Finance Analyst,Finance,,72329,2026-09-07 15:41:39.186659,2026-09-07 15:41:39.186659
E1739,Alyssa,May,Female,1991-04-05,2018-08-26,,Nigeria,Ronaldton,Sales Manager,Sales,,65040,2026-09-07 15:41:39.186659,2026-09-07 15:41:39.186659
E1740,Kevin,Frazier,Non-binary,2004-03-02,2019-04-16,,UK,Lake Dawnchester,Support Specialist,Support,,51503,2026-09-07 15:41:39.186659,2026-09-07 15:41:39.186659
E1741,Wesley,Mathews,Female,1998-04-05,2021-11-13,2025-12-13,Germany,New Alvin,Finance Analyst,Finance,,64707,2026-09-07 15:41:39.186659,2026-09-07 15:41:39.186659
E1742,Daniel,Potter,Male,1982-03-18,2016-07-16,,Nigeria,Dwayneshire,Software Engineer,Engineering,,84664,2026-09-07 15:41:39.186659,2026-09-07 15:41:39.186659
E1743,Devin,Leonard,Non-binary,1980-08-02,2021-08-01,,UK,East Derrickfort,Sales Manager,Sales,,83461,2026-09-07 15:41:39.186659,2026-09-07 15:41:39.186659
E1744,Kimberly,Vega,Female,1990-01-09,2019-12-02,,Canada,Mendozashire,Product Manager,Product,,113171,2026-09-07 15:41:39.186659,2026-09-07 15:41:39.186659
E1745,Michele,Scott,Non-binary,1988-03-02,2026-08-15,,Germany,Lake Jackbury,Support Specialist,Support,,54762,2026-09-07 15:41:39.186659,2026-09-07 15:41:39.186659
E1746,Jonathan,Larsen,Male,1990-03-29,2018-09-07,,USA,South Yesenia,HR Specialist,HR,,76851,2026-09-07 15:41:39.186659,2026-09-07 15:41:39.186659
E1747,Joshua,Phillips,Female,1987-09-08,2026-06-11,,USA,North Timothyland,Software Engineer,Engineering,,115925,2026-09-07 15:41:39.186659,2026-09-07 15:41:39.186659
E1748,Margaret,Santos,Male,1992-06-09,2019-09-30,2022-02-25,Nigeria,Huntshire,Software Engineer,Engineering,,97918,2026-09-07 15:41:39.186659,2026-09-07 15:41:39.186659
E1749,Morgan,Adams,Non-binary,1989-06-30,2023-03-24,,UK,Ericside,Product Manager,Product,,100120,2026-09-07 15:41:39.186659,2026-09-07 15:41:39.186659
E1750,Elizabeth,Taylor,Male,1969-08-14,2020-07-23,,USA,Matthewmouth,Sales Manager,Sales,,94005,2026-09-07 15:41:39.186659,2026-09-07 15:41:39.186659
E1751,Janice,Martin,Male,1980-11-17,2020-04-22,,Germany,Melissafurt,HR Specialist,HR,,62808,2026-09-07 15:41:39.186659,2026-09-07 15:41:39.186659
E1752,Amy,Weeks,Male,1985-10-24,2017-01-01,2022-06-06,USA,West Christine,Data Engineer,Data,,127005,2026-09-07 15:41:39.186659,2026-09-07 15:41:39.186659
E1753,Theresa,Roberts,Male,1997-05-05,2021-12-18,2022-09-14,Nigeria,New Douglas,Data Engineer,Data,,91072,2026-09-07 15:41:39.186659,2026-09-07 15:41:39.186659
E1754,Sarah,Perkins,Female,1976-05-20,2025-04-13,,USA,North Troyport,Sales Manager,Sales,,97699,2026-09-07 15:41:39.186659,2026-09-07 15:41:39.186659
E1755,Wendy,Hudson,Female,1980-09-05,2024-04-08,,USA,Danielchester,Support Specialist,Support,,68104,2026-09-07 15:41:39.186659,2026-09-07 15:41:39.186659
E1756,Tyrone,Mcdonald,Male,1985-05-24,2023-08-03,,Germany,Rushmouth,Support Specialist,Support,,69545,2026-09-07 15:41:39.186659,2026-09-07 15:41:39.186659
E1757,Daniel,Smith,Female,1991-11-26,2016-01-16,,Nigeria,Nicholaschester,Support Specialist,Support,,46872,2026-09-07 15:41:39.186659,2026-09-07 15:41:39.186659
E1758,Erik,Ball,Female,1973-06-05,2021-08-20,,Nigeria,Adamsfurt,HR Specialist,HR,,52622,2026-09-07 15:41:39.186659,2026-09-07 15:41:39.186659
E1759,Courtney,Diaz,Male,1991-04-12,2025-01-05,,India,Davisfurt,Data Engineer,Data,,120994,2026-09-07 15:41:39.186659,2026-09-07 15:41:39.186659
E1760,Ryan,Ryan,Male,1977-05-11,2026-01-07,,India,Joseton,Support Specialist,Support,,63841,2026-09-07 15:41:39.186659,2026-09-07 15:41:39.186659
E1761,Dominique,Phelps,Female,1990-01-12,2020-11-07,,Germany,New Edwin,Data Engineer,Data,,121295,2026-09-07 15:41:39.186659,2026-09-07 15:41:39.186659
E1762,Shawn,Schwartz,Male,1970-12-25,2017-07-01,,Nigeria,Jordanside,Software Engineer,Engineering,,82774,2026-09-07 15:41:39.186659,2026-09-07 15:41:39.186659
E1763,Sara,Lewis,Female,2000-07-12,2018-05-05,2019-08-16,Nigeria,Perryborough,Support Specialist,Support,,41125,2026-09-07 15:41:39.186659,2026-09-07 15:41:39.186659
E1764,Tony,Lucas,Female,1968-02-15,2017-05-30,2020-09-20,USA,Alexandrabury,Finance Analyst,Finance,,68758,2026-09-07 15:41:39.186659,2026-09-07 15:41:39.186659
E1765,Thomas,Coleman,Male,2001-10-02,2025-10-30,,Germany,New Ronald,Support Specialist,Support,,69847,2026-09-07 15:41:39.186659,2026-09-07 15:41:39.186659
E1766,Albert,Knight,Male,1999-03-11,2024-02-26,,UK,South Barbara,Data Engineer,Data,,132120,2026-09-07 15:41:39.186659,2026-09-07 15:41:39.186659
E1767,Christine,Cross,Male,1992-03-07,2026-05-26,,Nigeria,New James,Support Specialist,Support,,48147,2026-09-07 15:41:39.186659,2026-09-07 15:41:39.186659
E1768,Lisa,Green,Female,1976-04-04,2017-04-04,,Nigeria,Paulaburgh,Software Engineer,Engineering,,110714,2026-09-07 15:41:39.186659,2026-09-07 15:41:39.186659
E1769,Diana,Jennings,Male,1994-10-05,2017-05-03,,Germany,Rossburgh,Product Manager,Product,,95459,2026-09-07 15:41:39.186659,2026-09-07 15:41:39.186659
E1770,Karen,Moore,Non-binary,1993-01-18,2021-02-15,,USA,Staceyport,HR Specialist,HR,,65594,2026-09-07 15:41:39.186659,2026-09-07 15:41:39.186659
E1771,Michael,Smith,Female,1976-09-10,2016-07-14,2018-08-08,Nigeria,North Ericahaven,Data Engineer,Data,,94401,2026-09-07 15:41:39.186659,2026-09-07 15:41:39.186659
E1772,Peter,Davis,Female,1998-03-27,2017-08-18,2019-10-11,India,Adamsport,HR Specialist,HR,,74998,2026-09-07 15:41:39.186659,2026-09-07 15:41:39.186659
E1773,Ann,Woods,Non-binary,1990-02-12,2016-12-23,,UK,Robinsonton,HR Specialist,HR,,59431,2026-09-07 15:41:39.186659,2026-09-07 15:41:39.186659
E1774,Christopher,Hernandez,Non-binary,1984-12-20,2016-07-24,2021-03-11,UK,Lake Stacy,HR Specialist,HR,,78477,2026-09-07 15:41:39.186659,2026-09-07 15:41:39.186659
E1775,Joshua,Shaw,Male,1983-02-11,2023-12-16,,Germany,Lake Christopher,Sales Manager,Sales,,94634,2026-09-07 15:41:39.186659,2026-09-07 15:41:39.186659
E1776,Jennifer,Cole,Male,1989-03-07,2016-02-18,2017-01-17,Germany,Gonzalezberg,Software Engineer,Engineering,,95222,2026-09-07 15:41:39.186659,2026-09-07 15:41:39.186659
E1777,Robert,Trujillo,Non-binary,1979-08-04,2022-06-17,,Canada,North Jasonberg,Data Engineer,Data,,124099,2026-09-07 15:41:39.186659,2026-09-07 15:41:39.186659
E1778,Mary,Johnson,Male,1982-03-31,2024-09-16,,Nigeria,Lisaberg,Software Engineer,Engineering,,84287,2026-09-07 15:41:39.186659,2026-09-07 15:41:39.186659
E1779,Michael,Martin,Male,1998-11-02,2024-04-21,,India,South Jennifer,HR Specialist,HR,,56602,2026-09-07 15:41:39.186659,2026-09-07 15:41:39.186659
E1780,Mandy,Diaz,Female,1992-03-16,2026-04-15,,Canada,Lauraside,Data Engineer,Data,,118716,2026-09-07 15:41:39.186659,2026-09-07 15:41:39.186659
E1781,Ruth,Bell,Non-binary,1993-08-01,2018-08-29,,Canada,Tammytown,Support Specialist,Support,,43753,2026-09-07 15:41:39.186659,2026-09-07 15:41:39.186659
E1782,Christopher,Arroyo,Male,1989-02-19,2016-05-10,,India,Kristinport,Sales Manager,Sales,,67553,2026-09-07 15:41:39.186659,2026-09-07 15:41:39.186659
E1783,Bryan,Riggs,Non-binary,1999-06-10,2016-01-03,,USA,East Nicole,Finance Analyst,Finance,,71958,2026-09-07 15:41:39.186659,2026-09-07 15:41:39.186659
E1784,Luis,Davis,Non-binary,1993-01-01,2023-07-14,,Canada,South Matthewport,Product Manager,Product,,92629,2026-09-07 15:41:39.186659,2026-09-07 15:41:39.186659
E1785,Laura,Werner,Non-binary,1977-05-23,2019-10-03,,Germany,New Billy,Product Manager,Product,,101858,2026-09-07 15:41:39.186659,2026-09-07 15:41:39.186659
E1786,Diane,French,Non-binary,1972-05-24,2026-05-02,,India,Reesefurt,Product Manager,Product,,119689,2026-09-07 15:41:39.186659,2026-09-07 15:41:39.186659
E1787,Shelby,Wiley,Male,2002-10-10,2022-08-16,,Germany,Sotostad,Finance Analyst,Finance,,78729,2026-09-07 15:41:39.186659,2026-09-07 15:41:39.186659
E1788,Yvonne,Martinez,Female,1986-10-07,2022-11-16,,USA,Vincentside,Product Manager,Product,,133042,2026-09-07 15:41:39.186659,2026-09-07 15:41:39.186659
E1789,Pamela,Robinson,Male,1977-03-22,2023-09-15,2026-05-15,Germany,Lake Jerrytown,HR Specialist,HR,,53399,2026-09-07 15:41:39.186659,2026-09-07 15:41:39.186659
E1790,Joseph,Robertson,Male,1976-09-04,2022-09-01,2023-10-20,Germany,Victorburgh,Data Engineer,Data,,98759,2026-09-07 15:41:39.186659,2026-09-07 15:41:39.186659
E1791,Whitney,Taylor,Female,1976-07-12,2023-09-12,,Germany,Port Eddieburgh,Support Specialist,Support,,64779,2026-09-07 15:41:39.186659,2026-09-07 15:41:39.186659
E1792,Christopher,Matthews,Non-binary,1985-09-20,2016-03-26,,India,Brandonland,Finance Analyst,Finance,,72645,2026-09-07 15:41:39.186659,2026-09-07 15:41:39.186659
E1793,Matthew,Osborn,Male,1977-12-07,2016-05-21,2019-04-13,Germany,Lake Matthewberg,HR Specialist,HR,,79965,2026-09-07 15:41:39.186659,2026-09-07 15:41:39.186659
E1794,Erik,Small,Male,2004-02-01,2021-10-30,,USA,South Laurabury,Data Engineer,Data,,123304,2026-09-07 15:41:39.186659,2026-09-07 15:41:39.186659
E1795,Jamie,Phillips,Male,1969-06-13,2016-07-14,2018-10-18,Germany,Vincentville,Finance Analyst,Finance,,64407,2026-09-07 15:41:39.186659,2026-09-07 15:41:39.186659
E1796,Mark,Stone,Male,1973-10-18,2017-01-14,2021-01-16,USA,New Jordanburgh,Support Specialist,Support,,46525,2026-09-07 15:41:39.186659,2026-09-07 15:41:39.186659
E1797,Veronica,Cole,Male,1970-06-12,2016-09-16,,Canada,Port Ericberg,HR Specialist,HR,,57727,2026-09-07 15:41:39.186659,2026-09-07 15:41:39.186659
E1798,Laura,Gibson,Male,2002-06-25,2021-06-08,2026-08-05,USA,East Robert,Software Engineer,Engineering,,86095,2026-09-07 15:41:39.186659,2026-09-07 15:41:39.186659
E1799,Christopher,Smith,Female,1967-08-21,2023-02-07,2024-08-11,USA,Craigberg,Software Engineer,Engineering,,83791,2026-09-07 15:41:39.186659,2026-09-07 15:41:39.186659
E1800,Kayla,Wilson,Non-binary,1971-02-27,2023-08-16,,Germany,Elizabethville,Software Engineer,Engineering,,89280,2026-09-07 15:41:39.186659,2026-09-07 15:41:39.186659
E1801,Jessica,Mata,Female,1976-06-01,2021-02-05,,Germany,Samanthaview,Data Engineer,Data,,113235,2026-09-07 15:41:39.186659,2026-09-07 15:41:39.186659
E1802,David,Wilkinson,Male,1999-12-06,2025-11-09,,Nigeria,Tranland,Software Engineer,Engineering,,90767,2026-09-07 15:41:39.186659,2026-09-07 15:41:39.186659
E1803,Pamela,Torres,Non-binary,2004-02-09,2022-04-11,,Nigeria,New Hannahhaven,Sales Manager,Sales,,87056,2026-09-07 15:41:39.186659,2026-09-07 15:41:39.186659
E1804,Matthew,Rodriguez,Female,1974-09-17,2022-01-29,,Germany,Port Alexis,HR Specialist,HR,,58487,2026-09-07 15:41:39.186659,2026-09-07 15:41:39.186659
E1805,Donna,Davis,Male,1969-04-27,2024-02-27,,India,Lake Taylor,Finance Analyst,Finance,,68772,2026-09-07 15:41:39.186659,2026-09-07 15:41:39.186659
E1806,Oscar,Gilmore,Non-binary,1996-12-03,2018-07-06,,Nigeria,Ericstad,Product Manager,Product,,95215,2026-09-07 15:41:39.186659,2026-09-07 15:41:39.186659
E1807,Gordon,Raymond,Female,1987-03-10,2018-07-18,,Canada,New Danielton,Data Engineer,Data,,101629,2026-09-07 15:41:39.186659,2026-09-07 15:41:39.186659
E1808,James,Hernandez,Non-binary,1968-04-22,2020-12-29,,Germany,Edwardland,Product Manager,Product,,90473,2026-09-07 15:41:39.186659,2026-09-07 15:41:39.186659
E1809,Brian,Chambers,Non-binary,1990-07-22,2022-05-28,,USA,North Lisa,Software Engineer,Engineering,,107285,2026-09-07 15:41:39.186659,2026-09-07 15:41:39.186659
E1810,Holly,Hampton,Female,1989-12-28,2017-05-24,,India,Hillfurt,Support Specialist,Support,,59782,2026-09-07 15:41:39.186659,2026-09-07 15:41:39.186659
E1811,Janet,Romero,Male,1979-01-04,2017-10-22,,Canada,New Cheryl,HR Specialist,HR,,64848,2026-09-07 15:41:39.186659,2026-09-07 15:41:39.186659
E1812,Carlos,Young,Non-binary,1990-10-10,2025-10-27,,Nigeria,Haleyville,Software Engineer,Engineering,,121767,2026-09-07 15:41:39.186659,2026-09-07 15:41:39.186659
E1813,Christopher,Mendoza,Female,1977-06-06,2019-03-09,,Canada,South Josephville,Finance Analyst,Finance,,76365,2026-09-07 15:41:39.186659,2026-09-07 15:41:39.186659
E1814,April,Garcia,Female,1971-01-25,2018-05-25,2019-09-29,UK,North Elizabeth,Finance Analyst,Finance,,62484,2026-09-07 15:41:39.186659,2026-09-07 15:41:39.186659
E1815,Bethany,Martin,Non-binary,2001-09-19,2022-10-11,,USA,Port Erikport,Data Engineer,Data,,102498,2026-09-07 15:41:39.186659,2026-09-07 15:41:39.186659
E1816,Mary,Nelson,Female,1982-08-31,2020-09-05,,Nigeria,Johnport,Product Manager,Product,,102412,2026-09-07 15:41:39.186659,2026-09-07 15:41:39.186659
E1817,Chloe,Cole,Non-binary,1979-10-12,2021-07-23,,Canada,West Jeffrey,Sales Manager,Sales,,98014,2026-09-07 15:41:39.186659,2026-09-07 15:41:39.186659
E1818,Dominique,Torres,Male,1985-10-19,2016-09-11,2019-03-21,Germany,West Gregory,Support Specialist,Support,,42294,2026-09-07 15:41:39.186659,2026-09-07 15:41:39.186659
E1819,Melanie,Shaw,Non-binary,1991-07-10,2021-10-24,,USA,Johnsonland,HR Specialist,HR,,60095,2026-09-07 15:41:39.186659,2026-09-07 15:41:39.186659
E1820,Timothy,Sandoval,Female,2002-01-01,2018-08-12,,Germany,West Tina,Software Engineer,Engineering,,115184,2026-09-07 15:41:39.186659,2026-09-07 15:41:39.186659
E1821,Joseph,Matthews,Male,1977-01-12,2026-04-19,,Nigeria,Elijahbury,Data Engineer,Data,,101664,2026-09-07 15:41:39.186659,2026-09-07 15:41:39.186659
E1822,Joseph,Sanchez,Non-binary,1996-12-09,2022-05-27,2023-07-31,Canada,East Hannahview,Finance Analyst,Finance,,71206,2026-09-07 15:41:39.186659,2026-09-07 15:41:39.186659
E1823,Amber,Flowers,Male,1973-01-11,2022-06-22,,Canada,Lake Stephen,Product Manager,Product,,99047,2026-09-07 15:41:39.186659,2026-09-07 15:41:39.186659
E1824,Wendy,Vaughn,Female,1980-02-15,2016-02-03,,Canada,North Shawn,Product Manager,Product,,102175,2026-09-07 15:41:39.186659,2026-09-07 15:41:39.186659
E1825,Calvin,Levy,Non-binary,1973-01-24,2017-05-26,2020-10-04,UK,Lake Charles,HR Specialist,HR,,74040,2026-09-07 15:41:39.186659,2026-09-07 15:41:39.186659
E1826,Thomas,West,Male,1967-12-17,2019-05-05,,Germany,East Laurieton,Support Specialist,Support,,61996,2026-09-07 15:41:39.186659,2026-09-07 15:41:39.186659
E1827,Monica,Graham,Male,2002-08-08,2017-08-02,,Canada,Port Michael,Software Engineer,Engineering,,111077,2026-09-07 15:41:39.186659,2026-09-07 15:41:39.186659
E1828,Anthony,Bryant,Non-binary,1996-05-19,2025-01-13,,Germany,South Rachelview,Product Manager,Product,,111077,2026-09-07 15:41:39.186659,2026-09-07 15:41:39.186659
E1829,Emily,Hanson,Male,2004-01-06,2025-11-22,,UK,Lake Patrick,HR Specialist,HR,,73468,2026-09-07 15:41:39.186659,2026-09-07 15:41:39.186659
E1830,Christine,Diaz,Female,2003-06-25,2016-07-03,,UK,Castillomouth,Data Engineer,Data,,127600,2026-09-07 15:41:39.186659,2026-09-07 15:41:39.186659
E1831,Melissa,Hood,Male,1990-10-31,2016-10-03,2019-09-13,India,Port Johnville,Support Specialist,Support,,57417,2026-09-07 15:41:39.186659,2026-09-07 15:41:39.186659
E1832,Jessica,Mitchell,Non-binary,1986-05-14,2017-10-31,2021-02-28,Nigeria,Robinsonchester,Data Engineer,Data,,94653,2026-09-07 15:41:39.186659,2026-09-07 15:41:39.186659
E1833,Michael,Reese,Male,1977-01-29,2017-06-27,,Canada,Toddfort,HR Specialist,HR,,65675,2026-09-07 15:41:39.186659,2026-09-07 15:41:39.186659
E1834,Wesley,Davis,Female,1970-09-04,2023-01-03,,UK,Johnsonmouth,HR Specialist,HR,,56141,2026-09-07 15:41:39.186659,2026-09-07 15:41:39.186659
E1835,James,Medina,Non-binary,1972-05-06,2021-04-20,2022-04-16,UK,Kristinborough,Software Engineer,Engineering,,84739,2026-09-07 15:41:39.186659,2026-09-07 15:41:39.186659
E1836,Jill,Lindsey,Female,1973-08-09,2022-10-09,,USA,Bryanport,Software Engineer,Engineering,,88676,2026-09-07 15:41:39.186659,2026-09-07 15:41:39.186659
E1837,Suzanne,Velazquez,Male,1991-02-28,2022-04-04,2026-06-25,USA,Smithland,Data Engineer,Data,,127069,2026-09-07 15:41:39.186659,2026-09-07 15:41:39.186659
E1838,Darren,Ortega,Male,1997-06-07,2024-04-29,,USA,North Preston,Software Engineer,Engineering,,102125,2026-09-07 15:41:39.186659,2026-09-07 15:41:39.186659
E1839,Rita,Parker,Non-binary,1989-06-08,2018-06-18,2022-12-18,UK,Jamesside,Sales Manager,Sales,,87426,2026-09-07 15:41:39.186659,2026-09-07 15:41:39.186659
E1840,Oscar,Garcia,Male,1986-12-04,2024-09-27,2025-10-22,Canada,West Erichaven,Sales Manager,Sales,,87395,2026-09-07 15:41:39.186659,2026-09-07 15:41:39.186659
E1841,Scott,Williams,Male,1987-02-23,2017-09-05,,Germany,Hunterfort,Data Engineer,Data,,120744,2026-09-07 15:41:39.186659,2026-09-07 15:41:39.186659
E1842,Christy,Hernandez,Male,2004-06-03,2020-08-24,,UK,North Paulton,Finance Analyst,Finance,,63842,2026-09-07 15:41:39.186659,2026-09-07 15:41:39.186659
E1843,Julie,Hicks,Non-binary,1985-08-09,2024-09-11,,Germany,Port Greggchester,Sales Manager,Sales,,92835,2026-09-07 15:41:39.186659,2026-09-07 15:41:39.186659
E1844,Blake,Torres,Male,1988-07-08,2020-10-04,,Nigeria,North Kathryn,Software Engineer,Engineering,,111463,2026-09-07 15:41:39.186659,2026-09-07 15:41:39.186659
E1845,Pamela,Bryan,Female,1976-07-18,2022-07-25,,UK,Johnsonburgh,Software Engineer,Engineering,,128370,2026-09-07 15:41:39.186659,2026-09-07 15:41:39.186659
E1846,Diana,Smith,Female,1972-02-10,2021-07-08,,USA,East Carlosmouth,Sales Manager,Sales,,66203,2026-09-07 15:41:39.186659,2026-09-07 15:41:39.186659
E1847,Hunter,Beck,Female,1969-10-15,2019-07-29,,Canada,Hartmanhaven,Software Engineer,Engineering,,104416,2026-09-07 15:41:39.186659,2026-09-07 15:41:39.186659
E1848,Dawn,Wolfe,Non-binary,2003-12-02,2019-06-26,,Germany,Lake Pamela,Data Engineer,Data,,102584,2026-09-07 15:41:39.186659,2026-09-07 15:41:39.186659
E1849,Bradley,Morrison,Female,1992-03-23,2023-05-31,2024-07-28,Canada,Johnstad,Software Engineer,Engineering,,91813,2026-09-07 15:41:39.186659,2026-09-07 15:41:39.186659
E1850,Jesse,Mills,Male,1976-08-06,2021-09-03,,India,New Ashleyton,Sales Manager,Sales,,66347,2026-09-07 15:41:39.186659,2026-09-07 15:41:39.186659
E1851,Elizabeth,Davis,Non-binary,1983-08-13,2025-01-25,,Canada,Kellerberg,Support Specialist,Support,,59811,2026-09-07 15:41:39.186659,2026-09-07 15:41:39.186659
E1852,Mary,Wang,Non-binary,1981-06-09,2018-06-08,,Nigeria,Davisside,Product Manager,Product,,133248,2026-09-07 15:41:39.186659,2026-09-07 15:41:39.186659
E1853,Matthew,Carter,Female,1970-02-03,2026-02-10,,Nigeria,Martinezstad,Support Specialist,Support,,61658,2026-09-07 15:41:39.186659,2026-09-07 15:41:39.186659
E1854,Stephanie,James,Female,1990-02-20,2020-09-02,2023-06-03,India,East Jasonbury,HR Specialist,HR,,65839,2026-09-07 15:41:39.186659,2026-09-07 15:41:39.186659
E1855,James,Beck,Female,1984-05-04,2021-11-03,,UK,Jenniferview,Product Manager,Product,,101702,2026-09-07 15:41:39.186659,2026-09-07 15:41:39.186659
E1856,Stephanie,Avila,Male,1976-10-19,2026-03-10,,Nigeria,Matthewmouth,Product Manager,Product,,110278,2026-09-07 15:41:39.186659,2026-09-07 15:41:39.186659
E1857,Austin,Mcconnell,Non-binary,2001-08-12,2018-04-16,2020-11-13,Germany,West Corychester,Data Engineer,Data,,95990,2026-09-07 15:41:39.186659,2026-09-07 15:41:39.186659
E1858,Monica,Green,Non-binary,1974-04-11,2020-03-02,,Germany,West Amandaport,Product Manager,Product,,135869,2026-09-07 15:41:39.186659,2026-09-07 15:41:39.186659
E1859,Kevin,Pacheco,Non-binary,1984-08-24,2023-03-18,,Nigeria,Melissaborough,Product Manager,Product,,132542,2026-09-07 15:41:39.186659,2026-09-07 15:41:39.186659
E1860,Wayne,Tate,Non-binary,1976-08-17,2021-11-08,,USA,East Meredithstad,Finance Analyst,Finance,,87552,2026-09-07 15:41:39.186659,2026-09-07 15:41:39.186659
E1861,Justin,Nelson,Female,1989-04-28,2022-07-15,,Germany,New Daniel,Product Manager,Product,,130912,2026-09-07 15:41:39.186659,2026-09-07 15:41:39.186659
E1862,Heather,Lowery,Non-binary,1991-11-16,2019-09-03,,Germany,Jamesland,HR Specialist,HR,,77957,2026-09-07 15:41:39.186659,2026-09-07 15:41:39.186659
E1863,Amber,Gardner,Non-binary,1984-08-30,2022-05-01,,Canada,Charlesland,Finance Analyst,Finance,,56258,2026-09-07 15:41:39.186659,2026-09-07 15:41:39.186659
E1864,Patrick,Campbell,Non-binary,1969-08-23,2016-06-27,2020-01-29,Nigeria,Kevintown,Support Specialist,Support,,60741,2026-09-07 15:41:39.186659,2026-09-07 15:41:39.186659
E1865,Dana,Johnston,Non-binary,1990-12-25,2023-10-18,,Nigeria,Heatherburgh,HR Specialist,HR,,53045,2026-09-07 15:41:39.186659,2026-09-07 15:41:39.186659
E1866,Scott,Bryant,Non-binary,2001-07-28,2023-02-25,2025-04-24,Nigeria,Lake Laurachester,Sales Manager,Sales,,106891,2026-09-07 15:41:39.186659,2026-09-07 15:41:39.186659
E1867,Kathleen,Rivera,Male,1988-05-30,2025-11-15,,USA,North Veronicaport,Support Specialist,Support,,56400,2026-09-07 15:41:39.186659,2026-09-07 15:41:39.186659
E1868,Barbara,Moss,Female,1969-10-18,2025-04-23,,Canada,Brandonmouth,HR Specialist,HR,,59210,2026-09-07 15:41:39.186659,2026-09-07 15:41:39.186659
E1869,Lisa,Mccormick,Female,1980-02-03,2020-04-10,,Canada,Garciaville,Finance Analyst,Finance,,71263,2026-09-07 15:41:39.186659,2026-09-07 15:41:39.186659
E1870,Jennifer,Contreras,Non-binary,2001-10-27,2019-04-12,2022-02-12,Nigeria,Deleonburgh,Sales Manager,Sales,,105743,2026-09-07 15:41:39.186659,2026-09-07 15:41:39.186659
E1871,Joel,Lin,Male,1996-10-17,2019-11-04,,UK,Normanhaven,Finance Analyst,Finance,,60148,2026-09-07 15:41:39.186659,2026-09-07 15:41:39.186659
E1872,Theodore,Lopez,Male,1980-03-20,2023-08-13,,Canada,North Andrea,Sales Manager,Sales,,69225,2026-09-07 15:41:39.186659,2026-09-07 15:41:39.186659
E1873,Sara,Harrison,Male,1998-09-20,2024-10-08,,Canada,Gavinview,Data Engineer,Data,,109798,2026-09-07 15:41:39.186659,2026-09-07 15:41:39.186659
E1874,Heather,Morales,Male,1982-12-09,2020-05-01,2024-03-11,USA,North Victoria,Software Engineer,Engineering,,104061,2026-09-07 15:41:39.186659,2026-09-07 15:41:39.186659
E1875,Mark,Reed,Male,1984-08-04,2025-10-26,,UK,South Jordanton,Support Specialist,Support,,56607,2026-09-07 15:41:39.186659,2026-09-07 15:41:39.186659
E1876,Joseph,Riddle,Male,1999-08-03,2019-07-11,2022-09-03,USA,South David,Product Manager,Product,,105623,2026-09-07 15:41:39.186659,2026-09-07 15:41:39.186659
E1877,Madison,Gilmore,Male,1977-11-27,2021-06-30,,Germany,North Amandashire,Data Engineer,Data,,111079,2026-09-07 15:41:39.186659,2026-09-07 15:41:39.186659
E1878,Robert,Chandler,Male,1999-07-01,2026-03-12,,India,West Joseph,Support Specialist,Support,,45118,2026-09-07 15:41:39.186659,2026-09-07 15:41:39.186659
E1879,Brandon,Leon,Female,1984-07-04,2021-06-24,,Nigeria,South Patrickbury,HR Specialist,HR,,76751,2026-09-07 15:41:39.186659,2026-09-07 15:41:39.186659
E1880,Cassandra,Freeman,Non-binary,1983-03-08,2023-07-31,2025-06-28,USA,East Matthew,HR Specialist,HR,,51280,2026-09-07 15:41:39.186659,2026-09-07 15:41:39.186659
E1881,Tom,Thompson,Non-binary,1984-02-09,2016-03-23,,Germany,Port James,HR Specialist,HR,,66706,2026-09-07 15:41:39.186659,2026-09-07 15:41:39.186659
E1882,Keith,Blake,Non-binary,1971-05-08,2021-06-11,,Canada,Lake Robert,Finance Analyst,Finance,,82733,2026-09-07 15:41:39.186659,2026-09-07 15:41:39.186659
E1883,Daniel,Vega,Non-binary,1986-05-18,2018-10-14,,Germany,Carrilloberg,Sales Manager,Sales,,77979,2026-09-07 15:41:39.186659,2026-09-07 15:41:39.186659
E1884,Susan,Booth,Non-binary,1991-02-09,2025-10-11,,UK,North Ashley,Finance Analyst,Finance,,57708,2026-09-07 15:41:39.186659,2026-09-07 15:41:39.186659
E1885,Charles,Lee,Male,1975-02-19,2019-03-13,,Germany,South Stefanie,Product Manager,Product,,117500,2026-09-07 15:41:39.186659,2026-09-07 15:41:39.186659
E1886,Kelly,Mccormick,Non-binary,1999-04-08,2023-06-04,,Germany,East Charlesfurt,HR Specialist,HR,,73885,2026-09-07 15:41:39.186659,2026-09-07 15:41:39.186659
E1887,William,Vance,Female,1969-12-22,2016-03-09,,USA,Rochachester,Software Engineer,Engineering,,87389,2026-09-07 15:41:39.186659,2026-09-07 15:41:39.186659
E1888,Monique,Rivera,Non-binary,1985-12-27,2021-03-14,2024-01-30,USA,New Haleytown,Finance Analyst,Finance,,60963,2026-09-07 15:41:39.186659,2026-09-07 15:41:39.186659
E1889,Randall,Wade,Male,1974-04-11,2021-10-14,2023-05-15,Canada,West Michelle,Finance Analyst,Finance,,69009,2026-09-07 15:41:39.186659,2026-09-07 15:41:39.186659
E1890,John,Warner,Female,1975-07-14,2024-08-29,,UK,Deannabury,Data Engineer,Data,,128513,2026-09-07 15:41:39.186659,2026-09-07 15:41:39.186659
E1891,Brenda,Harris,Female,1978-05-07,2024-09-29,,Germany,Trevorbury,Support Specialist,Support,,52750,2026-09-07 15:41:39.186659,2026-09-07 15:41:39.186659
E1892,Joseph,Dyer,Male,1975-01-06,2021-12-19,,UK,Port Kelseymouth,Finance Analyst,Finance,,58283,2026-09-07 15:41:39.186659,2026-09-07 15:41:39.186659
E1893,Paula,Campbell,Non-binary,1975-07-27,2016-05-11,,USA,Rossstad,Software Engineer,Engineering,,98073,2026-09-07 15:41:39.186659,2026-09-07 15:41:39.186659
E1894,Bradley,Arnold,Male,1969-03-05,2021-07-04,,UK,Jonathanville,Support Specialist,Support,,58152,2026-09-07 15:41:39.186659,2026-09-07 15:41:39.186659
E1895,Allen,Hernandez,Non-binary,1978-08-23,2025-05-18,,Germany,Walshbury,Support Specialist,Support,,54597,2026-09-07 15:41:39.186659,2026-09-07 15:41:39.186659
E1896,William,White,Non-binary,1990-06-25,2023-10-07,2026-07-16,Germany,Jenniferton,Finance Analyst,Finance,,83795,2026-09-07 15:41:39.186659,2026-09-07 15:41:39.186659
E1897,James,Lewis,Male,2000-08-10,2026-07-05,,USA,Michaelchester,Finance Analyst,Finance,,58093,2026-09-07 15:41:39.186659,2026-09-07 15:41:39.186659
E1898,Victoria,Wood,Non-binary,1972-04-22,2016-03-20,,Canada,Kevinburgh,Product Manager,Product,,126539,2026-09-07 15:41:39.186659,2026-09-07 15:41:39.186659
E1899,Justin,Fitzgerald,Male,1970-05-08,2024-08-21,,India,East Edwardbury,HR Specialist,HR,,62686,2026-09-07 15:41:39.186659,2026-09-07 15:41:39.186659
E1900,Harold,Steele,Female,1993-10-27,2022-08-12,,Nigeria,Port Crystalchester,Data Engineer,Data,,121172,2026-09-07 15:41:39.186659,2026-09-07 15:41:39.186659
E1901,Joshua,Marshall,Female,1993-05-19,2018-01-16,2019-08-17,Canada,Millerfurt,Product Manager,Product,,91170,2026-09-07 15:41:39.186659,2026-09-07 15:41:39.186659
E1902,Jeffery,Hunt,Female,1979-03-27,2020-03-19,,Nigeria,West Louisside,HR Specialist,HR,,57749,2026-09-07 15:41:39.186659,2026-09-07 15:41:39.186659
E1903,William,Mitchell,Non-binary,1987-11-17,2020-10-07,,Nigeria,Lake Debra,Sales Manager,Sales,,90644,2026-09-07 15:41:39.186659,2026-09-07 15:41:39.186659
E1904,Jessica,Williams,Male,1992-06-14,2026-08-13,,India,New James,Data Engineer,Data,,92943,2026-09-07 15:41:39.186659,2026-09-07 15:41:39.186659
E1905,Timothy,West,Male,1982-09-11,2019-12-02,2023-11-05,Canada,East Nicoleberg,Software Engineer,Engineering,,85038,2026-09-07 15:41:39.186659,2026-09-07 15:41:39.186659
E1906,Melinda,Russell,Non-binary,1981-08-25,2018-10-29,,UK,Leehaven,Support Specialist,Support,,56478,2026-09-07 15:41:39.186659,2026-09-07 15:41:39.186659
E1907,Katrina,Wilson,Female,1975-05-03,2021-11-19,2022-10-05,Nigeria,Scottport,Finance Analyst,Finance,,78479,2026-09-07 15:41:39.186659,2026-09-07 15:41:39.186659
E1908,Joel,Bryan,Female,2002-09-06,2025-04-17,,Germany,Moranberg,Product Manager,Product,,133824,2026-09-07 15:41:39.186659,2026-09-07 15:41:39.186659
E1909,Alexis,Avila,Female,1972-03-09,2019-11-13,,Canada,Joneschester,Finance Analyst,Finance,,86909,2026-09-07 15:41:39.186659,2026-09-07 15:41:39.186659
E1910,Patricia,Nguyen,Female,2002-01-19,2023-12-20,,Germany,Baileyhaven,Support Specialist,Support,,53826,2026-09-07 15:41:39.186659,2026-09-07 15:41:39.186659
E1911,Courtney,Gomez,Female,1992-11-23,2020-12-07,,USA,Stewartville,Data Engineer,Data,,89786,2026-09-07 15:41:39.186659,2026-09-07 15:41:39.186659
E1912,Jamie,Martin,Female,1971-02-16,2020-01-13,,Germany,Michelleport,Product Manager,Product,,127102,2026-09-07 15:41:39.186659,2026-09-07 15:41:39.186659
E1913,Aimee,Gilbert,Male,1981-02-09,2026-07-10,,UK,Moorebury,Data Engineer,Data,,124555,2026-09-07 15:41:39.186659,2026-09-07 15:41:39.186659
E1914,Betty,Stewart,Female,1996-11-08,2019-01-26,,UK,Port Johnfurt,HR Specialist,HR,,63996,2026-09-07 15:41:39.186659,2026-09-07 15:41:39.186659
E1915,Patricia,Lee,Non-binary,1988-10-09,2018-12-16,,USA,South Richard,Product Manager,Product,,106637,2026-09-07 15:41:39.186659,2026-09-07 15:41:39.186659
E1916,Amy,Gomez,Male,1999-05-01,2020-12-18,,Germany,Port Dianestad,Finance Analyst,Finance,,88537,2026-09-07 15:41:39.186659,2026-09-07 15:41:39.186659
E1917,Cheryl,Williams,Non-binary,1986-02-18,2016-01-14,2020-06-26,USA,Mathisberg,Sales Manager,Sales,,85173,2026-09-07 15:41:39.186659,2026-09-07 15:41:39.186659
E1918,Jonathan,Peterson,Non-binary,1981-01-21,2020-06-01,,Canada,New Lindaland,Finance Analyst,Finance,,89468,2026-09-07 15:41:39.186659,2026-09-07 15:41:39.186659
E1919,Jessica,Rodriguez,Female,1990-07-15,2020-11-01,,Canada,New Jessebury,Support Specialist,Support,,65878,2026-09-07 15:41:39.186659,2026-09-07 15:41:39.186659
E1920,Andrew,Johnston,Male,1978-10-23,2017-05-04,,Germany,East Michael,Sales Manager,Sales,,67596,2026-09-07 15:41:39.186659,2026-09-07 15:41:39.186659
E1921,Brianna,Brown,Female,1997-11-23,2021-10-05,,Canada,Lake Grantberg,Finance Analyst,Finance,,83131,2026-09-07 15:41:39.186659,2026-09-07 15:41:39.186659
E1922,Thomas,Cook,Male,1993-09-29,2018-02-22,,Germany,West Benjaminshire,Data Engineer,Data,,116309,2026-09-07 15:41:39.186659,2026-09-07 15:41:39.186659
E1923,Caleb,Morgan,Male,1982-03-15,2019-11-04,,Germany,North Ashley,HR Specialist,HR,,53356,2026-09-07 15:41:39.186659,2026-09-07 15:41:39.186659
E1924,William,Williams,Non-binary,1974-10-06,2026-08-11,,Germany,New Michael,Finance Analyst,Finance,,76273,2026-09-07 15:41:39.186659,2026-09-07 15:41:39.186659
E1925,Mathew,Walker,Male,1986-10-15,2022-03-15,,UK,Wendyport,Data Engineer,Data,,116002,2026-09-07 15:41:39.186659,2026-09-07 15:41:39.186659
E1926,Joshua,Taylor,Non-binary,2001-10-02,2020-12-03,2021-10-04,UK,Port Brian,HR Specialist,HR,,76336,2026-09-07 15:41:39.186659,2026-09-07 15:41:39.186659
E1927,Kaitlin,Young,Male,2003-02-21,2021-10-13,,India,Laurenshire,Software Engineer,Engineering,,89264,2026-09-07 15:41:39.186659,2026-09-07 15:41:39.186659
E1928,Anita,White,Male,1978-05-31,2024-06-22,,USA,Starktown,HR Specialist,HR,,64955,2026-09-07 15:41:39.186659,2026-09-07 15:41:39.186659
E1929,Timothy,Decker,Non-binary,1983-02-22,2019-03-07,2020-01-13,Germany,Johnshire,Finance Analyst,Finance,,75798,2026-09-07 15:41:39.186659,2026-09-07 15:41:39.186659
E1930,Hunter,Henderson,Male,1994-08-27,2024-06-28,,Germany,Sosaville,Support Specialist,Support,,45990,2026-09-07 15:41:39.186659,2026-09-07 15:41:39.186659
E1931,Jillian,Russo,Female,2000-11-16,2026-04-13,,USA,East Christopherport,Data Engineer,Data,,111438,2026-09-07 15:41:39.186659,2026-09-07 15:41:39.186659
E1932,Jason,Jones,Non-binary,1977-04-09,2021-04-20,2024-12-29,Nigeria,Port Paulfurt,Data Engineer,Data,,85570,2026-09-07 15:41:39.186659,2026-09-07 15:41:39.186659
E1933,Samuel,Miller,Male,1982-09-12,2023-10-05,2026-01-14,Germany,West William,Support Specialist,Support,,68663,2026-09-07 15:41:39.186659,2026-09-07 15:41:39.186659
E1934,Cynthia,Estrada,Male,1997-06-03,2020-07-23,2024-04-04,Germany,West Jasonmouth,Sales Manager,Sales,,60202,2026-09-07 15:41:39.186659,2026-09-07 15:41:39.186659
E1935,Debbie,Wilson,Non-binary,1989-11-17,2023-08-25,,Nigeria,Lake Brittanyland,Support Specialist,Support,,49103,2026-09-07 15:41:39.186659,2026-09-07 15:41:39.186659
E1936,Stephen,Mcclure,Male,2003-08-21,2019-07-01,,India,South Kelly,Support Specialist,Support,,50527,2026-09-07 15:41:39.186659,2026-09-07 15:41:39.186659
E1937,Virginia,Lopez,Female,1972-10-25,2025-06-04,,Germany,East Stephen,Sales Manager,Sales,,73277,2026-09-07 15:41:39.186659,2026-09-07 15:41:39.186659
E1938,Janet,Wilson,Non-binary,1979-06-09,2022-06-21,,Germany,Leonhaven,Sales Manager,Sales,,84206,2026-09-07 15:41:39.186659,2026-09-07 15:41:39.186659
E1939,Scott,Jones,Non-binary,1979-12-02,2024-02-21,,India,New Jacquelineland,Product Manager,Product,,100243,2026-09-07 15:41:39.186659,2026-09-07 15:41:39.186659
E1940,Karen,Hamilton,Male,1986-02-08,2021-05-14,,Germany,West Vincentport,Support Specialist,Support,,64853,2026-09-07 15:41:39.186659,2026-09-07 15:41:39.186659
E1941,Jon,Green,Male,2002-06-12,2022-06-04,,UK,Lake Brandon,Software Engineer,Engineering,,122909,2026-09-07 15:41:39.186659,2026-09-07 15:41:39.186659
E1942,Kelly,Clark,Male,2001-03-16,2019-01-10,,Nigeria,Michellefurt,Sales Manager,Sales,,86616,2026-09-07 15:41:39.186659,2026-09-07 15:41:39.186659
E1943,Jeffrey,Reed,Female,1969-04-21,2020-11-13,,Nigeria,Richardshire,Sales Manager,Sales,,63385,2026-09-07 15:41:39.186659,2026-09-07 15:41:39.186659
E1944,Samantha,Schmidt,Female,1967-07-27,2020-07-18,,Canada,Tanyastad,Sales Manager,Sales,,63600,2026-09-07 15:41:39.186659,2026-09-07 15:41:39.186659
E1945,Billy,Leonard,Female,1990-06-22,2019-01-24,,Canada,Dickersonfurt,Support Specialist,Support,,50979,2026-09-07 15:41:39.186659,2026-09-07 15:41:39.186659
E1946,Carla,Stone,Male,1993-04-24,2026-03-25,,India,West Kaylaport,Support Specialist,Support,,57238,2026-09-07 15:41:39.186659,2026-09-07 15:41:39.186659
E1947,Eric,Kelly,Non-binary,1994-01-19,2024-07-30,,USA,New Matthew,Data Engineer,Data,,123077,2026-09-07 15:41:39.186659,2026-09-07 15:41:39.186659
E1948,Susan,White,Female,1977-12-14,2017-12-31,,Canada,Sherylfort,HR Specialist,HR,,79742,2026-09-07 15:41:39.186659,2026-09-07 15:41:39.186659
E1949,Eugene,Smith,Non-binary,1985-01-27,2021-12-17,,Germany,Taylorshire,Finance Analyst,Finance,,72879,2026-09-07 15:41:39.186659,2026-09-07 15:41:39.186659
E1950,Jason,Tate,Male,1981-12-09,2020-11-22,,Germany,Swansonshire,Support Specialist,Support,,60876,2026-09-07 15:41:39.186659,2026-09-07 15:41:39.186659
E1951,Donald,Lynch,Male,1971-01-07,2018-12-05,,Germany,Lake Carolyn,Support Specialist,Support,,46868,2026-09-07 15:41:39.186659,2026-09-07 15:41:39.186659
E1952,Brandon,James,Non-binary,1972-08-20,2020-10-24,,UK,New Alyssa,Data Engineer,Data,,102772,2026-09-07 15:41:39.186659,2026-09-07 15:41:39.186659
E1953,Vernon,Mendoza,Non-binary,1986-09-29,2020-05-18,,Canada,South Timothychester,Software Engineer,Engineering,,121074,2026-09-07 15:41:39.186659,2026-09-07 15:41:39.186659
E1954,Jacob,Murray,Male,1986-05-11,2022-02-15,,UK,New Kelseyhaven,Product Manager,Product,,139971,2026-09-07 15:41:39.186659,2026-09-07 15:41:39.186659
E1955,James,Martinez,Female,2000-04-18,2018-01-25,,India,Wheelerbury,Sales Manager,Sales,,88109,2026-09-07 15:41:39.186659,2026-09-07 15:41:39.186659
E1956,Kenneth,Harrington,Non-binary,1967-09-30,2025-02-16,,Nigeria,Lake Richardberg,Sales Manager,Sales,,99839,2026-09-07 15:41:39.186659,2026-09-07 15:41:39.186659
E1957,Brandon,Lopez,Male,1997-10-06,2022-09-26,2025-11-29,Nigeria,New Robertport,Product Manager,Product,,103626,2026-09-07 15:41:39.186659,2026-09-07 15:41:39.186659
E1958,Heather,Collins,Female,1979-06-01,2022-11-16,,India,Jamesstad,HR Specialist,HR,,71421,2026-09-07 15:41:39.186659,2026-09-07 15:41:39.186659
E1959,Keith,Tate,Male,1997-10-06,2021-06-06,,India,East Karen,HR Specialist,HR,,76626,2026-09-07 15:41:39.186659,2026-09-07 15:41:39.186659
E1960,Jennifer,Robinson,Non-binary,1973-01-13,2020-01-05,,Canada,Travisside,HR Specialist,HR,,55809,2026-09-07 15:41:39.186659,2026-09-07 15:41:39.186659
E1961,Scott,Mitchell,Female,2004-04-10,2025-11-09,,Germany,South Steven,HR Specialist,HR,,68818,2026-09-07 15:41:39.186659,2026-09-07 15:41:39.186659
E1962,Jackie,Ball,Male,1980-12-25,2022-02-26,2023-10-22,India,Haileymouth,HR Specialist,HR,,58910,2026-09-07 15:41:39.186659,2026-09-07 15:41:39.186659
E1963,Cynthia,Cunningham,Female,1987-02-14,2024-02-04,,Nigeria,Lake Jennifer,Sales Manager,Sales,,107528,2026-09-07 15:41:39.186659,2026-09-07 15:41:39.186659
E1964,Andre,Daniels,Female,1986-11-16,2018-07-30,,Canada,West Jacobfurt,Support Specialist,Support,,49678,2026-09-07 15:41:39.186659,2026-09-07 15:41:39.186659
E1965,Chad,Mccoy,Male,1998-10-12,2019-12-24,,Canada,North Erin,Finance Analyst,Finance,,74662,2026-09-07 15:41:39.186659,2026-09-07 15:41:39.186659
E1966,Anna,Clark,Male,1980-04-18,2016-01-06,,USA,Port Barbarastad,Finance Analyst,Finance,,75828,2026-09-07 15:41:39.186659,2026-09-07 15:41:39.186659
E1967,George,Larson,Male,1987-05-25,2016-11-14,2019-01-30,UK,East Veronica,Sales Manager,Sales,,97419,2026-09-07 15:41:39.186659,2026-09-07 15:41:39.186659
E1968,Daniel,Chapman,Non-binary,1998-06-07,2022-04-11,,USA,South Saraland,Support Specialist,Support,,46772,2026-09-07 15:41:39.186659,2026-09-07 15:41:39.186659
E1969,Evan,Jackson,Non-binary,1984-06-20,2019-01-09,,India,West Kristine,Support Specialist,Support,,53980,2026-09-07 15:41:39.186659,2026-09-07 15:41:39.186659
E1970,Kristina,Lara,Female,1997-09-13,2021-01-11,,UK,Royfort,HR Specialist,HR,,72928,2026-09-07 15:41:39.186659,2026-09-07 15:41:39.186659
E1971,Kayla,Stokes,Male,1988-10-05,2020-12-02,,Canada,West Timothy,Support Specialist,Support,,67833,2026-09-07 15:41:39.186659,2026-09-07 15:41:39.186659
E1972,James,Ramirez,Male,1985-10-11,2026-03-30,,India,East April,Finance Analyst,Finance,,89295,2026-09-07 15:41:39.186659,2026-09-07 15:41:39.186659
E1973,Megan,Robinson,Male,1974-09-01,2025-06-23,,Germany,Georgemouth,Software Engineer,Engineering,,120421,2026-09-07 15:41:39.186659,2026-09-07 15:41:39.186659
E1974,Kevin,White,Non-binary,1999-07-06,2019-01-25,,UK,East Natasha,Support Specialist,Support,,65123,2026-09-07 15:41:39.186659,2026-09-07 15:41:39.186659
E1975,Jordan,Townsend,Male,1995-06-22,2024-09-04,,Canada,Angelaburgh,Data Engineer,Data,,91163,2026-09-07 15:41:39.186659,2026-09-07 15:41:39.186659
E1976,Anna,Jones,Male,1985-02-03,2017-09-09,,Nigeria,Mcmahonborough,Finance Analyst,Finance,,69490,2026-09-07 15:41:39.186659,2026-09-07 15:41:39.186659
E1977,Angela,Torres,Male,2004-01-30,2023-04-05,,Nigeria,Mosesmouth,Support Specialist,Support,,46009,2026-09-07 15:41:39.186659,2026-09-07 15:41:39.186659
E1978,Kevin,Jackson,Female,1996-11-24,2022-08-23,,USA,Riceborough,Support Specialist,Support,,56709,2026-09-07 15:41:39.186659,2026-09-07 15:41:39.186659
E1979,Susan,Larson,Male,1988-08-03,2020-02-24,2023-05-26,Nigeria,Christopherland,HR Specialist,HR,,73937,2026-09-07 15:41:39.186659,2026-09-07 15:41:39.186659
E1980,Angela,Taylor,Non-binary,1979-12-30,2022-07-22,2026-08-05,Nigeria,South William,Product Manager,Product,,137752,2026-09-07 15:41:39.186659,2026-09-07 15:41:39.186659
E1981,Jasmine,Taylor,Non-binary,1982-03-17,2021-10-28,,India,East Andrewside,Product Manager,Product,,138587,2026-09-07 15:41:39.186659,2026-09-07 15:41:39.186659
E1982,Jessica,Greene,Male,1994-10-18,2021-05-11,,India,New Breannaland,Data Engineer,Data,,112209,2026-09-07 15:41:39.186659,2026-09-07 15:41:39.186659
E1983,Shane,Rice,Male,1969-08-03,2018-03-12,2023-08-02,Germany,New Rachelton,Support Specialist,Support,,57044,2026-09-07 15:41:39.186659,2026-09-07 15:41:39.186659
E1984,Melissa,Bailey,Male,2000-03-14,2024-04-03,2026-01-28,Germany,South Taylor,Sales Manager,Sales,,60939,2026-09-07 15:41:39.186659,2026-09-07 15:41:39.186659
E1985,Olivia,Ramirez,Female,1987-04-08,2026-05-17,,Canada,Edwardschester,Support Specialist,Support,,42726,2026-09-07 15:41:39.186659,2026-09-07 15:41:39.186659
E1986,Wayne,Manning,Male,1969-11-02,2018-09-23,,Nigeria,Jonathanton,Support Specialist,Support,,43010,2026-09-07 15:41:39.186659,2026-09-07 15:41:39.186659
E1987,Kimberly,Fox,Female,1978-02-19,2019-09-22,,Germany,Simschester,HR Specialist,HR,,68116,2026-09-07 15:41:39.186659,2026-09-07 15:41:39.186659
E1988,Katherine,Young,Female,1977-03-07,2023-04-14,,India,West Brendan,HR Specialist,HR,,73607,2026-09-07 15:41:39.186659,2026-09-07 15:41:39.186659
E1989,Ronald,Watkins,Non-binary,1998-08-15,2017-12-20,2021-06-21,Nigeria,Samuelburgh,Product Manager,Product,,90598,2026-09-07 15:41:39.186659,2026-09-07 15:41:39.186659
E1990,Joshua,Price,Male,1993-01-13,2025-11-13,,Nigeria,East Lisa,HR Specialist,HR,,79702,2026-09-07 15:41:39.186659,2026-09-07 15:41:39.186659
E1991,Danielle,Williams,Non-binary,2002-07-19,2019-06-08,,Canada,Jeffreymouth,Finance Analyst,Finance,,77980,2026-09-07 15:41:39.186659,2026-09-07 15:41:39.186659
E1992,Corey,Chan,Male,1994-11-24,2024-07-16,2025-10-01,Nigeria,New Nicholas,HR Specialist,HR,,79531,2026-09-07 15:41:39.186659,2026-09-07 15:41:39.186659
E1993,Jerry,Miller,Female,1998-02-07,2022-09-04,,USA,Lisashire,Support Specialist,Support,,57352,2026-09-07 15:41:39.186659,2026-09-07 15:41:39.186659
E1994,Jessica,Ballard,Female,1968-11-27,2020-09-19,,Canada,Jenniferfurt,Product Manager,Product,,98760,2026-09-07 15:41:39.186659,2026-09-07 15:41:39.186659
E1995,Monica,Cook,Male,1967-11-01,2022-06-23,,Germany,Briggston,Software Engineer,Engineering,,95440,2026-09-07 15:41:39.186659,2026-09-07 15:41:39.186659
E1996,Stephanie,Austin,Non-binary,1969-04-19,2023-05-29,2024-06-08,Nigeria,New Marvinport,Sales Manager,Sales,,93370,2026-09-07 15:41:39.186659,2026-09-07 15:41:39.186659
E1997,Timothy,Miller,Female,1982-12-25,2017-03-04,,Canada,Port Carriehaven,Data Engineer,Data,,99823,2026-09-07 15:41:39.186659,2026-09-07 15:41:39.186659
E1998,Patricia,Morgan,Female,2002-03-08,2024-08-19,,Canada,Angelabury,Sales Manager,Sales,,85574,2026-09-07 15:41:39.186659,2026-09-07 15:41:39.186659
E1999,Karen,Carter,Female,1990-06-20,2018-05-08,2020-07-03,UK,North Claire,Finance Analyst,Finance,,55833,2026-09-07 15:41:39.186659,2026-09-07 15:41:39.186659
