event_id,employee_id,event_type,event_date,new_job_title,new_department,new_salary,created_at
1,E1000,transfer,2026-03-12,Support Specialist,Support,131183.0,2026-09-07 15:41:39.186659
2,E1000,salary_change,2026-03-28,,,130133.0,2026-09-07 15:41:39.186659
3,E1000,salary_change,2026-06-06,,,136411.0,2026-09-07 15:41:39.186659
4,E1000,promotion,2026-03-06,HR Specialist,HR,131555.0,2026-09-07 15:41:39.186659
5,E1000,promotion,2026-04-11,Finance Analyst,Finance,142572.0,2026-09-07 15:41:39.186659
6,E1001,transfer,2022-08-06,HR Specialist,HR,130328.0,2026-09-07 15:41:39.186659
7,E1001,termination,2025-02-18,,,,2026-09-07 15:41:39.186659
8,E1001,salary_change,2025-05-26,,,108861.0,2026-09-07 15:41:39.186659
9,E1001,promotion,2024-06-30,Finance Analyst,Finance,133310.0,2026-09-07 15:41:39.186659
10,E1001,promotion,2023-10-25,Data Engineer,Data,145167.0,2026-09-07 15:41:39.186659
11,E1002,salary_change,2022-03-21,,,103610.0,2026-09-07 15:41:39.186659
12,E1002,salary_change,2023-12-09,,,112996.0,2026-09-07 15:41:39.186659
13,E1002,termination,2024-11-29,,,,2026-09-07 15:41:39.186659
14,E1002,termination,2024-05-23,,,,2026-09-07 15:41:39.186659
15,E1003,promotion,2025-08-31,Data Engineer,Data,57973.0,2026-09-07 15:41:39.186659
16,E1003,promotion,2026-04-05,Software Engineer,Engineering,70553.0,2026-09-07 15:41:39.186659
17,E1003,salary_change,2026-03-01,,,63948.0,2026-09-07 15:41:39.186659
18,E1003,promotion,2025-12-15,Product Manager,Product,65492.0,2026-09-07 15:41:39.186659
19,E1004,termination,2019-11-11,,,,2026-09-07 15:41:39.186659
20,E1005,promotion,2025-06-24,Support Specialist,Support,76386.0,2026-09-07 15:41:39.186659
21,E1007,salary_change,2026-07-12,,,72452.0,2026-09-07 15:41:39.186659
22,E1007,termination,2026-07-18,,,,2026-09-07 15:41:39.186659
23,E1007,termination,2026-07-27,,,,2026-09-07 15:41:39.186659
24,E1007,promotion,2026-04-05,Finance Analyst,Finance,82812.0,2026-09-07 15:41:39.186659
25,E1008,transfer,2026-01-29,Finance Analyst,Finance,82236.0,2026-09-07 15:41:39.186659
26,E1008,salary_change,2025-08-29,,,70228.0,2026-09-07 15:41:39.186659
27,E1008,termination,2026-02-28,,,,2026-09-07 15:41:39.186659
28,E1008,salary_change,2025-11-16,,,71459.0,2026-09-07 15:41:39.186659
29,E1008,termination,2025-05-27,,,,2026-09-07 15:41:39.186659
30,E1009,transfer,2024-07-30,Finance Analyst,Finance,95809.0,2026-09-07 15:41:39.186659
31,E1009,transfer,2021-06-21,Support Specialist,Support,89318.0,2026-09-07 15:41:39.186659
32,E1009,termination,2024-01-12,,,,2026-09-07 15:41:39.186659
33,E1009,promotion,2023-06-26,Sales Manager,Sales,106376.0,2026-09-07 15:41:39.186659
34,E1009,transfer,2021-03-23,Support Specialist,Support,99745.0,2026-09-07 15:41:39.186659
35,E1010,termination,2021-11-21,,,,2026-09-07 15:41:39.186659
36,E1010,promotion,2020-10-12,Software Engineer,Engineering,122269.0,2026-09-07 15:41:39.186659
37,E1010,termination,2021-11-21,,,,2026-09-07 15:41:39.186659
38,E1010,transfer,2021-04-01,Support Specialist,Support,108180.0,2026-09-07 15:41:39.186659
39,E1011,termination,2024-01-01,,,,2026-09-07 15:41:39.186659
40,E1011,promotion,2023-02-18,Finance Analyst,Finance,68764.0,2026-09-07 15:41:39.186659
41,E1011,salary_change,2023-07-06,,,59441.0,2026-09-07 15:41:39.186659
42,E1012,promotion,2025-01-09,Finance Analyst,Finance,55707.0,2026-09-07 15:41:39.186659
43,E1012,transfer,2026-04-20,Product Manager,Product,59072.0,2026-09-07 15:41:39.186659
44,E1012,transfer,2023-12-20,Support Specialist,Support,50529.0,2026-09-07 15:41:39.186659
45,E1012,promotion,2025-10-24,Sales Manager,Sales,55138.0,2026-09-07 15:41:39.186659
46,E1013,promotion,2026-07-05,Finance Analyst,Finance,74183.0,2026-09-07 15:41:39.186659
47,E1013,termination,2024-08-29,,,,2026-09-07 15:41:39.186659
48,E1013,promotion,2023-01-24,HR Specialist,HR,71082.0,2026-09-07 15:41:39.186659
49,E1013,salary_change,2026-07-02,,,60035.0,2026-09-07 15:41:39.186659
50,E1013,salary_change,2022-06-21,,,61765.0,2026-09-07 15:41:39.186659
51,E1014,transfer,2025-03-06,Sales Manager,Sales,106888.0,2026-09-07 15:41:39.186659
52,E1014,promotion,2025-11-12,Finance Analyst,Finance,90861.0,2026-09-07 15:41:39.186659
53,E1014,promotion,2026-03-06,Software Engineer,Engineering,104971.0,2026-09-07 15:41:39.186659
54,E1015,termination,2025-06-20,,,,2026-09-07 15:41:39.186659
55,E1016,termination,2023-12-05,,,,2026-09-07 15:41:39.186659
56,E1016,salary_change,2024-09-15,,,49939.0,2026-09-07 15:41:39.186659
57,E1017,transfer,2016-11-26,Sales Manager,Sales,107253.0,2026-09-07 15:41:39.186659
58,E1018,promotion,2024-10-10,Support Specialist,Support,100812.0,2026-09-07 15:41:39.186659
59,E1018,transfer,2018-04-03,HR Specialist,HR,111231.0,2026-09-07 15:41:39.186659
60,E1018,promotion,2018-10-05,HR Specialist,HR,95178.0,2026-09-07 15:41:39.186659
61,E1018,salary_change,2018-04-15,,,89307.0,2026-09-07 15:41:39.186659
62,E1018,salary_change,2018-11-22,,,89363.0,2026-09-07 15:41:39.186659
63,E1019,salary_change,2026-01-19,,,96924.0,2026-09-07 15:41:39.186659
64,E1019,promotion,2026-03-12,Finance Analyst,Finance,95925.0,2026-09-07 15:41:39.186659
65,E1019,termination,2026-06-29,,,,2026-09-07 15:41:39.186659
66,E1019,salary_change,2026-05-16,,,86068.0,2026-09-07 15:41:39.186659
67,E1019,transfer,2026-04-25,Software Engineer,Engineering,99866.0,2026-09-07 15:41:39.186659
68,E1020,promotion,2021-04-01,HR Specialist,HR,89802.0,2026-09-07 15:41:39.186659
69,E1020,promotion,2021-03-12,Product Manager,Product,91675.0,2026-09-07 15:41:39.186659
70,E1021,salary_change,2021-02-03,,,52536.0,2026-09-07 15:41:39.186659
71,E1021,promotion,2021-09-16,Data Engineer,Data,53882.0,2026-09-07 15:41:39.186659
72,E1021,promotion,2023-03-01,Product Manager,Product,50980.0,2026-09-07 15:41:39.186659
73,E1021,salary_change,2024-05-10,,,52257.0,2026-09-07 15:41:39.186659
74,E1021,termination,2023-09-10,,,,2026-09-07 15:41:39.186659
75,E1022,salary_change,2024-02-16,,,153221.0,2026-09-07 15:41:39.186659
76,E1022,transfer,2026-05-03,Finance Analyst,Finance,148575.0,2026-09-07 15:41:39.186659
77,E1022,termination,2023-02-27,,,,2026-09-07 15:41:39.186659
78,E1023,salary_change,2018-08-23,,,103380.0,2026-09-07 15:41:39.186659
79,E1023,promotion,2021-10-06,HR Specialist,HR,114342.0,2026-09-07 15:41:39.186659
80,E1023,promotion,2022-11-01,Product Manager,Product,104566.0,2026-09-07 15:41:39.186659
81,E1023,termination,2023-05-11,,,,2026-09-07 15:41:39.186659
82,E1023,termination,2023-05-11,,,,2026-09-07 15:41:39.186659
83,E1024,salary_change,2023-11-03,,,69547.0,2026-09-07 15:41:39.186659
84,E1025,salary_change,2025-06-07,,,85321.0,2026-09-07 15:41:39.186659
85,E1025,promotion,2023-10-06,Data Engineer,Data,107476.0,2026-09-07 15:41:39.186659
86,E1025,termination,2025-12-15,,,,2026-09-07 15:41:39.186659
87,E1027,salary_change,2025-06-12,,,121000.0,2026-09-07 15:41:39.186659
88,E1027,salary_change,2025-06-13,,,113803.0,2026-09-07 15:41:39.186659
89,E1028,transfer,2026-03-09,Sales Manager,Sales,75425.0,2026-09-07 15:41:39.186659
90,E1028,promotion,2026-07-17,HR Specialist,HR,86469.0,2026-09-07 15:41:39.186659
91,E1028,salary_change,2026-02-26,,,69426.0,2026-09-07 15:41:39.186659
92,E1028,termination,2025-07-31,,,,2026-09-07 15:41:39.186659
93,E1028,termination,2025-11-19,,,,2026-09-07 15:41:39.186659
94,E1029,salary_change,2025-11-26,,,92887.0,2026-09-07 15:41:39.186659
95,E1029,transfer,2023-12-13,Support Specialist,Support,88743.0,2026-09-07 15:41:39.186659
96,E1029,termination,2025-07-30,,,,2026-09-07 15:41:39.186659
97,E1030,transfer,2025-03-04,HR Specialist,HR,84329.0,2026-09-07 15:41:39.186659
98,E1030,termination,2026-01-13,,,,2026-09-07 15:41:39.186659
99,E1030,termination,2025-09-18,,,,2026-09-07 15:41:39.186659
100,E1030,termination,2026-04-30,,,,2026-09-07 15:41:39.186659
101,E1031,transfer,2021-04-09,Finance Analyst,Finance,130485.0,2026-09-07 15:41:39.186659
102,E1031,salary_change,2019-03-28,,,110009.0,2026-09-07 15:41:39.186659
103,E1031,transfer,2020-06-25,Product Manager,Product,135059.0,2026-09-07 15:41:39.186659
104,E1032,transfer,2022-07-27,Support Specialist,Support,127499.0,2026-09-07 15:41:39.186659
105,E1032,promotion,2021-02-10,Product Manager,Product,110524.0,2026-09-07 15:41:39.186659
106,E1032,transfer,2020-05-01,Software Engineer,Engineering,124176.0,2026-09-07 15:41:39.186659
107,E1033,termination,2024-01-17,,,,2026-09-07 15:41:39.186659
108,E1033,salary_change,2026-06-28,,,74073.0,2026-09-07 15:41:39.186659
109,E1033,transfer,2025-03-18,Sales Manager,Sales,81719.0,2026-09-07 15:41:39.186659
110,E1033,transfer,2025-08-27,Support Specialist,Support,90412.0,2026-09-07 15:41:39.186659
111,E1034,termination,2022-12-31,,,,2026-09-07 15:41:39.186659
112,E1035,promotion,2023-10-26,Product Manager,Product,56078.0,2026-09-07 15:41:39.186659
113,E1035,transfer,2026-02-20,HR Specialist,HR,59001.0,2026-09-07 15:41:39.186659
114,E1035,promotion,2026-05-29,Finance Analyst,Finance,49887.0,2026-09-07 15:41:39.186659
115,E1035,transfer,2024-12-02,Data Engineer,Data,51094.0,2026-09-07 15:41:39.186659
116,E1036,promotion,2021-01-12,Software Engineer,Engineering,91241.0,2026-09-07 15:41:39.186659
117,E1037,transfer,2019-02-01,Support Specialist,Support,76986.0,2026-09-07 15:41:39.186659
118,E1037,promotion,2019-08-27,Software Engineer,Engineering,85729.0,2026-09-07 15:41:39.186659
119,E1037,transfer,2018-11-05,Data Engineer,Data,80314.0,2026-09-07 15:41:39.186659
120,E1037,salary_change,2019-10-24,,,68741.0,2026-09-07 15:41:39.186659
121,E1038,termination,2026-02-05,,,,2026-09-07 15:41:39.186659
122,E1038,promotion,2019-06-22,HR Specialist,HR,120174.0,2026-09-07 15:41:39.186659
123,E1038,transfer,2023-03-16,Data Engineer,Data,119988.0,2026-09-07 15:41:39.186659
124,E1039,promotion,2024-08-30,HR Specialist,HR,134655.0,2026-09-07 15:41:39.186659
125,E1039,salary_change,2021-12-27,,,134080.0,2026-09-07 15:41:39.186659
126,E1039,transfer,2024-12-03,Software Engineer,Engineering,150578.0,2026-09-07 15:41:39.186659
127,E1039,salary_change,2023-09-09,,,134042.0,2026-09-07 15:41:39.186659
128,E1039,termination,2018-01-02,,,,2026-09-07 15:41:39.186659
129,E1040,transfer,2025-11-30,Finance Analyst,Finance,121187.0,2026-09-07 15:41:39.186659
130,E1040,promotion,2026-06-14,Sales Manager,Sales,109027.0,2026-09-07 15:41:39.186659
131,E1041,termination,2023-03-22,,,,2026-09-07 15:41:39.186659
132,E1041,termination,2018-11-21,,,,2026-09-07 15:41:39.186659
133,E1042,transfer,2020-01-19,Support Specialist,Support,133610.0,2026-09-07 15:41:39.186659
134,E1043,promotion,2024-10-27,Support Specialist,Support,55484.0,2026-09-07 15:41:39.186659
135,E1043,salary_change,2025-03-19,,,45692.0,2026-09-07 15:41:39.186659
136,E1043,promotion,2024-03-05,Data Engineer,Data,59094.0,2026-09-07 15:41:39.186659
137,E1043,transfer,2024-12-18,Data Engineer,Data,57884.0,2026-09-07 15:41:39.186659
138,E1043,transfer,2024-11-16,HR Specialist,HR,56671.0,2026-09-07 15:41:39.186659
139,E1044,promotion,2026-03-06,Data Engineer,Data,60553.0,2026-09-07 15:41:39.186659
140,E1044,termination,2022-02-25,,,,2026-09-07 15:41:39.186659
141,E1044,promotion,2023-05-23,Product Manager,Product,60939.0,2026-09-07 15:41:39.186659
142,E1045,transfer,2024-03-10,Support Specialist,Support,74816.0,2026-09-07 15:41:39.186659
143,E1046,promotion,2025-11-10,Product Manager,Product,155984.0,2026-09-07 15:41:39.186659
144,E1046,termination,2026-04-11,,,,2026-09-07 15:41:39.186659
145,E1047,termination,2023-03-08,,,,2026-09-07 15:41:39.186659
146,E1047,transfer,2021-10-01,Product Manager,Product,121970.0,2026-09-07 15:41:39.186659
147,E1047,transfer,2022-08-26,HR Specialist,HR,117968.0,2026-09-07 15:41:39.186659
148,E1047,transfer,2022-10-23,Product Manager,Product,102638.0,2026-09-07 15:41:39.186659
149,E1047,salary_change,2021-08-24,,,101317.0,2026-09-07 15:41:39.186659
150,E1051,salary_change,2025-11-09,,,74317.0,2026-09-07 15:41:39.186659
151,E1051,salary_change,2022-02-08,,,70053.0,2026-09-07 15:41:39.186659
152,E1051,termination,2019-07-03,,,,2026-09-07 15:41:39.186659
153,E1051,promotion,2020-06-21,HR Specialist,HR,78259.0,2026-09-07 15:41:39.186659
154,E1053,transfer,2024-02-06,Data Engineer,Data,140816.0,2026-09-07 15:41:39.186659
155,E1053,promotion,2024-07-23,HR Specialist,HR,121767.0,2026-09-07 15:41:39.186659
156,E1053,promotion,2026-05-23,Data Engineer,Data,140734.0,2026-09-07 15:41:39.186659
157,E1054,promotion,2025-04-30,Product Manager,Product,117026.0,2026-09-07 15:41:39.186659
158,E1054,promotion,2026-03-19,Data Engineer,Data,133686.0,2026-09-07 15:41:39.186659
159,E1054,salary_change,2023-03-22,,,109551.0,2026-09-07 15:41:39.186659
160,E1054,promotion,2025-10-03,Software Engineer,Engineering,126686.0,2026-09-07 15:41:39.186659
161,E1054,salary_change,2022-01-01,,,107940.0,2026-09-07 15:41:39.186659
162,E1055,termination,2026-06-22,,,,2026-09-07 15:41:39.186659
163,E1055,salary_change,2026-05-28,,,110619.0,2026-09-07 15:41:39.186659
164,E1055,promotion,2026-02-10,Product Manager,Product,130747.0,2026-09-07 15:41:39.186659
165,E1055,promotion,2025-08-24,Finance Analyst,Finance,133033.0,2026-09-07 15:41:39.186659
166,E1055,transfer,2025-09-10,Support Specialist,Support,146637.0,2026-09-07 15:41:39.186659
167,E1057,transfer,2022-12-21,Support Specialist,Support,119367.0,2026-09-07 15:41:39.186659
168,E1057,transfer,2024-05-09,Finance Analyst,Finance,132675.0,2026-09-07 15:41:39.186659
169,E1058,salary_change,2023-05-13,,,114932.0,2026-09-07 15:41:39.186659
170,E1059,termination,2021-02-11,,,,2026-09-07 15:41:39.186659
171,E1059,salary_change,2023-02-18,,,94750.0,2026-09-07 15:41:39.186659
172,E1059,salary_change,2021-06-14,,,101587.0,2026-09-07 15:41:39.186659
173,E1059,salary_change,2021-06-02,,,95569.0,2026-09-07 15:41:39.186659
174,E1060,termination,2018-03-02,,,,2026-09-07 15:41:39.186659
175,E1060,transfer,2019-12-27,Software Engineer,Engineering,99912.0,2026-09-07 15:41:39.186659
176,E1061,transfer,2026-07-12,Sales Manager,Sales,110654.0,2026-09-07 15:41:39.186659
177,E1062,termination,2026-08-13,,,,2026-09-07 15:41:39.186659
178,E1062,promotion,2026-05-22,Data Engineer,Data,71583.0,2026-09-07 15:41:39.186659
179,E1062,salary_change,2026-08-30,,,73025.0,2026-09-07 15:41:39.186659
180,E1063,transfer,2025-10-03,Data Engineer,Data,106405.0,2026-09-07 15:41:39.186659
181,E1063,promotion,2026-06-30,Sales Manager,Sales,114579.0,2026-09-07 15:41:39.186659
182,E1063,salary_change,2025-08-19,,,90730.0,2026-09-07 15:41:39.186659
183,E1063,promotion,2026-06-16,Finance Analyst,Finance,97626.0,2026-09-07 15:41:39.186659
184,E1064,transfer,2025-09-17,Software Engineer,Engineering,110172.0,2026-09-07 15:41:39.186659
185,E1064,transfer,2025-09-21,Product Manager,Product,117300.0,2026-09-07 15:41:39.186659
186,E1065,termination,2024-01-23,,,,2026-09-07 15:41:39.186659
187,E1065,promotion,2026-03-25,Product Manager,Product,89110.0,2026-09-07 15:41:39.186659
188,E1066,transfer,2021-06-10,Finance Analyst,Finance,72689.0,2026-09-07 15:41:39.186659
189,E1066,termination,2026-08-08,,,,2026-09-07 15:41:39.186659
190,E1066,termination,2026-08-08,,,,2026-09-07 15:41:39.186659
191,E1067,promotion,2020-08-08,Product Manager,Product,106878.0,2026-09-07 15:41:39.186659
192,E1067,termination,2024-02-17,,,,2026-09-07 15:41:39.186659
193,E1067,salary_change,2018-08-27,,,99534.0,2026-09-07 15:41:39.186659
194,E1068,termination,2020-01-10,,,,2026-09-07 15:41:39.186659
195,E1068,termination,2020-06-30,,,,2026-09-07 15:41:39.186659
196,E1069,salary_change,2026-02-14,,,123071.0,2026-09-07 15:41:39.186659
197,E1069,transfer,2026-08-13,Data Engineer,Data,147117.0,2026-09-07 15:41:39.186659
198,E1069,salary_change,2025-01-12,,,121762.0,2026-09-07 15:41:39.186659
199,E1071,transfer,2024-10-11,HR Specialist,HR,76845.0,2026-09-07 15:41:39.186659
200,E1072,salary_change,2019-11-15,,,64732.0,2026-09-07 15:41:39.186659
201,E1072,transfer,2025-03-28,Finance Analyst,Finance,72148.0,2026-09-07 15:41:39.186659
202,E1073,salary_change,2017-01-04,,,52039.0,2026-09-07 15:41:39.186659
203,E1073,promotion,2020-05-30,HR Specialist,HR,63834.0,2026-09-07 15:41:39.186659
204,E1073,termination,2026-03-27,,,,2026-09-07 15:41:39.186659
205,E1074,salary_change,2021-07-17,,,128293.0,2026-09-07 15:41:39.186659
206,E1074,termination,2023-08-25,,,,2026-09-07 15:41:39.186659
207,E1074,salary_change,2021-09-28,,,131314.0,2026-09-07 15:41:39.186659
208,E1074,transfer,2023-05-31,Software Engineer,Engineering,158575.0,2026-09-07 15:41:39.186659
209,E1074,termination,2023-01-30,,,,2026-09-07 15:41:39.186659
210,E1075,transfer,2026-03-25,Support Specialist,Support,69735.0,2026-09-07 15:41:39.186659
211,E1075,salary_change,2023-07-15,,,63413.0,2026-09-07 15:41:39.186659
212,E1076,termination,2025-07-30,,,,2026-09-07 15:41:39.186659
213,E1076,promotion,2026-03-31,Sales Manager,Sales,80525.0,2026-09-07 15:41:39.186659
214,E1076,termination,2025-07-19,,,,2026-09-07 15:41:39.186659
215,E1077,promotion,2022-09-01,Product Manager,Product,128705.0,2026-09-07 15:41:39.186659
216,E1077,termination,2021-12-06,,,,2026-09-07 15:41:39.186659
217,E1077,promotion,2019-12-30,Finance Analyst,Finance,149868.0,2026-09-07 15:41:39.186659
218,E1077,promotion,2019-02-15,Finance Analyst,Finance,155869.0,2026-09-07 15:41:39.186659
219,E1077,salary_change,2023-11-23,,,142322.0,2026-09-07 15:41:39.186659
220,E1078,promotion,2021-02-20,Finance Analyst,Finance,138218.0,2026-09-07 15:41:39.186659
221,E1078,promotion,2017-12-12,Finance Analyst,Finance,149009.0,2026-09-07 15:41:39.186659
222,E1078,salary_change,2024-06-23,,,127062.0,2026-09-07 15:41:39.186659
223,E1078,termination,2017-09-19,,,,2026-09-07 15:41:39.186659
224,E1079,promotion,2025-02-19,Finance Analyst,Finance,109967.0,2026-09-07 15:41:39.186659
225,E1080,salary_change,2021-01-03,,,133472.0,2026-09-07 15:41:39.186659
226,E1080,salary_change,2020-08-31,,,124680.0,2026-09-07 15:41:39.186659
227,E1080,salary_change,2020-07-16,,,115027.0,2026-09-07 15:41:39.186659
228,E1081,termination,2026-06-25,,,,2026-09-07 15:41:39.186659
229,E1081,termination,2026-05-04,,,,2026-09-07 15:41:39.186659
230,E1082,termination,2025-12-21,,,,2026-09-07 15:41:39.186659
231,E1082,promotion,2025-07-11,HR Specialist,HR,169206.0,2026-09-07 15:41:39.186659
232,E1083,salary_change,2023-05-16,,,94046.0,2026-09-07 15:41:39.186659
233,E1083,salary_change,2021-03-28,,,84974.0,2026-09-07 15:41:39.186659
234,E1083,salary_change,2022-05-28,,,96666.0,2026-09-07 15:41:39.186659
235,E1084,transfer,2025-08-14,Product Manager,Product,54272.0,2026-09-07 15:41:39.186659
236,E1084,salary_change,2025-08-20,,,58857.0,2026-09-07 15:41:39.186659
237,E1084,termination,2025-11-28,,,,2026-09-07 15:41:39.186659
238,E1085,transfer,2026-07-30,Sales Manager,Sales,104593.0,2026-09-07 15:41:39.186659
239,E1085,termination,2026-08-25,,,,2026-09-07 15:41:39.186659
240,E1086,promotion,2023-07-25,Data Engineer,Data,135877.0,2026-09-07 15:41:39.186659
241,E1087,salary_change,2025-06-11,,,87822.0,2026-09-07 15:41:39.186659
242,E1087,termination,2023-11-17,,,,2026-09-07 15:41:39.186659
243,E1088,salary_change,2026-07-21,,,106837.0,2026-09-07 15:41:39.186659
244,E1090,termination,2024-09-20,,,,2026-09-07 15:41:39.186659
245,E1090,salary_change,2023-05-03,,,59331.0,2026-09-07 15:41:39.186659
246,E1090,transfer,2024-02-03,Product Manager,Product,70976.0,2026-09-07 15:41:39.186659
247,E1090,transfer,2024-04-16,Data Engineer,Data,67278.0,2026-09-07 15:41:39.186659
248,E1090,salary_change,2023-09-16,,,56440.0,2026-09-07 15:41:39.186659
249,E1092,transfer,2023-12-16,Support Specialist,Support,102709.0,2026-09-07 15:41:39.186659
250,E1092,transfer,2023-05-31,HR Specialist,HR,100437.0,2026-09-07 15:41:39.186659
251,E1092,promotion,2023-05-06,Software Engineer,Engineering,94155.0,2026-09-07 15:41:39.186659
252,E1094,promotion,2025-08-04,Support Specialist,Support,117697.0,2026-09-07 15:41:39.186659
253,E1096,termination,2024-07-13,,,,2026-09-07 15:41:39.186659
254,E1096,promotion,2025-02-07,Sales Manager,Sales,141351.0,2026-09-07 15:41:39.186659
255,E1096,promotion,2025-03-10,HR Specialist,HR,162097.0,2026-09-07 15:41:39.186659
256,E1097,termination,2026-03-31,,,,2026-09-07 15:41:39.186659
257,E1097,salary_change,2026-08-08,,,150948.0,2026-09-07 15:41:39.186659
258,E1097,promotion,2026-05-27,Software Engineer,Engineering,160088.0,2026-09-07 15:41:39.186659
259,E1097,transfer,2026-08-14,Sales Manager,Sales,164881.0,2026-09-07 15:41:39.186659
260,E1098,salary_change,2018-08-31,,,73038.0,2026-09-07 15:41:39.186659
261,E1098,salary_change,2018-08-05,,,69035.0,2026-09-07 15:41:39.186659
262,E1098,transfer,2018-10-01,Sales Manager,Sales,77390.0,2026-09-07 15:41:39.186659
263,E1098,termination,2019-01-26,,,,2026-09-07 15:41:39.186659
264,E1099,promotion,2026-08-16,Support Specialist,Support,81840.0,2026-09-07 15:41:39.186659
265,E1099,termination,2026-09-05,,,,2026-09-07 15:41:39.186659
266,E1099,salary_change,2026-06-08,,,68743.0,2026-09-07 15:41:39.186659
267,E1099,termination,2026-07-12,,,,2026-09-07 15:41:39.186659
268,E1099,promotion,2026-05-31,Data Engineer,Data,82512.0,2026-09-07 15:41:39.186659
269,E1100,transfer,2025-06-20,Software Engineer,Engineering,99325.0,2026-09-07 15:41:39.186659
270,E1100,promotion,2026-03-18,Sales Manager,Sales,86458.0,2026-09-07 15:41:39.186659
271,E1101,salary_change,2026-02-03,,,131670.0,2026-09-07 15:41:39.186659
272,E1101,transfer,2026-03-02,Product Manager,Product,152713.0,2026-09-07 15:41:39.186659
273,E1101,termination,2026-08-24,,,,2026-09-07 15:41:39.186659
274,E1101,termination,2026-06-26,,,,2026-09-07 15:41:39.186659
275,E1102,transfer,2024-11-25,Finance Analyst,Finance,106861.0,2026-09-07 15:41:39.186659
276,E1102,salary_change,2024-03-09,,,91427.0,2026-09-07 15:41:39.186659
277,E1103,promotion,2018-01-14,Finance Analyst,Finance,63624.0,2026-09-07 15:41:39.186659
278,E1103,salary_change,2019-03-18,,,59734.0,2026-09-07 15:41:39.186659
279,E1103,termination,2019-02-14,,,,2026-09-07 15:41:39.186659
280,E1104,promotion,2022-04-24,Sales Manager,Sales,131482.0,2026-09-07 15:41:39.186659
281,E1104,transfer,2020-07-01,Support Specialist,Support,131112.0,2026-09-07 15:41:39.186659
282,E1104,promotion,2020-03-15,Software Engineer,Engineering,146860.0,2026-09-07 15:41:39.186659
283,E1105,salary_change,2024-10-03,,,112517.0,2026-09-07 15:41:39.186659
284,E1105,transfer,2025-07-16,HR Specialist,HR,119812.0,2026-09-07 15:41:39.186659
285,E1105,salary_change,2019-06-27,,,101274.0,2026-09-07 15:41:39.186659
286,E1107,termination,2024-10-23,,,,2026-09-07 15:41:39.186659
287,E1107,promotion,2024-07-02,Finance Analyst,Finance,57326.0,2026-09-07 15:41:39.186659
288,E1107,salary_change,2022-09-02,,,54370.0,2026-09-07 15:41:39.186659
289,E1108,promotion,2026-08-11,HR Specialist,HR,160840.0,2026-09-07 15:41:39.186659
290,E1108,promotion,2023-02-04,Support Specialist,Support,146864.0,2026-09-07 15:41:39.186659
291,E1108,promotion,2023-05-09,Product Manager,Product,161953.0,2026-09-07 15:41:39.186659
292,E1108,transfer,2025-04-11,Software Engineer,Engineering,135991.0,2026-09-07 15:41:39.186659
293,E1109,salary_change,2021-09-29,,,80968.0,2026-09-07 15:41:39.186659
294,E1109,promotion,2024-06-09,Software Engineer,Engineering,99393.0,2026-09-07 15:41:39.186659
295,E1109,promotion,2019-06-26,HR Specialist,HR,96692.0,2026-09-07 15:41:39.186659
296,E1110,transfer,2020-03-12,Product Manager,Product,138015.0,2026-09-07 15:41:39.186659
297,E1110,salary_change,2024-04-11,,,124979.0,2026-09-07 15:41:39.186659
298,E1110,transfer,2020-09-10,HR Specialist,HR,130032.0,2026-09-07 15:41:39.186659
299,E1110,salary_change,2025-03-16,,,124928.0,2026-09-07 15:41:39.186659
300,E1111,termination,2026-06-18,,,,2026-09-07 15:41:39.186659
301,E1111,promotion,2026-06-23,Data Engineer,Data,105114.0,2026-09-07 15:41:39.186659
302,E1111,termination,2026-08-23,,,,2026-09-07 15:41:39.186659
303,E1112,salary_change,2022-08-05,,,60010.0,2026-09-07 15:41:39.186659
304,E1112,promotion,2021-03-13,Sales Manager,Sales,60504.0,2026-09-07 15:41:39.186659
305,E1112,transfer,2022-03-30,Support Specialist,Support,60574.0,2026-09-07 15:41:39.186659
306,E1112,termination,2020-02-09,,,,2026-09-07 15:41:39.186659
307,E1112,salary_change,2025-10-08,,,61153.0,2026-09-07 15:41:39.186659
308,E1113,termination,2026-03-16,,,,2026-09-07 15:41:39.186659
309,E1113,termination,2023-04-16,,,,2026-09-07 15:41:39.186659
310,E1113,transfer,2020-03-19,Support Specialist,Support,141210.0,2026-09-07 15:41:39.186659
311,E1113,promotion,2023-03-03,Software Engineer,Engineering,138457.0,2026-09-07 15:41:39.186659
312,E1114,termination,2026-07-06,,,,2026-09-07 15:41:39.186659
313,E1114,transfer,2025-06-29,HR Specialist,HR,71646.0,2026-09-07 15:41:39.186659
314,E1114,salary_change,2025-10-15,,,64922.0,2026-09-07 15:41:39.186659
315,E1114,termination,2026-07-06,,,,2026-09-07 15:41:39.186659
316,E1114,salary_change,2025-08-07,,,63348.0,2026-09-07 15:41:39.186659
317,E1115,termination,2026-06-11,,,,2026-09-07 15:41:39.186659
318,E1115,promotion,2023-03-30,Sales Manager,Sales,111260.0,2026-09-07 15:41:39.186659
319,E1116,salary_change,2022-10-20,,,50725.0,2026-09-07 15:41:39.186659
320,E1116,transfer,2024-01-15,Finance Analyst,Finance,64073.0,2026-09-07 15:41:39.186659
321,E1117,termination,2026-09-04,,,,2026-09-07 15:41:39.186659
322,E1118,termination,2024-08-26,,,,2026-09-07 15:41:39.186659
323,E1118,termination,2025-06-24,,,,2026-09-07 15:41:39.186659
324,E1119,termination,2022-05-07,,,,2026-09-07 15:41:39.186659
325,E1119,termination,2022-05-07,,,,2026-09-07 15:41:39.186659
326,E1119,termination,2022-05-07,,,,2026-09-07 15:41:39.186659
327,E1122,salary_change,2024-01-07,,,106007.0,2026-09-07 15:41:39.186659
328,E1122,transfer,2023-08-20,HR Specialist,HR,107412.0,2026-09-07 15:41:39.186659
329,E1122,promotion,2023-07-02,HR Specialist,HR,115811.0,2026-09-07 15:41:39.186659
330,E1122,promotion,2023-06-02,Finance Analyst,Finance,115546.0,2026-09-07 15:41:39.186659
331,E1122,termination,2024-02-28,,,,2026-09-07 15:41:39.186659
332,E1125,termination,2023-12-20,,,,2026-09-07 15:41:39.186659
333,E1125,termination,2023-12-20,,,,2026-09-07 15:41:39.186659
334,E1125,salary_change,2022-07-29,,,51182.0,2026-09-07 15:41:39.186659
335,E1125,promotion,2023-07-12,Sales Manager,Sales,55496.0,2026-09-07 15:41:39.186659
336,E1127,transfer,2022-05-31,Support Specialist,Support,62328.0,2026-09-07 15:41:39.186659
337,E1127,salary_change,2025-04-29,,,53503.0,2026-09-07 15:41:39.186659
338,E1127,termination,2024-01-20,,,,2026-09-07 15:41:39.186659
339,E1127,transfer,2023-07-31,Support Specialist,Support,67614.0,2026-09-07 15:41:39.186659
340,E1128,termination,2024-04-17,,,,2026-09-07 15:41:39.186659
341,E1129,termination,2026-02-04,,,,2026-09-07 15:41:39.186659
342,E1129,termination,2026-06-13,,,,2026-09-07 15:41:39.186659
343,E1129,transfer,2026-07-02,Software Engineer,Engineering,118295.0,2026-09-07 15:41:39.186659
344,E1130,promotion,2018-01-19,Sales Manager,Sales,124293.0,2026-09-07 15:41:39.186659
345,E1130,promotion,2020-04-27,HR Specialist,HR,124794.0,2026-09-07 15:41:39.186659
346,E1131,transfer,2024-11-23,Finance Analyst,Finance,67155.0,2026-09-07 15:41:39.186659
347,E1131,transfer,2023-05-12,Software Engineer,Engineering,76823.0,2026-09-07 15:41:39.186659
348,E1131,promotion,2025-07-07,Software Engineer,Engineering,74213.0,2026-09-07 15:41:39.186659
349,E1131,termination,2022-12-20,,,,2026-09-07 15:41:39.186659
350,E1132,promotion,2024-01-11,Finance Analyst,Finance,61398.0,2026-09-07 15:41:39.186659
351,E1132,termination,2025-01-01,,,,2026-09-07 15:41:39.186659
352,E1133,promotion,2020-09-06,Sales Manager,Sales,123932.0,2026-09-07 15:41:39.186659
353,E1134,termination,2024-08-29,,,,2026-09-07 15:41:39.186659
354,E1134,transfer,2023-11-08,HR Specialist,HR,95800.0,2026-09-07 15:41:39.186659
355,E1134,termination,2025-02-28,,,,2026-09-07 15:41:39.186659
356,E1134,termination,2023-09-09,,,,2026-09-07 15:41:39.186659
357,E1134,termination,2024-05-13,,,,2026-09-07 15:41:39.186659
358,E1135,termination,2026-07-10,,,,2026-09-07 15:41:39.186659
359,E1135,promotion,2026-08-18,HR Specialist,HR,96280.0,2026-09-07 15:41:39.186659
360,E1136,salary_change,2017-12-04,,,118032.0,2026-09-07 15:41:39.186659
361,E1136,transfer,2020-12-11,Sales Manager,Sales,121286.0,2026-09-07 15:41:39.186659
362,E1136,salary_change,2023-10-28,,,124745.0,2026-09-07 15:41:39.186659
363,E1137,termination,2024-05-02,,,,2026-09-07 15:41:39.186659
364,E1138,transfer,2024-12-30,Product Manager,Product,115173.0,2026-09-07 15:41:39.186659
365,E1139,salary_change,2021-01-26,,,86521.0,2026-09-07 15:41:39.186659
366,E1139,termination,2026-03-03,,,,2026-09-07 15:41:39.186659
367,E1139,salary_change,2021-01-16,,,74932.0,2026-09-07 15:41:39.186659
368,E1139,promotion,2023-08-28,HR Specialist,HR,83877.0,2026-09-07 15:41:39.186659
369,E1139,promotion,2021-05-16,Product Manager,Product,80059.0,2026-09-07 15:41:39.186659
370,E1140,transfer,2025-04-17,Data Engineer,Data,133973.0,2026-09-07 15:41:39.186659
371,E1140,termination,2025-12-23,,,,2026-09-07 15:41:39.186659
372,E1141,salary_change,2024-06-07,,,153603.0,2026-09-07 15:41:39.186659
373,E1141,transfer,2025-08-24,HR Specialist,HR,147002.0,2026-09-07 15:41:39.186659
374,E1141,promotion,2023-12-02,Support Specialist,Support,156093.0,2026-09-07 15:41:39.186659
375,E1141,transfer,2024-05-13,HR Specialist,HR,161267.0,2026-09-07 15:41:39.186659
376,E1142,salary_change,2025-05-28,,,89432.0,2026-09-07 15:41:39.186659
377,E1143,salary_change,2025-08-06,,,131056.0,2026-09-07 15:41:39.186659
378,E1143,transfer,2020-05-08,Data Engineer,Data,135603.0,2026-09-07 15:41:39.186659
379,E1143,transfer,2018-04-02,Product Manager,Product,125360.0,2026-09-07 15:41:39.186659
380,E1143,salary_change,2025-09-03,,,116674.0,2026-09-07 15:41:39.186659
381,E1145,termination,2023-02-19,,,,2026-09-07 15:41:39.186659
382,E1145,transfer,2018-08-14,Software Engineer,Engineering,152489.0,2026-09-07 15:41:39.186659
383,E1146,transfer,2025-08-23,Sales Manager,Sales,77768.0,2026-09-07 15:41:39.186659
384,E1146,salary_change,2024-02-06,,,74531.0,2026-09-07 15:41:39.186659
385,E1146,termination,2025-03-29,,,,2026-09-07 15:41:39.186659
386,E1146,salary_change,2025-03-05,,,76910.0,2026-09-07 15:41:39.186659
387,E1146,termination,2024-08-12,,,,2026-09-07 15:41:39.186659
388,E1147,salary_change,2026-01-06,,,152390.0,2026-09-07 15:41:39.186659
389,E1147,termination,2022-11-16,,,,2026-09-07 15:41:39.186659
390,E1147,termination,2023-06-19,,,,2026-09-07 15:41:39.186659
391,E1148,promotion,2026-01-28,Software Engineer,Engineering,81879.0,2026-09-07 15:41:39.186659
392,E1149,salary_change,2021-02-21,,,66728.0,2026-09-07 15:41:39.186659
393,E1149,transfer,2023-06-17,HR Specialist,HR,69791.0,2026-09-07 15:41:39.186659
394,E1151,transfer,2023-08-25,Finance Analyst,Finance,120497.0,2026-09-07 15:41:39.186659
395,E1151,promotion,2025-06-03,Finance Analyst,Finance,139666.0,2026-09-07 15:41:39.186659
396,E1151,promotion,2026-05-18,Finance Analyst,Finance,123184.0,2026-09-07 15:41:39.186659
397,E1151,promotion,2024-04-03,Data Engineer,Data,135979.0,2026-09-07 15:41:39.186659
398,E1151,salary_change,2026-08-05,,,106939.0,2026-09-07 15:41:39.186659
399,E1152,transfer,2017-08-15,Software Engineer,Engineering,99253.0,2026-09-07 15:41:39.186659
400,E1153,transfer,2024-08-01,Support Specialist,Support,106942.0,2026-09-07 15:41:39.186659
401,E1153,termination,2023-03-16,,,,2026-09-07 15:41:39.186659
402,E1153,promotion,2022-01-17,Software Engineer,Engineering,100467.0,2026-09-07 15:41:39.186659
403,E1153,promotion,2025-07-23,Finance Analyst,Finance,101167.0,2026-09-07 15:41:39.186659
404,E1154,transfer,2021-08-23,HR Specialist,HR,139081.0,2026-09-07 15:41:39.186659
405,E1155,salary_change,2020-04-29,,,81961.0,2026-09-07 15:41:39.186659
406,E1155,salary_change,2025-09-12,,,74256.0,2026-09-07 15:41:39.186659
407,E1155,transfer,2025-12-28,Product Manager,Product,90039.0,2026-09-07 15:41:39.186659
408,E1155,promotion,2017-04-17,HR Specialist,HR,81078.0,2026-09-07 15:41:39.186659
409,E1157,salary_change,2026-08-05,,,114459.0,2026-09-07 15:41:39.186659
410,E1157,promotion,2026-09-06,Software Engineer,Engineering,111475.0,2026-09-07 15:41:39.186659
411,E1158,salary_change,2024-01-13,,,79501.0,2026-09-07 15:41:39.186659
412,E1158,transfer,2025-12-20,Software Engineer,Engineering,95320.0,2026-09-07 15:41:39.186659
413,E1158,transfer,2024-03-13,Finance Analyst,Finance,85137.0,2026-09-07 15:41:39.186659
414,E1158,promotion,2026-06-28,Data Engineer,Data,80145.0,2026-09-07 15:41:39.186659
415,E1158,salary_change,2023-08-25,,,85822.0,2026-09-07 15:41:39.186659
416,E1159,promotion,2024-02-14,Support Specialist,Support,134596.0,2026-09-07 15:41:39.186659
417,E1159,termination,2025-02-19,,,,2026-09-07 15:41:39.186659
418,E1161,promotion,2026-04-12,Product Manager,Product,76383.0,2026-09-07 15:41:39.186659
419,E1161,transfer,2026-06-25,Sales Manager,Sales,84539.0,2026-09-07 15:41:39.186659
420,E1161,transfer,2026-02-18,Sales Manager,Sales,76530.0,2026-09-07 15:41:39.186659
421,E1161,termination,2026-05-04,,,,2026-09-07 15:41:39.186659
422,E1161,salary_change,2026-07-03,,,73371.0,2026-09-07 15:41:39.186659
423,E1162,salary_change,2026-05-06,,,64604.0,2026-09-07 15:41:39.186659
424,E1162,promotion,2023-09-30,Product Manager,Product,72308.0,2026-09-07 15:41:39.186659
425,E1162,termination,2025-04-07,,,,2026-09-07 15:41:39.186659
426,E1162,promotion,2025-03-16,Data Engineer,Data,66354.0,2026-09-07 15:41:39.186659
427,E1162,salary_change,2025-10-02,,,69048.0,2026-09-07 15:41:39.186659
428,E1163,promotion,2024-05-26,HR Specialist,HR,129148.0,2026-09-07 15:41:39.186659
429,E1163,salary_change,2025-12-06,,,109820.0,2026-09-07 15:41:39.186659
430,E1163,salary_change,2026-03-30,,,131911.0,2026-09-07 15:41:39.186659
431,E1163,transfer,2025-06-23,Sales Manager,Sales,141040.0,2026-09-07 15:41:39.186659
432,E1164,termination,2025-11-20,,,,2026-09-07 15:41:39.186659
433,E1164,salary_change,2025-07-10,,,102046.0,2026-09-07 15:41:39.186659
434,E1164,transfer,2025-09-19,Software Engineer,Engineering,115234.0,2026-09-07 15:41:39.186659
435,E1164,termination,2025-11-20,,,,2026-09-07 15:41:39.186659
436,E1165,promotion,2024-10-28,Product Manager,Product,82603.0,2026-09-07 15:41:39.186659
437,E1165,promotion,2026-05-15,HR Specialist,HR,93452.0,2026-09-07 15:41:39.186659
438,E1165,salary_change,2025-01-04,,,81265.0,2026-09-07 15:41:39.186659
439,E1165,promotion,2025-08-16,Finance Analyst,Finance,78644.0,2026-09-07 15:41:39.186659
440,E1165,transfer,2023-03-13,Support Specialist,Support,93507.0,2026-09-07 15:41:39.186659
441,E1166,salary_change,2024-01-19,,,59979.0,2026-09-07 15:41:39.186659
442,E1168,promotion,2025-06-25,HR Specialist,HR,152383.0,2026-09-07 15:41:39.186659
443,E1168,promotion,2024-12-31,Finance Analyst,Finance,155042.0,2026-09-07 15:41:39.186659
444,E1168,salary_change,2025-01-15,,,140079.0,2026-09-07 15:41:39.186659
445,E1169,transfer,2022-01-24,Sales Manager,Sales,101403.0,2026-09-07 15:41:39.186659
446,E1169,promotion,2021-10-03,Product Manager,Product,95986.0,2026-09-07 15:41:39.186659
447,E1169,termination,2022-03-27,,,,2026-09-07 15:41:39.186659
448,E1169,transfer,2020-10-21,Finance Analyst,Finance,89029.0,2026-09-07 15:41:39.186659
449,E1169,promotion,2022-01-04,Sales Manager,Sales,83352.0,2026-09-07 15:41:39.186659
450,E1170,transfer,2024-09-24,Product Manager,Product,125414.0,2026-09-07 15:41:39.186659
451,E1170,promotion,2026-03-11,Software Engineer,Engineering,128061.0,2026-09-07 15:41:39.186659
452,E1172,transfer,2025-06-20,Software Engineer,Engineering,120320.0,2026-09-07 15:41:39.186659
453,E1172,salary_change,2026-06-01,,,127942.0,2026-09-07 15:41:39.186659
454,E1172,termination,2024-09-08,,,,2026-09-07 15:41:39.186659
455,E1172,promotion,2024-06-23,Sales Manager,Sales,112709.0,2026-09-07 15:41:39.186659
456,E1173,salary_change,2024-07-24,,,116389.0,2026-09-07 15:41:39.186659
457,E1173,transfer,2021-12-13,Software Engineer,Engineering,152722.0,2026-09-07 15:41:39.186659
458,E1173,termination,2019-10-24,,,,2026-09-07 15:41:39.186659
459,E1173,promotion,2019-05-07,Product Manager,Product,132415.0,2026-09-07 15:41:39.186659
460,E1173,promotion,2025-11-03,Support Specialist,Support,156474.0,2026-09-07 15:41:39.186659
461,E1174,termination,2026-07-06,,,,2026-09-07 15:41:39.186659
462,E1174,termination,2026-08-16,,,,2026-09-07 15:41:39.186659
463,E1176,termination,2025-07-29,,,,2026-09-07 15:41:39.186659
464,E1176,transfer,2025-07-12,Software Engineer,Engineering,89478.0,2026-09-07 15:41:39.186659
465,E1176,salary_change,2025-06-02,,,82843.0,2026-09-07 15:41:39.186659
466,E1177,termination,2021-03-24,,,,2026-09-07 15:41:39.186659
467,E1178,salary_change,2026-07-14,,,123194.0,2026-09-07 15:41:39.186659
468,E1178,termination,2026-04-22,,,,2026-09-07 15:41:39.186659
469,E1179,promotion,2025-09-28,Support Specialist,Support,93762.0,2026-09-07 15:41:39.186659
470,E1179,transfer,2020-05-23,HR Specialist,HR,82476.0,2026-09-07 15:41:39.186659
471,E1179,salary_change,2020-09-02,,,73890.0,2026-09-07 15:41:39.186659
472,E1180,salary_change,2017-11-09,,,55641.0,2026-09-07 15:41:39.186659
473,E1181,termination,2025-03-06,,,,2026-09-07 15:41:39.186659
474,E1181,promotion,2020-12-02,HR Specialist,HR,99997.0,2026-09-07 15:41:39.186659
475,E1181,termination,2025-12-17,,,,2026-09-07 15:41:39.186659
476,E1181,termination,2022-11-28,,,,2026-09-07 15:41:39.186659
477,E1182,transfer,2017-11-10,HR Specialist,HR,63980.0,2026-09-07 15:41:39.186659
478,E1182,transfer,2018-03-30,Software Engineer,Engineering,57419.0,2026-09-07 15:41:39.186659
479,E1182,promotion,2018-07-28,Support Specialist,Support,55423.0,2026-09-07 15:41:39.186659
480,E1182,salary_change,2018-09-14,,,59463.0,2026-09-07 15:41:39.186659
481,E1182,termination,2019-07-29,,,,2026-09-07 15:41:39.186659
482,E1183,salary_change,2023-02-23,,,111814.0,2026-09-07 15:41:39.186659
483,E1184,salary_change,2025-08-31,,,152339.0,2026-09-07 15:41:39.186659
484,E1184,termination,2025-01-12,,,,2026-09-07 15:41:39.186659
485,E1185,promotion,2021-02-27,Sales Manager,Sales,55028.0,2026-09-07 15:41:39.186659
486,E1186,termination,2025-05-01,,,,2026-09-07 15:41:39.186659
487,E1186,salary_change,2025-03-21,,,155309.0,2026-09-07 15:41:39.186659
488,E1186,transfer,2024-10-01,Product Manager,Product,145948.0,2026-09-07 15:41:39.186659
489,E1187,salary_change,2026-02-17,,,74611.0,2026-09-07 15:41:39.186659
490,E1187,salary_change,2024-03-07,,,74482.0,2026-09-07 15:41:39.186659
491,E1190,termination,2023-12-09,,,,2026-09-07 15:41:39.186659
492,E1190,termination,2025-03-08,,,,2026-09-07 15:41:39.186659
493,E1191,transfer,2023-06-05,Sales Manager,Sales,74502.0,2026-09-07 15:41:39.186659
494,E1192,transfer,2025-08-29,HR Specialist,HR,51542.0,2026-09-07 15:41:39.186659
495,E1192,transfer,2025-03-07,Support Specialist,Support,47056.0,2026-09-07 15:41:39.186659
496,E1192,transfer,2026-07-31,Support Specialist,Support,48137.0,2026-09-07 15:41:39.186659
497,E1193,promotion,2026-08-30,Finance Analyst,Finance,138952.0,2026-09-07 15:41:39.186659
498,E1193,promotion,2026-07-21,HR Specialist,HR,148584.0,2026-09-07 15:41:39.186659
499,E1193,transfer,2026-07-06,Software Engineer,Engineering,152117.0,2026-09-07 15:41:39.186659
500,E1194,termination,2026-07-07,,,,2026-09-07 15:41:39.186659
501,E1194,salary_change,2025-06-11,,,79777.0,2026-09-07 15:41:39.186659
502,E1195,transfer,2021-05-09,HR Specialist,HR,94300.0,2026-09-07 15:41:39.186659
503,E1195,promotion,2022-06-02,Data Engineer,Data,102697.0,2026-09-07 15:41:39.186659
504,E1196,termination,2019-11-04,,,,2026-09-07 15:41:39.186659
505,E1196,transfer,2023-01-04,Product Manager,Product,74350.0,2026-09-07 15:41:39.186659
506,E1196,termination,2020-08-05,,,,2026-09-07 15:41:39.186659
507,E1197,termination,2026-06-19,,,,2026-09-07 15:41:39.186659
508,E1198,promotion,2023-11-05,Finance Analyst,Finance,52873.0,2026-09-07 15:41:39.186659
509,E1200,termination,2022-06-19,,,,2026-09-07 15:41:39.186659
510,E1201,termination,2021-05-12,,,,2026-09-07 15:41:39.186659
511,E1203,salary_change,2020-11-10,,,80130.0,2026-09-07 15:41:39.186659
512,E1204,termination,2026-06-12,,,,2026-09-07 15:41:39.186659
513,E1204,transfer,2026-04-26,Product Manager,Product,96920.0,2026-09-07 15:41:39.186659
514,E1204,salary_change,2026-03-11,,,84872.0,2026-09-07 15:41:39.186659
515,E1204,termination,2026-09-02,,,,2026-09-07 15:41:39.186659
516,E1205,salary_change,2024-02-14,,,71191.0,2026-09-07 15:41:39.186659
517,E1205,termination,2017-01-23,,,,2026-09-07 15:41:39.186659
518,E1205,termination,2019-06-09,,,,2026-09-07 15:41:39.186659
519,E1205,termination,2025-07-06,,,,2026-09-07 15:41:39.186659
520,E1205,salary_change,2020-03-30,,,81848.0,2026-09-07 15:41:39.186659
521,E1206,transfer,2023-11-26,Data Engineer,Data,149592.0,2026-09-07 15:41:39.186659
522,E1207,termination,2023-10-25,,,,2026-09-07 15:41:39.186659
523,E1207,termination,2023-10-25,,,,2026-09-07 15:41:39.186659
524,E1207,transfer,2023-06-14,Data Engineer,Data,141613.0,2026-09-07 15:41:39.186659
525,E1208,termination,2025-01-17,,,,2026-09-07 15:41:39.186659
526,E1208,transfer,2021-11-02,Finance Analyst,Finance,104209.0,2026-09-07 15:41:39.186659
527,E1208,termination,2023-07-03,,,,2026-09-07 15:41:39.186659
528,E1208,salary_change,2022-10-20,,,107340.0,2026-09-07 15:41:39.186659
529,E1208,transfer,2024-07-13,Software Engineer,Engineering,108728.0,2026-09-07 15:41:39.186659
530,E1209,salary_change,2024-04-14,,,98488.0,2026-09-07 15:41:39.186659
531,E1209,salary_change,2024-06-18,,,101480.0,2026-09-07 15:41:39.186659
532,E1209,promotion,2025-02-03,Product Manager,Product,115685.0,2026-09-07 15:41:39.186659
533,E1209,transfer,2026-06-06,Support Specialist,Support,106832.0,2026-09-07 15:41:39.186659
534,E1209,termination,2026-02-08,,,,2026-09-07 15:41:39.186659
535,E1210,termination,2020-10-24,,,,2026-09-07 15:41:39.186659
536,E1210,salary_change,2019-05-25,,,135650.0,2026-09-07 15:41:39.186659
537,E1210,termination,2020-10-24,,,,2026-09-07 15:41:39.186659
538,E1211,salary_change,2021-04-12,,,142624.0,2026-09-07 15:41:39.186659
539,E1212,promotion,2024-12-29,Finance Analyst,Finance,118159.0,2026-09-07 15:41:39.186659
540,E1213,termination,2020-10-03,,,,2026-09-07 15:41:39.186659
541,E1213,termination,2020-09-22,,,,2026-09-07 15:41:39.186659
542,E1213,salary_change,2022-03-19,,,67091.0,2026-09-07 15:41:39.186659
543,E1213,transfer,2022-11-15,Software Engineer,Engineering,73258.0,2026-09-07 15:41:39.186659
544,E1213,salary_change,2024-08-16,,,73673.0,2026-09-07 15:41:39.186659
545,E1214,salary_change,2024-06-02,,,75836.0,2026-09-07 15:41:39.186659
546,E1215,termination,2026-06-02,,,,2026-09-07 15:41:39.186659
547,E1216,termination,2023-12-16,,,,2026-09-07 15:41:39.186659
548,E1217,salary_change,2026-08-13,,,61118.0,2026-09-07 15:41:39.186659
549,E1217,transfer,2025-04-26,HR Specialist,HR,61353.0,2026-09-07 15:41:39.186659
550,E1217,termination,2026-08-21,,,,2026-09-07 15:41:39.186659
551,E1218,transfer,2016-08-24,HR Specialist,HR,120846.0,2026-09-07 15:41:39.186659
552,E1218,promotion,2018-09-10,Support Specialist,Support,109453.0,2026-09-07 15:41:39.186659
553,E1218,transfer,2018-10-11,HR Specialist,HR,122969.0,2026-09-07 15:41:39.186659
554,E1218,termination,2019-03-31,,,,2026-09-07 15:41:39.186659
555,E1218,termination,2019-03-31,,,,2026-09-07 15:41:39.186659
556,E1219,promotion,2021-04-22,HR Specialist,HR,117277.0,2026-09-07 15:41:39.186659
557,E1221,promotion,2021-04-20,Software Engineer,Engineering,113114.0,2026-09-07 15:41:39.186659
558,E1221,transfer,2026-08-11,Support Specialist,Support,105788.0,2026-09-07 15:41:39.186659
559,E1222,salary_change,2026-04-25,,,57439.0,2026-09-07 15:41:39.186659
560,E1222,promotion,2025-09-30,HR Specialist,HR,59315.0,2026-09-07 15:41:39.186659
561,E1222,salary_change,2025-12-13,,,55640.0,2026-09-07 15:41:39.186659
562,E1222,promotion,2026-03-08,Finance Analyst,Finance,61108.0,2026-09-07 15:41:39.186659
563,E1223,promotion,2024-05-31,Product Manager,Product,140611.0,2026-09-07 15:41:39.186659
564,E1223,termination,2024-01-26,,,,2026-09-07 15:41:39.186659
565,E1223,termination,2026-02-22,,,,2026-09-07 15:41:39.186659
566,E1223,termination,2022-05-06,,,,2026-09-07 15:41:39.186659
567,E1223,termination,2023-03-27,,,,2026-09-07 15:41:39.186659
568,E1224,promotion,2025-12-10,Support Specialist,Support,108335.0,2026-09-07 15:41:39.186659
569,E1224,salary_change,2021-11-10,,,94995.0,2026-09-07 15:41:39.186659
570,E1224,promotion,2019-11-27,HR Specialist,HR,116824.0,2026-09-07 15:41:39.186659
571,E1224,transfer,2023-04-12,Product Manager,Product,105089.0,2026-09-07 15:41:39.186659
572,E1224,termination,2020-06-04,,,,2026-09-07 15:41:39.186659
573,E1225,termination,2022-12-24,,,,2026-09-07 15:41:39.186659
574,E1225,promotion,2018-10-27,Support Specialist,Support,63406.0,2026-09-07 15:41:39.186659
575,E1225,promotion,2020-10-15,HR Specialist,HR,69465.0,2026-09-07 15:41:39.186659
576,E1225,termination,2023-06-03,,,,2026-09-07 15:41:39.186659
577,E1226,salary_change,2024-07-01,,,46113.0,2026-09-07 15:41:39.186659
578,E1226,salary_change,2025-12-28,,,54176.0,2026-09-07 15:41:39.186659
579,E1226,transfer,2025-10-10,Support Specialist,Support,58588.0,2026-09-07 15:41:39.186659
580,E1226,salary_change,2025-12-07,,,47651.0,2026-09-07 15:41:39.186659
581,E1227,transfer,2026-05-31,Data Engineer,Data,74109.0,2026-09-07 15:41:39.186659
582,E1228,termination,2024-09-24,,,,2026-09-07 15:41:39.186659
583,E1230,salary_change,2026-04-19,,,106754.0,2026-09-07 15:41:39.186659
584,E1230,termination,2026-03-30,,,,2026-09-07 15:41:39.186659
585,E1231,termination,2024-12-07,,,,2026-09-07 15:41:39.186659
586,E1231,termination,2024-12-07,,,,2026-09-07 15:41:39.186659
587,E1231,promotion,2024-03-31,Finance Analyst,Finance,126769.0,2026-09-07 15:41:39.186659
588,E1232,transfer,2022-07-20,Support Specialist,Support,73257.0,2026-09-07 15:41:39.186659
589,E1232,termination,2024-04-02,,,,2026-09-07 15:41:39.186659
590,E1232,termination,2024-04-02,,,,2026-09-07 15:41:39.186659
591,E1232,transfer,2022-04-04,Finance Analyst,Finance,77516.0,2026-09-07 15:41:39.186659
592,E1233,transfer,2026-04-04,Support Specialist,Support,92029.0,2026-09-07 15:41:39.186659
593,E1233,promotion,2025-10-27,Support Specialist,Support,100745.0,2026-09-07 15:41:39.186659
594,E1233,transfer,2025-11-29,Software Engineer,Engineering,108483.0,2026-09-07 15:41:39.186659
595,E1235,promotion,2023-07-08,Software Engineer,Engineering,82034.0,2026-09-07 15:41:39.186659
596,E1235,termination,2025-01-27,,,,2026-09-07 15:41:39.186659
597,E1235,salary_change,2020-05-17,,,71722.0,2026-09-07 15:41:39.186659
598,E1235,promotion,2020-05-06,Finance Analyst,Finance,78114.0,2026-09-07 15:41:39.186659
599,E1235,termination,2025-01-27,,,,2026-09-07 15:41:39.186659
600,E1236,salary_change,2019-03-22,,,91925.0,2026-09-07 15:41:39.186659
601,E1237,salary_change,2022-07-15,,,57268.0,2026-09-07 15:41:39.186659
602,E1237,termination,2023-01-09,,,,2026-09-07 15:41:39.186659
603,E1237,promotion,2024-03-27,Product Manager,Product,63961.0,2026-09-07 15:41:39.186659
604,E1237,termination,2021-09-24,,,,2026-09-07 15:41:39.186659
605,E1237,termination,2026-05-15,,,,2026-09-07 15:41:39.186659
606,E1238,promotion,2018-03-28,Product Manager,Product,77464.0,2026-09-07 15:41:39.186659
607,E1238,salary_change,2018-05-19,,,64778.0,2026-09-07 15:41:39.186659
608,E1239,promotion,2020-11-16,Product Manager,Product,112421.0,2026-09-07 15:41:39.186659
609,E1239,transfer,2022-04-26,Support Specialist,Support,120284.0,2026-09-07 15:41:39.186659
610,E1239,salary_change,2022-07-30,,,111767.0,2026-09-07 15:41:39.186659
611,E1239,promotion,2022-03-02,Finance Analyst,Finance,103822.0,2026-09-07 15:41:39.186659
612,E1241,salary_change,2021-05-03,,,69841.0,2026-09-07 15:41:39.186659
613,E1241,promotion,2021-04-10,Support Specialist,Support,79007.0,2026-09-07 15:41:39.186659
614,E1241,transfer,2021-06-26,HR Specialist,HR,73211.0,2026-09-07 15:41:39.186659
615,E1241,termination,2021-09-09,,,,2026-09-07 15:41:39.186659
616,E1241,transfer,2021-08-13,Finance Analyst,Finance,77051.0,2026-09-07 15:41:39.186659
617,E1242,salary_change,2023-07-10,,,63848.0,2026-09-07 15:41:39.186659
618,E1242,promotion,2022-08-26,Sales Manager,Sales,68125.0,2026-09-07 15:41:39.186659
619,E1242,termination,2025-09-12,,,,2026-09-07 15:41:39.186659
620,E1242,salary_change,2024-10-27,,,68542.0,2026-09-07 15:41:39.186659
621,E1242,transfer,2025-12-12,Product Manager,Product,68427.0,2026-09-07 15:41:39.186659
622,E1243,salary_change,2025-01-16,,,131807.0,2026-09-07 15:41:39.186659
623,E1243,termination,2024-04-12,,,,2026-09-07 15:41:39.186659
624,E1244,salary_change,2019-05-16,,,89775.0,2026-09-07 15:41:39.186659
625,E1244,transfer,2019-08-05,Product Manager,Product,88396.0,2026-09-07 15:41:39.186659
626,E1244,salary_change,2019-09-12,,,79685.0,2026-09-07 15:41:39.186659
627,E1245,salary_change,2024-01-24,,,87341.0,2026-09-07 15:41:39.186659
628,E1245,salary_change,2025-01-02,,,72952.0,2026-09-07 15:41:39.186659
629,E1245,termination,2025-06-21,,,,2026-09-07 15:41:39.186659
630,E1245,termination,2025-06-21,,,,2026-09-07 15:41:39.186659
631,E1248,transfer,2025-02-14,Data Engineer,Data,94186.0,2026-09-07 15:41:39.186659
632,E1249,salary_change,2026-08-06,,,60547.0,2026-09-07 15:41:39.186659
633,E1249,salary_change,2026-04-26,,,60021.0,2026-09-07 15:41:39.186659
634,E1249,termination,2025-08-21,,,,2026-09-07 15:41:39.186659
635,E1249,promotion,2026-02-24,Data Engineer,Data,60501.0,2026-09-07 15:41:39.186659
636,E1249,promotion,2025-11-08,Sales Manager,Sales,64602.0,2026-09-07 15:41:39.186659
637,E1251,salary_change,2026-08-18,,,128064.0,2026-09-07 15:41:39.186659
638,E1252,termination,2022-04-08,,,,2026-09-07 15:41:39.186659
639,E1252,transfer,2021-10-07,Product Manager,Product,74956.0,2026-09-07 15:41:39.186659
640,E1252,promotion,2021-02-26,HR Specialist,HR,63116.0,2026-09-07 15:41:39.186659
641,E1252,transfer,2021-07-04,Finance Analyst,Finance,70595.0,2026-09-07 15:41:39.186659
642,E1252,promotion,2020-12-12,Finance Analyst,Finance,61773.0,2026-09-07 15:41:39.186659
643,E1253,termination,2026-03-07,,,,2026-09-07 15:41:39.186659
644,E1256,salary_change,2021-06-24,,,56971.0,2026-09-07 15:41:39.186659
645,E1257,termination,2024-07-02,,,,2026-09-07 15:41:39.186659
646,E1257,salary_change,2019-01-25,,,73381.0,2026-09-07 15:41:39.186659
647,E1258,transfer,2026-08-04,Finance Analyst,Finance,90683.0,2026-09-07 15:41:39.186659
648,E1259,termination,2024-01-13,,,,2026-09-07 15:41:39.186659
649,E1259,promotion,2023-04-10,Sales Manager,Sales,69303.0,2026-09-07 15:41:39.186659
650,E1259,transfer,2023-07-11,Support Specialist,Support,69346.0,2026-09-07 15:41:39.186659
651,E1260,termination,2026-09-03,,,,2026-09-07 15:41:39.186659
652,E1261,termination,2024-09-16,,,,2026-09-07 15:41:39.186659
653,E1261,salary_change,2025-09-25,,,51683.0,2026-09-07 15:41:39.186659
654,E1261,termination,2025-09-17,,,,2026-09-07 15:41:39.186659
655,E1261,termination,2024-08-17,,,,2026-09-07 15:41:39.186659
656,E1262,termination,2026-02-26,,,,2026-09-07 15:41:39.186659
657,E1262,promotion,2026-05-08,Product Manager,Product,123124.0,2026-09-07 15:41:39.186659
658,E1262,salary_change,2026-05-21,,,124874.0,2026-09-07 15:41:39.186659
659,E1262,termination,2026-05-31,,,,2026-09-07 15:41:39.186659
660,E1264,salary_change,2024-03-15,,,62078.0,2026-09-07 15:41:39.186659
661,E1264,termination,2019-03-03,,,,2026-09-07 15:41:39.186659
662,E1264,transfer,2020-08-16,Finance Analyst,Finance,78372.0,2026-09-07 15:41:39.186659
663,E1264,promotion,2020-10-16,Sales Manager,Sales,74732.0,2026-09-07 15:41:39.186659
664,E1265,termination,2025-09-03,,,,2026-09-07 15:41:39.186659
665,E1265,transfer,2025-09-17,HR Specialist,HR,130052.0,2026-09-07 15:41:39.186659
666,E1265,promotion,2026-08-04,Software Engineer,Engineering,141040.0,2026-09-07 15:41:39.186659
667,E1265,transfer,2026-06-06,Support Specialist,Support,132505.0,2026-09-07 15:41:39.186659
668,E1266,salary_change,2025-08-12,,,44055.0,2026-09-07 15:41:39.186659
669,E1267,transfer,2023-05-03,Finance Analyst,Finance,95343.0,2026-09-07 15:41:39.186659
670,E1267,salary_change,2023-07-18,,,86202.0,2026-09-07 15:41:39.186659
671,E1267,transfer,2024-07-27,HR Specialist,HR,95409.0,2026-09-07 15:41:39.186659
672,E1268,termination,2019-11-14,,,,2026-09-07 15:41:39.186659
673,E1268,salary_change,2024-01-20,,,83972.0,2026-09-07 15:41:39.186659
674,E1268,salary_change,2022-07-11,,,81250.0,2026-09-07 15:41:39.186659
675,E1268,transfer,2025-09-02,Data Engineer,Data,87514.0,2026-09-07 15:41:39.186659
676,E1269,promotion,2020-04-05,Support Specialist,Support,90575.0,2026-09-07 15:41:39.186659
677,E1269,promotion,2022-04-21,Support Specialist,Support,89162.0,2026-09-07 15:41:39.186659
678,E1269,termination,2017-10-31,,,,2026-09-07 15:41:39.186659
679,E1270,salary_change,2023-05-29,,,92469.0,2026-09-07 15:41:39.186659
680,E1270,promotion,2022-10-17,Finance Analyst,Finance,115598.0,2026-09-07 15:41:39.186659
681,E1271,transfer,2024-10-16,Finance Analyst,Finance,129292.0,2026-09-07 15:41:39.186659
682,E1272,transfer,2024-02-01,HR Specialist,HR,144767.0,2026-09-07 15:41:39.186659
683,E1272,salary_change,2025-07-04,,,125207.0,2026-09-07 15:41:39.186659
684,E1272,transfer,2026-01-22,Support Specialist,Support,151283.0,2026-09-07 15:41:39.186659
685,E1272,salary_change,2024-10-12,,,120941.0,2026-09-07 15:41:39.186659
686,E1272,termination,2025-08-02,,,,2026-09-07 15:41:39.186659
687,E1273,salary_change,2025-10-18,,,110053.0,2026-09-07 15:41:39.186659
688,E1274,termination,2021-10-09,,,,2026-09-07 15:41:39.186659
689,E1274,salary_change,2019-07-13,,,135331.0,2026-09-07 15:41:39.186659
690,E1274,promotion,2017-04-25,Product Manager,Product,130349.0,2026-09-07 15:41:39.186659
691,E1274,salary_change,2023-07-25,,,137889.0,2026-09-07 15:41:39.186659
692,E1274,termination,2020-02-03,,,,2026-09-07 15:41:39.186659
693,E1275,salary_change,2020-09-05,,,141518.0,2026-09-07 15:41:39.186659
694,E1276,termination,2026-02-20,,,,2026-09-07 15:41:39.186659
695,E1276,transfer,2025-10-20,Product Manager,Product,80678.0,2026-09-07 15:41:39.186659
696,E1277,salary_change,2023-05-03,,,71454.0,2026-09-07 15:41:39.186659
697,E1277,promotion,2024-02-12,Sales Manager,Sales,64682.0,2026-09-07 15:41:39.186659
698,E1278,transfer,2019-05-13,Sales Manager,Sales,77421.0,2026-09-07 15:41:39.186659
699,E1278,promotion,2025-08-08,Finance Analyst,Finance,74546.0,2026-09-07 15:41:39.186659
700,E1278,transfer,2026-07-15,Support Specialist,Support,83796.0,2026-09-07 15:41:39.186659
701,E1278,promotion,2021-04-13,Software Engineer,Engineering,84360.0,2026-09-07 15:41:39.186659
702,E1279,termination,2025-02-26,,,,2026-09-07 15:41:39.186659
703,E1279,termination,2026-08-09,,,,2026-09-07 15:41:39.186659
704,E1279,transfer,2024-09-27,Software Engineer,Engineering,134953.0,2026-09-07 15:41:39.186659
705,E1279,salary_change,2024-03-05,,,113614.0,2026-09-07 15:41:39.186659
706,E1280,salary_change,2026-02-27,,,63325.0,2026-09-07 15:41:39.186659
707,E1280,transfer,2024-01-29,HR Specialist,HR,68144.0,2026-09-07 15:41:39.186659
708,E1280,salary_change,2025-08-08,,,61960.0,2026-09-07 15:41:39.186659
709,E1280,salary_change,2025-08-04,,,59779.0,2026-09-07 15:41:39.186659
710,E1280,promotion,2026-08-28,HR Specialist,HR,78863.0,2026-09-07 15:41:39.186659
711,E1281,promotion,2023-05-01,Product Manager,Product,166762.0,2026-09-07 15:41:39.186659
712,E1282,termination,2018-09-05,,,,2026-09-07 15:41:39.186659
713,E1282,termination,2018-04-17,,,,2026-09-07 15:41:39.186659
714,E1282,transfer,2026-06-18,Sales Manager,Sales,130514.0,2026-09-07 15:41:39.186659
715,E1283,salary_change,2017-04-12,,,65218.0,2026-09-07 15:41:39.186659
716,E1283,promotion,2021-04-28,Support Specialist,Support,64367.0,2026-09-07 15:41:39.186659
717,E1283,promotion,2024-03-20,Support Specialist,Support,62262.0,2026-09-07 15:41:39.186659
718,E1283,salary_change,2022-07-02,,,62216.0,2026-09-07 15:41:39.186659
719,E1283,promotion,2018-03-23,Software Engineer,Engineering,67767.0,2026-09-07 15:41:39.186659
720,E1284,transfer,2025-10-08,Software Engineer,Engineering,104391.0,2026-09-07 15:41:39.186659
721,E1284,promotion,2026-01-25,Support Specialist,Support,105546.0,2026-09-07 15:41:39.186659
722,E1284,termination,2025-05-04,,,,2026-09-07 15:41:39.186659
723,E1285,termination,2020-10-04,,,,2026-09-07 15:41:39.186659
724,E1285,salary_change,2017-11-24,,,62189.0,2026-09-07 15:41:39.186659
725,E1286,transfer,2022-03-06,Sales Manager,Sales,64430.0,2026-09-07 15:41:39.186659
726,E1286,termination,2020-04-26,,,,2026-09-07 15:41:39.186659
727,E1286,promotion,2022-01-25,Software Engineer,Engineering,65783.0,2026-09-07 15:41:39.186659
728,E1287,salary_change,2022-11-24,,,120560.0,2026-09-07 15:41:39.186659
729,E1287,salary_change,2022-08-26,,,100626.0,2026-09-07 15:41:39.186659
730,E1287,termination,2024-09-01,,,,2026-09-07 15:41:39.186659
731,E1288,promotion,2025-12-11,Support Specialist,Support,75605.0,2026-09-07 15:41:39.186659
732,E1288,termination,2020-07-08,,,,2026-09-07 15:41:39.186659
733,E1288,salary_change,2022-11-25,,,56315.0,2026-09-07 15:41:39.186659
734,E1288,transfer,2024-12-24,Software Engineer,Engineering,63852.0,2026-09-07 15:41:39.186659
735,E1288,termination,2021-01-25,,,,2026-09-07 15:41:39.186659
736,E1289,salary_change,2020-09-30,,,60470.0,2026-09-07 15:41:39.186659
737,E1289,salary_change,2018-05-22,,,64673.0,2026-09-07 15:41:39.186659
738,E1289,salary_change,2020-03-15,,,61823.0,2026-09-07 15:41:39.186659
739,E1289,transfer,2018-02-25,Sales Manager,Sales,63948.0,2026-09-07 15:41:39.186659
740,E1289,transfer,2017-06-09,Product Manager,Product,71153.0,2026-09-07 15:41:39.186659
741,E1290,salary_change,2020-12-19,,,80100.0,2026-09-07 15:41:39.186659
742,E1290,promotion,2026-08-11,Sales Manager,Sales,79208.0,2026-09-07 15:41:39.186659
743,E1290,salary_change,2024-10-23,,,78416.0,2026-09-07 15:41:39.186659
744,E1290,salary_change,2023-06-13,,,80545.0,2026-09-07 15:41:39.186659
745,E1290,termination,2023-02-12,,,,2026-09-07 15:41:39.186659
746,E1291,promotion,2026-05-17,Software Engineer,Engineering,142852.0,2026-09-07 15:41:39.186659
747,E1291,transfer,2026-05-25,Sales Manager,Sales,117814.0,2026-09-07 15:41:39.186659
748,E1291,termination,2026-06-03,,,,2026-09-07 15:41:39.186659
749,E1292,salary_change,2026-07-04,,,63767.0,2026-09-07 15:41:39.186659
750,E1292,transfer,2025-06-21,Product Manager,Product,67804.0,2026-09-07 15:41:39.186659
751,E1292,termination,2024-08-04,,,,2026-09-07 15:41:39.186659
752,E1292,termination,2026-06-19,,,,2026-09-07 15:41:39.186659
753,E1292,termination,2025-06-07,,,,2026-09-07 15:41:39.186659
754,E1293,promotion,2025-09-10,Support Specialist,Support,59729.0,2026-09-07 15:41:39.186659
755,E1293,termination,2025-08-30,,,,2026-09-07 15:41:39.186659
756,E1293,transfer,2026-07-29,Software Engineer,Engineering,56864.0,2026-09-07 15:41:39.186659
757,E1293,salary_change,2026-03-21,,,55728.0,2026-09-07 15:41:39.186659
758,E1295,transfer,2023-06-13,Finance Analyst,Finance,116736.0,2026-09-07 15:41:39.186659
759,E1295,promotion,2025-03-15,Finance Analyst,Finance,102858.0,2026-09-07 15:41:39.186659
760,E1295,transfer,2023-07-06,Sales Manager,Sales,97809.0,2026-09-07 15:41:39.186659
761,E1295,salary_change,2023-02-28,,,86706.0,2026-09-07 15:41:39.186659
762,E1296,termination,2022-02-15,,,,2026-09-07 15:41:39.186659
763,E1296,promotion,2017-06-02,Product Manager,Product,104629.0,2026-09-07 15:41:39.186659
764,E1296,transfer,2021-10-21,Product Manager,Product,110369.0,2026-09-07 15:41:39.186659
765,E1296,promotion,2019-04-20,Software Engineer,Engineering,120813.0,2026-09-07 15:41:39.186659
766,E1296,promotion,2019-05-14,Software Engineer,Engineering,99671.0,2026-09-07 15:41:39.186659
767,E1297,salary_change,2019-01-27,,,114910.0,2026-09-07 15:41:39.186659
768,E1298,promotion,2023-11-03,Finance Analyst,Finance,139813.0,2026-09-07 15:41:39.186659
769,E1298,termination,2026-01-25,,,,2026-09-07 15:41:39.186659
770,E1298,promotion,2024-05-05,Product Manager,Product,155798.0,2026-09-07 15:41:39.186659
771,E1298,promotion,2025-08-07,Data Engineer,Data,144984.0,2026-09-07 15:41:39.186659
772,E1298,termination,2026-01-26,,,,2026-09-07 15:41:39.186659
773,E1302,promotion,2023-05-13,Support Specialist,Support,59747.0,2026-09-07 15:41:39.186659
774,E1303,transfer,2025-09-28,Data Engineer,Data,72614.0,2026-09-07 15:41:39.186659
775,E1304,transfer,2025-04-21,Finance Analyst,Finance,132083.0,2026-09-07 15:41:39.186659
776,E1304,transfer,2024-10-02,Software Engineer,Engineering,121768.0,2026-09-07 15:41:39.186659
777,E1305,transfer,2021-11-12,Product Manager,Product,66235.0,2026-09-07 15:41:39.186659
778,E1305,termination,2022-02-09,,,,2026-09-07 15:41:39.186659
779,E1305,transfer,2021-11-26,Support Specialist,Support,64456.0,2026-09-07 15:41:39.186659
780,E1305,promotion,2021-02-22,Sales Manager,Sales,77917.0,2026-09-07 15:41:39.186659
781,E1306,termination,2026-09-05,,,,2026-09-07 15:41:39.186659
782,E1306,promotion,2026-09-06,Finance Analyst,Finance,66024.0,2026-09-07 15:41:39.186659
783,E1307,salary_change,2025-09-21,,,112267.0,2026-09-07 15:41:39.186659
784,E1307,termination,2025-09-26,,,,2026-09-07 15:41:39.186659
785,E1307,transfer,2026-08-01,Sales Manager,Sales,120162.0,2026-09-07 15:41:39.186659
786,E1308,promotion,2025-01-15,Finance Analyst,Finance,133523.0,2026-09-07 15:41:39.186659
787,E1308,salary_change,2026-03-11,,,114697.0,2026-09-07 15:41:39.186659
788,E1308,promotion,2024-07-14,Support Specialist,Support,139907.0,2026-09-07 15:41:39.186659
789,E1308,salary_change,2025-09-30,,,122765.0,2026-09-07 15:41:39.186659
790,E1308,transfer,2024-05-18,Support Specialist,Support,138049.0,2026-09-07 15:41:39.186659
791,E1309,promotion,2019-01-12,Software Engineer,Engineering,126709.0,2026-09-07 15:41:39.186659
792,E1309,transfer,2019-04-22,Software Engineer,Engineering,121657.0,2026-09-07 15:41:39.186659
793,E1309,salary_change,2026-04-04,,,112464.0,2026-09-07 15:41:39.186659
794,E1309,termination,2018-09-02,,,,2026-09-07 15:41:39.186659
795,E1309,termination,2018-10-14,,,,2026-09-07 15:41:39.186659
796,E1310,transfer,2023-10-03,Software Engineer,Engineering,107037.0,2026-09-07 15:41:39.186659
797,E1310,transfer,2024-01-03,Software Engineer,Engineering,126221.0,2026-09-07 15:41:39.186659
798,E1311,salary_change,2019-03-31,,,120643.0,2026-09-07 15:41:39.186659
799,E1311,transfer,2018-09-15,HR Specialist,HR,127386.0,2026-09-07 15:41:39.186659
800,E1312,promotion,2026-05-23,Finance Analyst,Finance,138227.0,2026-09-07 15:41:39.186659
801,E1312,transfer,2025-09-13,Software Engineer,Engineering,146026.0,2026-09-07 15:41:39.186659
802,E1313,promotion,2021-05-12,HR Specialist,HR,96854.0,2026-09-07 15:41:39.186659
803,E1313,transfer,2023-11-23,Software Engineer,Engineering,89636.0,2026-09-07 15:41:39.186659
804,E1313,salary_change,2020-02-03,,,76077.0,2026-09-07 15:41:39.186659
805,E1313,transfer,2020-04-19,Sales Manager,Sales,85951.0,2026-09-07 15:41:39.186659
806,E1313,termination,2021-08-05,,,,2026-09-07 15:41:39.186659
807,E1314,transfer,2019-09-26,HR Specialist,HR,62837.0,2026-09-07 15:41:39.186659
808,E1314,termination,2019-12-06,,,,2026-09-07 15:41:39.186659
809,E1315,transfer,2024-11-09,Support Specialist,Support,61296.0,2026-09-07 15:41:39.186659
810,E1315,transfer,2026-08-12,HR Specialist,HR,58576.0,2026-09-07 15:41:39.186659
811,E1315,salary_change,2026-01-31,,,49234.0,2026-09-07 15:41:39.186659
812,E1315,transfer,2025-07-02,HR Specialist,HR,62512.0,2026-09-07 15:41:39.186659
813,E1315,termination,2025-11-09,,,,2026-09-07 15:41:39.186659
814,E1318,salary_change,2019-11-23,,,126386.0,2026-09-07 15:41:39.186659
815,E1318,termination,2019-11-04,,,,2026-09-07 15:41:39.186659
816,E1319,salary_change,2025-08-10,,,84754.0,2026-09-07 15:41:39.186659
817,E1319,transfer,2025-06-17,Data Engineer,Data,89711.0,2026-09-07 15:41:39.186659
818,E1320,salary_change,2019-09-01,,,89963.0,2026-09-07 15:41:39.186659
819,E1320,promotion,2025-12-27,Data Engineer,Data,100577.0,2026-09-07 15:41:39.186659
820,E1320,transfer,2023-07-09,Finance Analyst,Finance,90334.0,2026-09-07 15:41:39.186659
821,E1321,termination,2017-06-09,,,,2026-09-07 15:41:39.186659
822,E1322,termination,2023-09-16,,,,2026-09-07 15:41:39.186659
823,E1322,salary_change,2025-05-21,,,69229.0,2026-09-07 15:41:39.186659
824,E1322,transfer,2025-09-01,Support Specialist,Support,81665.0,2026-09-07 15:41:39.186659
825,E1324,termination,2025-07-29,,,,2026-09-07 15:41:39.186659
826,E1324,salary_change,2025-10-04,,,138966.0,2026-09-07 15:41:39.186659
827,E1324,promotion,2024-09-13,Software Engineer,Engineering,148402.0,2026-09-07 15:41:39.186659
828,E1324,termination,2026-06-11,,,,2026-09-07 15:41:39.186659
829,E1324,transfer,2025-02-05,Finance Analyst,Finance,167232.0,2026-09-07 15:41:39.186659
830,E1325,promotion,2024-10-24,Software Engineer,Engineering,123593.0,2026-09-07 15:41:39.186659
831,E1325,salary_change,2022-07-02,,,122914.0,2026-09-07 15:41:39.186659
832,E1325,salary_change,2022-09-30,,,120805.0,2026-09-07 15:41:39.186659
833,E1325,transfer,2024-08-26,HR Specialist,HR,115397.0,2026-09-07 15:41:39.186659
834,E1327,transfer,2021-05-07,Product Manager,Product,88115.0,2026-09-07 15:41:39.186659
835,E1327,transfer,2025-09-12,Finance Analyst,Finance,79273.0,2026-09-07 15:41:39.186659
836,E1327,termination,2021-05-27,,,,2026-09-07 15:41:39.186659
837,E1328,promotion,2024-02-23,Support Specialist,Support,123186.0,2026-09-07 15:41:39.186659
838,E1328,termination,2025-08-26,,,,2026-09-07 15:41:39.186659
839,E1328,promotion,2024-05-08,Product Manager,Product,139121.0,2026-09-07 15:41:39.186659
840,E1329,transfer,2025-01-31,Support Specialist,Support,115736.0,2026-09-07 15:41:39.186659
841,E1329,promotion,2022-09-23,Finance Analyst,Finance,108454.0,2026-09-07 15:41:39.186659
842,E1331,termination,2025-12-24,,,,2026-09-07 15:41:39.186659
843,E1331,transfer,2024-01-07,HR Specialist,HR,134176.0,2026-09-07 15:41:39.186659
844,E1331,salary_change,2024-10-28,,,108554.0,2026-09-07 15:41:39.186659
845,E1332,termination,2026-07-24,,,,2026-09-07 15:41:39.186659
846,E1332,termination,2020-05-08,,,,2026-09-07 15:41:39.186659
847,E1332,transfer,2026-04-13,Product Manager,Product,75538.0,2026-09-07 15:41:39.186659
848,E1333,salary_change,2020-06-16,,,76277.0,2026-09-07 15:41:39.186659
849,E1333,termination,2022-09-16,,,,2026-09-07 15:41:39.186659
850,E1333,promotion,2025-11-25,Product Manager,Product,75702.0,2026-09-07 15:41:39.186659
851,E1333,termination,2017-02-26,,,,2026-09-07 15:41:39.186659
852,E1334,termination,2025-09-24,,,,2026-09-07 15:41:39.186659
853,E1334,promotion,2025-12-30,HR Specialist,HR,65158.0,2026-09-07 15:41:39.186659
854,E1334,termination,2026-05-21,,,,2026-09-07 15:41:39.186659
855,E1334,promotion,2025-05-19,Data Engineer,Data,65616.0,2026-09-07 15:41:39.186659
856,E1334,transfer,2026-07-18,Support Specialist,Support,58936.0,2026-09-07 15:41:39.186659
857,E1335,transfer,2026-03-16,Support Specialist,Support,96259.0,2026-09-07 15:41:39.186659
858,E1335,transfer,2025-12-10,HR Specialist,HR,93473.0,2026-09-07 15:41:39.186659
859,E1336,promotion,2024-10-09,Software Engineer,Engineering,89051.0,2026-09-07 15:41:39.186659
860,E1336,termination,2026-07-30,,,,2026-09-07 15:41:39.186659
861,E1336,transfer,2025-05-26,HR Specialist,HR,83276.0,2026-09-07 15:41:39.186659
862,E1337,termination,2024-07-18,,,,2026-09-07 15:41:39.186659
863,E1337,salary_change,2026-07-10,,,98105.0,2026-09-07 15:41:39.186659
864,E1337,termination,2025-12-07,,,,2026-09-07 15:41:39.186659
865,E1337,transfer,2026-08-15,Software Engineer,Engineering,116600.0,2026-09-07 15:41:39.186659
866,E1337,promotion,2026-08-09,Sales Manager,Sales,125410.0,2026-09-07 15:41:39.186659
867,E1338,transfer,2025-01-20,Product Manager,Product,86121.0,2026-09-07 15:41:39.186659
868,E1338,promotion,2024-06-18,HR Specialist,HR,99112.0,2026-09-07 15:41:39.186659
869,E1338,transfer,2025-09-08,HR Specialist,HR,95307.0,2026-09-07 15:41:39.186659
870,E1338,transfer,2026-04-10,Support Specialist,Support,86306.0,2026-09-07 15:41:39.186659
871,E1338,termination,2026-05-28,,,,2026-09-07 15:41:39.186659
872,E1339,transfer,2025-11-04,Product Manager,Product,142302.0,2026-09-07 15:41:39.186659
873,E1339,salary_change,2025-04-20,,,124757.0,2026-09-07 15:41:39.186659
874,E1339,transfer,2025-12-17,Software Engineer,Engineering,132875.0,2026-09-07 15:41:39.186659
875,E1339,promotion,2024-08-19,Finance Analyst,Finance,139911.0,2026-09-07 15:41:39.186659
876,E1340,promotion,2024-12-02,Support Specialist,Support,63499.0,2026-09-07 15:41:39.186659
877,E1340,transfer,2025-11-08,Data Engineer,Data,67993.0,2026-09-07 15:41:39.186659
878,E1341,transfer,2023-01-11,Sales Manager,Sales,71006.0,2026-09-07 15:41:39.186659
879,E1341,transfer,2020-01-01,Finance Analyst,Finance,61951.0,2026-09-07 15:41:39.186659
880,E1341,promotion,2021-12-24,Data Engineer,Data,69807.0,2026-09-07 15:41:39.186659
881,E1342,salary_change,2026-06-06,,,101536.0,2026-09-07 15:41:39.186659
882,E1342,termination,2025-11-09,,,,2026-09-07 15:41:39.186659
883,E1342,salary_change,2023-10-27,,,113570.0,2026-09-07 15:41:39.186659
884,E1342,salary_change,2023-11-16,,,101120.0,2026-09-07 15:41:39.186659
885,E1343,promotion,2026-03-22,Finance Analyst,Finance,68997.0,2026-09-07 15:41:39.186659
886,E1344,salary_change,2026-08-06,,,68798.0,2026-09-07 15:41:39.186659
887,E1344,termination,2026-06-16,,,,2026-09-07 15:41:39.186659
888,E1344,transfer,2026-06-09,Data Engineer,Data,76889.0,2026-09-07 15:41:39.186659
889,E1344,termination,2026-08-01,,,,2026-09-07 15:41:39.186659
890,E1344,promotion,2026-07-22,Sales Manager,Sales,82197.0,2026-09-07 15:41:39.186659
891,E1345,promotion,2026-02-27,Software Engineer,Engineering,82638.0,2026-09-07 15:41:39.186659
892,E1345,transfer,2026-04-01,Support Specialist,Support,88481.0,2026-09-07 15:41:39.186659
893,E1345,transfer,2026-07-19,Software Engineer,Engineering,83764.0,2026-09-07 15:41:39.186659
894,E1345,termination,2026-04-24,,,,2026-09-07 15:41:39.186659
895,E1346,transfer,2021-03-05,Data Engineer,Data,117025.0,2026-09-07 15:41:39.186659
896,E1346,promotion,2024-12-09,Data Engineer,Data,107047.0,2026-09-07 15:41:39.186659
897,E1346,salary_change,2026-01-08,,,116116.0,2026-09-07 15:41:39.186659
898,E1346,transfer,2025-11-23,HR Specialist,HR,128339.0,2026-09-07 15:41:39.186659
899,E1347,transfer,2025-07-18,HR Specialist,HR,90520.0,2026-09-07 15:41:39.186659
900,E1348,promotion,2024-03-11,Finance Analyst,Finance,137115.0,2026-09-07 15:41:39.186659
901,E1348,promotion,2022-09-28,Support Specialist,Support,151936.0,2026-09-07 15:41:39.186659
902,E1349,transfer,2025-09-01,Software Engineer,Engineering,84919.0,2026-09-07 15:41:39.186659
903,E1349,promotion,2025-07-26,Product Manager,Product,83882.0,2026-09-07 15:41:39.186659
904,E1349,transfer,2022-08-08,Data Engineer,Data,85619.0,2026-09-07 15:41:39.186659
905,E1351,promotion,2025-11-17,Software Engineer,Engineering,78875.0,2026-09-07 15:41:39.186659
906,E1351,transfer,2022-09-06,Finance Analyst,Finance,70746.0,2026-09-07 15:41:39.186659
907,E1351,transfer,2022-07-06,Data Engineer,Data,77801.0,2026-09-07 15:41:39.186659
908,E1351,termination,2024-02-05,,,,2026-09-07 15:41:39.186659
909,E1351,salary_change,2021-12-14,,,61065.0,2026-09-07 15:41:39.186659
910,E1352,salary_change,2026-07-12,,,159030.0,2026-09-07 15:41:39.186659
911,E1352,transfer,2026-05-15,Finance Analyst,Finance,174265.0,2026-09-07 15:41:39.186659
912,E1352,transfer,2026-09-01,Data Engineer,Data,154721.0,2026-09-07 15:41:39.186659
913,E1353,termination,2021-08-24,,,,2026-09-07 15:41:39.186659
914,E1353,promotion,2022-09-06,Sales Manager,Sales,68831.0,2026-09-07 15:41:39.186659
915,E1353,transfer,2021-03-09,Support Specialist,Support,77858.0,2026-09-07 15:41:39.186659
916,E1353,promotion,2023-12-18,Sales Manager,Sales,84958.0,2026-09-07 15:41:39.186659
917,E1353,promotion,2026-04-29,HR Specialist,HR,74249.0,2026-09-07 15:41:39.186659
918,E1354,promotion,2021-01-30,HR Specialist,HR,149589.0,2026-09-07 15:41:39.186659
919,E1354,transfer,2017-06-23,Support Specialist,Support,145633.0,2026-09-07 15:41:39.186659
920,E1356,termination,2026-06-16,,,,2026-09-07 15:41:39.186659
921,E1356,promotion,2022-08-23,Support Specialist,Support,79985.0,2026-09-07 15:41:39.186659
922,E1356,termination,2026-06-16,,,,2026-09-07 15:41:39.186659
923,E1357,transfer,2020-11-26,Support Specialist,Support,114332.0,2026-09-07 15:41:39.186659
924,E1357,transfer,2022-08-03,Sales Manager,Sales,119264.0,2026-09-07 15:41:39.186659
925,E1357,promotion,2024-04-07,Support Specialist,Support,139554.0,2026-09-07 15:41:39.186659
926,E1357,promotion,2017-10-21,Data Engineer,Data,136723.0,2026-09-07 15:41:39.186659
927,E1357,salary_change,2026-02-23,,,109309.0,2026-09-07 15:41:39.186659
928,E1358,transfer,2022-10-07,Data Engineer,Data,79646.0,2026-09-07 15:41:39.186659
929,E1358,transfer,2017-10-09,Software Engineer,Engineering,67135.0,2026-09-07 15:41:39.186659
930,E1358,salary_change,2016-11-22,,,68954.0,2026-09-07 15:41:39.186659
931,E1359,salary_change,2023-06-22,,,113322.0,2026-09-07 15:41:39.186659
932,E1359,salary_change,2019-03-02,,,111330.0,2026-09-07 15:41:39.186659
933,E1361,promotion,2023-03-03,HR Specialist,HR,75320.0,2026-09-07 15:41:39.186659
934,E1361,transfer,2023-10-28,Support Specialist,Support,84310.0,2026-09-07 15:41:39.186659
935,E1361,salary_change,2023-02-23,,,81991.0,2026-09-07 15:41:39.186659
936,E1361,promotion,2023-09-03,Data Engineer,Data,82006.0,2026-09-07 15:41:39.186659
937,E1361,promotion,2022-07-16,HR Specialist,HR,84953.0,2026-09-07 15:41:39.186659
938,E1362,transfer,2026-08-20,Finance Analyst,Finance,125496.0,2026-09-07 15:41:39.186659
939,E1362,termination,2026-08-24,,,,2026-09-07 15:41:39.186659
940,E1362,promotion,2026-09-04,Data Engineer,Data,131555.0,2026-09-07 15:41:39.186659
941,E1362,termination,2026-08-18,,,,2026-09-07 15:41:39.186659
942,E1362,salary_change,2026-09-04,,,105230.0,2026-09-07 15:41:39.186659
943,E1363,promotion,2025-10-12,Sales Manager,Sales,82594.0,2026-09-07 15:41:39.186659
944,E1363,promotion,2026-05-21,Data Engineer,Data,83170.0,2026-09-07 15:41:39.186659
945,E1363,transfer,2025-09-10,Software Engineer,Engineering,80303.0,2026-09-07 15:41:39.186659
946,E1364,transfer,2022-11-14,Support Specialist,Support,142635.0,2026-09-07 15:41:39.186659
947,E1364,termination,2025-02-17,,,,2026-09-07 15:41:39.186659
948,E1365,termination,2026-05-30,,,,2026-09-07 15:41:39.186659
949,E1365,salary_change,2026-08-31,,,73668.0,2026-09-07 15:41:39.186659
950,E1366,termination,2022-02-10,,,,2026-09-07 15:41:39.186659
951,E1366,promotion,2024-03-02,Sales Manager,Sales,72208.0,2026-09-07 15:41:39.186659
952,E1366,salary_change,2022-11-09,,,66418.0,2026-09-07 15:41:39.186659
953,E1366,termination,2024-05-27,,,,2026-09-07 15:41:39.186659
954,E1366,transfer,2026-02-05,Product Manager,Product,74572.0,2026-09-07 15:41:39.186659
955,E1367,promotion,2026-08-18,Software Engineer,Engineering,115742.0,2026-09-07 15:41:39.186659
956,E1367,salary_change,2026-08-29,,,105242.0,2026-09-07 15:41:39.186659
957,E1367,transfer,2026-07-24,Software Engineer,Engineering,98155.0,2026-09-07 15:41:39.186659
958,E1367,promotion,2026-08-13,Data Engineer,Data,97202.0,2026-09-07 15:41:39.186659
959,E1368,termination,2024-07-16,,,,2026-09-07 15:41:39.186659
960,E1369,termination,2025-10-04,,,,2026-09-07 15:41:39.186659
961,E1369,transfer,2026-08-11,HR Specialist,HR,132145.0,2026-09-07 15:41:39.186659
962,E1369,termination,2026-07-14,,,,2026-09-07 15:41:39.186659
963,E1370,salary_change,2023-02-13,,,71829.0,2026-09-07 15:41:39.186659
964,E1373,salary_change,2026-01-16,,,123507.0,2026-09-07 15:41:39.186659
965,E1374,salary_change,2019-07-10,,,94992.0,2026-09-07 15:41:39.186659
966,E1374,promotion,2021-01-19,Finance Analyst,Finance,96245.0,2026-09-07 15:41:39.186659
967,E1374,transfer,2020-03-17,Support Specialist,Support,110407.0,2026-09-07 15:41:39.186659
968,E1375,promotion,2026-09-04,Finance Analyst,Finance,155210.0,2026-09-07 15:41:39.186659
969,E1375,salary_change,2026-09-03,,,145464.0,2026-09-07 15:41:39.186659
970,E1376,promotion,2024-04-04,Data Engineer,Data,150365.0,2026-09-07 15:41:39.186659
971,E1376,salary_change,2021-05-15,,,128718.0,2026-09-07 15:41:39.186659
972,E1376,termination,2019-01-08,,,,2026-09-07 15:41:39.186659
973,E1376,termination,2023-04-18,,,,2026-09-07 15:41:39.186659
974,E1377,transfer,2026-04-12,Software Engineer,Engineering,118456.0,2026-09-07 15:41:39.186659
975,E1377,transfer,2026-04-26,Sales Manager,Sales,122937.0,2026-09-07 15:41:39.186659
976,E1377,promotion,2026-08-17,Software Engineer,Engineering,128902.0,2026-09-07 15:41:39.186659
977,E1377,promotion,2026-07-11,Product Manager,Product,118050.0,2026-09-07 15:41:39.186659
978,E1377,transfer,2026-04-11,Product Manager,Product,130277.0,2026-09-07 15:41:39.186659
979,E1378,transfer,2021-06-22,Sales Manager,Sales,122242.0,2026-09-07 15:41:39.186659
980,E1378,termination,2026-07-25,,,,2026-09-07 15:41:39.186659
981,E1379,salary_change,2022-06-25,,,89608.0,2026-09-07 15:41:39.186659
982,E1379,salary_change,2021-05-23,,,80169.0,2026-09-07 15:41:39.186659
983,E1379,transfer,2021-03-05,Product Manager,Product,87329.0,2026-09-07 15:41:39.186659
984,E1379,transfer,2023-08-08,Product Manager,Product,94130.0,2026-09-07 15:41:39.186659
985,E1379,termination,2024-06-05,,,,2026-09-07 15:41:39.186659
986,E1380,promotion,2017-06-18,HR Specialist,HR,168379.0,2026-09-07 15:41:39.186659
987,E1380,transfer,2017-05-07,Finance Analyst,Finance,147574.0,2026-09-07 15:41:39.186659
988,E1381,salary_change,2021-03-08,,,62962.0,2026-09-07 15:41:39.186659
989,E1381,transfer,2023-06-25,Data Engineer,Data,67984.0,2026-09-07 15:41:39.186659
990,E1381,transfer,2017-10-27,Data Engineer,Data,74012.0,2026-09-07 15:41:39.186659
991,E1381,promotion,2019-01-13,Software Engineer,Engineering,77389.0,2026-09-07 15:41:39.186659
992,E1382,promotion,2023-01-02,Sales Manager,Sales,126273.0,2026-09-07 15:41:39.186659
993,E1382,transfer,2026-08-26,Finance Analyst,Finance,118984.0,2026-09-07 15:41:39.186659
994,E1382,promotion,2021-09-16,Finance Analyst,Finance,128652.0,2026-09-07 15:41:39.186659
995,E1382,termination,2024-07-22,,,,2026-09-07 15:41:39.186659
996,E1383,salary_change,2024-03-08,,,98255.0,2026-09-07 15:41:39.186659
997,E1383,termination,2019-04-06,,,,2026-09-07 15:41:39.186659
998,E1383,transfer,2018-08-13,Finance Analyst,Finance,106754.0,2026-09-07 15:41:39.186659
999,E1383,promotion,2024-08-04,Software Engineer,Engineering,101408.0,2026-09-07 15:41:39.186659
1000,E1383,transfer,2020-06-02,Product Manager,Product,100835.0,2026-09-07 15:41:39.186659
1001,E1384,promotion,2021-12-10,HR Specialist,HR,81597.0,2026-09-07 15:41:39.186659
1002,E1384,promotion,2025-05-05,Support Specialist,Support,80997.0,2026-09-07 15:41:39.186659
1003,E1385,transfer,2025-09-29,Finance Analyst,Finance,113904.0,2026-09-07 15:41:39.186659
1004,E1385,termination,2025-08-19,,,,2026-09-07 15:41:39.186659
1005,E1385,promotion,2024-09-06,Data Engineer,Data,112888.0,2026-09-07 15:41:39.186659
1006,E1385,salary_change,2025-05-16,,,92925.0,2026-09-07 15:41:39.186659
1007,E1385,transfer,2025-03-06,Software Engineer,Engineering,103969.0,2026-09-07 15:41:39.186659
1008,E1386,termination,2026-07-28,,,,2026-09-07 15:41:39.186659
1009,E1389,salary_change,2025-01-24,,,55717.0,2026-09-07 15:41:39.186659
1010,E1389,salary_change,2025-03-26,,,55998.0,2026-09-07 15:41:39.186659
1011,E1389,promotion,2025-10-15,Finance Analyst,Finance,62961.0,2026-09-07 15:41:39.186659
1012,E1390,termination,2025-10-27,,,,2026-09-07 15:41:39.186659
1013,E1390,transfer,2026-02-11,Software Engineer,Engineering,97752.0,2026-09-07 15:41:39.186659
1014,E1391,salary_change,2025-07-06,,,63690.0,2026-09-07 15:41:39.186659
1015,E1392,promotion,2018-11-27,HR Specialist,HR,69455.0,2026-09-07 15:41:39.186659
1016,E1392,salary_change,2025-12-16,,,58872.0,2026-09-07 15:41:39.186659
1017,E1392,transfer,2023-03-16,Sales Manager,Sales,70124.0,2026-09-07 15:41:39.186659
1018,E1392,salary_change,2021-06-12,,,51567.0,2026-09-07 15:41:39.186659
1019,E1393,promotion,2020-11-06,Data Engineer,Data,95804.0,2026-09-07 15:41:39.186659
1020,E1393,transfer,2022-01-25,Data Engineer,Data,102978.0,2026-09-07 15:41:39.186659
1021,E1393,salary_change,2023-11-04,,,95316.0,2026-09-07 15:41:39.186659
1022,E1393,transfer,2024-11-18,Product Manager,Product,102022.0,2026-09-07 15:41:39.186659
1023,E1394,salary_change,2025-05-24,,,165651.0,2026-09-07 15:41:39.186659
1024,E1394,termination,2025-09-16,,,,2026-09-07 15:41:39.186659
1025,E1394,promotion,2026-02-22,HR Specialist,HR,151132.0,2026-09-07 15:41:39.186659
1026,E1395,promotion,2025-09-05,Support Specialist,Support,91597.0,2026-09-07 15:41:39.186659
1027,E1395,transfer,2026-02-08,HR Specialist,HR,110536.0,2026-09-07 15:41:39.186659
1028,E1395,termination,2025-04-29,,,,2026-09-07 15:41:39.186659
1029,E1395,termination,2026-07-01,,,,2026-09-07 15:41:39.186659
1030,E1395,termination,2025-07-21,,,,2026-09-07 15:41:39.186659
1031,E1397,termination,2023-04-13,,,,2026-09-07 15:41:39.186659
1032,E1397,promotion,2025-11-10,Sales Manager,Sales,56504.0,2026-09-07 15:41:39.186659
1033,E1397,salary_change,2023-12-12,,,59004.0,2026-09-07 15:41:39.186659
1034,E1397,transfer,2024-11-27,HR Specialist,HR,68770.0,2026-09-07 15:41:39.186659
1035,E1397,salary_change,2025-03-24,,,60040.0,2026-09-07 15:41:39.186659
1036,E1398,salary_change,2025-06-22,,,121403.0,2026-09-07 15:41:39.186659
1037,E1399,promotion,2026-05-17,Data Engineer,Data,125150.0,2026-09-07 15:41:39.186659
1038,E1399,promotion,2025-11-04,Sales Manager,Sales,119289.0,2026-09-07 15:41:39.186659
1039,E1399,promotion,2021-02-04,Finance Analyst,Finance,104119.0,2026-09-07 15:41:39.186659
1040,E1399,termination,2019-10-17,,,,2026-09-07 15:41:39.186659
1041,E1400,termination,2023-10-02,,,,2026-09-07 15:41:39.186659
1042,E1402,promotion,2024-11-18,Software Engineer,Engineering,47133.0,2026-09-07 15:41:39.186659
1043,E1402,salary_change,2026-06-10,,,43607.0,2026-09-07 15:41:39.186659
1044,E1402,transfer,2024-12-17,Finance Analyst,Finance,49074.0,2026-09-07 15:41:39.186659
1045,E1403,termination,2023-07-30,,,,2026-09-07 15:41:39.186659
1046,E1403,transfer,2023-07-10,Product Manager,Product,157411.0,2026-09-07 15:41:39.186659
1047,E1403,transfer,2021-11-17,HR Specialist,HR,147284.0,2026-09-07 15:41:39.186659
1048,E1404,transfer,2023-03-06,Finance Analyst,Finance,78895.0,2026-09-07 15:41:39.186659
1049,E1404,termination,2024-06-21,,,,2026-09-07 15:41:39.186659
1050,E1404,transfer,2026-01-12,Finance Analyst,Finance,78954.0,2026-09-07 15:41:39.186659
1051,E1404,promotion,2023-07-24,Software Engineer,Engineering,78423.0,2026-09-07 15:41:39.186659
1052,E1405,termination,2025-07-08,,,,2026-09-07 15:41:39.186659
1053,E1407,salary_change,2020-01-05,,,51535.0,2026-09-07 15:41:39.186659
1054,E1407,transfer,2018-03-15,Sales Manager,Sales,58331.0,2026-09-07 15:41:39.186659
1055,E1409,transfer,2024-04-30,Support Specialist,Support,76162.0,2026-09-07 15:41:39.186659
1056,E1410,salary_change,2026-02-12,,,46360.0,2026-09-07 15:41:39.186659
1057,E1410,termination,2026-04-01,,,,2026-09-07 15:41:39.186659
1058,E1411,termination,2021-11-12,,,,2026-09-07 15:41:39.186659
1059,E1411,termination,2020-06-08,,,,2026-09-07 15:41:39.186659
1060,E1411,transfer,2020-02-20,Finance Analyst,Finance,81952.0,2026-09-07 15:41:39.186659
1061,E1411,promotion,2026-04-27,Data Engineer,Data,88210.0,2026-09-07 15:41:39.186659
1062,E1412,transfer,2023-09-22,Sales Manager,Sales,115519.0,2026-09-07 15:41:39.186659
1063,E1412,transfer,2023-12-12,HR Specialist,HR,117410.0,2026-09-07 15:41:39.186659
1064,E1412,termination,2026-01-12,,,,2026-09-07 15:41:39.186659
1065,E1413,promotion,2025-05-26,Software Engineer,Engineering,95254.0,2026-09-07 15:41:39.186659
1066,E1413,salary_change,2026-03-06,,,102916.0,2026-09-07 15:41:39.186659
1067,E1413,promotion,2024-04-11,Sales Manager,Sales,96183.0,2026-09-07 15:41:39.186659
1068,E1413,promotion,2024-10-05,Support Specialist,Support,98235.0,2026-09-07 15:41:39.186659
1069,E1414,termination,2025-01-04,,,,2026-09-07 15:41:39.186659
1070,E1414,promotion,2023-04-17,Support Specialist,Support,154612.0,2026-09-07 15:41:39.186659
1071,E1416,termination,2023-01-29,,,,2026-09-07 15:41:39.186659
1072,E1416,transfer,2025-09-06,Data Engineer,Data,129317.0,2026-09-07 15:41:39.186659
1073,E1416,transfer,2025-08-30,Product Manager,Product,144513.0,2026-09-07 15:41:39.186659
1074,E1418,promotion,2019-04-30,HR Specialist,HR,65272.0,2026-09-07 15:41:39.186659
1075,E1418,termination,2021-01-04,,,,2026-09-07 15:41:39.186659
1076,E1418,salary_change,2019-07-29,,,58971.0,2026-09-07 15:41:39.186659
1077,E1420,transfer,2022-08-23,Finance Analyst,Finance,61624.0,2026-09-07 15:41:39.186659
1078,E1420,transfer,2026-03-06,Data Engineer,Data,65355.0,2026-09-07 15:41:39.186659
1079,E1421,termination,2024-07-17,,,,2026-09-07 15:41:39.186659
1080,E1421,transfer,2023-01-25,Finance Analyst,Finance,106596.0,2026-09-07 15:41:39.186659
1081,E1422,transfer,2025-03-11,Sales Manager,Sales,125454.0,2026-09-07 15:41:39.186659
1082,E1422,transfer,2025-07-08,HR Specialist,HR,113403.0,2026-09-07 15:41:39.186659
1083,E1422,promotion,2025-12-14,Support Specialist,Support,119171.0,2026-09-07 15:41:39.186659
1084,E1422,termination,2025-08-28,,,,2026-09-07 15:41:39.186659
1085,E1422,promotion,2025-07-16,Finance Analyst,Finance,120086.0,2026-09-07 15:41:39.186659
1086,E1423,transfer,2026-05-04,Software Engineer,Engineering,118113.0,2026-09-07 15:41:39.186659
1087,E1423,transfer,2021-05-09,Sales Manager,Sales,111334.0,2026-09-07 15:41:39.186659
1088,E1424,transfer,2024-07-22,Data Engineer,Data,98063.0,2026-09-07 15:41:39.186659
1089,E1424,termination,2025-07-26,,,,2026-09-07 15:41:39.186659
1090,E1425,termination,2022-11-10,,,,2026-09-07 15:41:39.186659
1091,E1425,promotion,2021-11-24,Software Engineer,Engineering,46648.0,2026-09-07 15:41:39.186659
1092,E1425,termination,2026-05-09,,,,2026-09-07 15:41:39.186659
1093,E1425,salary_change,2026-05-01,,,43115.0,2026-09-07 15:41:39.186659
1094,E1425,promotion,2024-10-31,Finance Analyst,Finance,54342.0,2026-09-07 15:41:39.186659
1095,E1427,salary_change,2025-11-02,,,134170.0,2026-09-07 15:41:39.186659
1096,E1427,transfer,2026-02-07,Support Specialist,Support,166113.0,2026-09-07 15:41:39.186659
1097,E1427,salary_change,2026-01-12,,,156218.0,2026-09-07 15:41:39.186659
1098,E1429,termination,2026-04-14,,,,2026-09-07 15:41:39.186659
1099,E1429,salary_change,2024-02-22,,,113994.0,2026-09-07 15:41:39.186659
1100,E1429,salary_change,2025-07-11,,,138489.0,2026-09-07 15:41:39.186659
1101,E1429,promotion,2026-01-25,HR Specialist,HR,149507.0,2026-09-07 15:41:39.186659
1102,E1430,transfer,2023-09-22,Support Specialist,Support,81137.0,2026-09-07 15:41:39.186659
1103,E1430,transfer,2025-10-22,Finance Analyst,Finance,87560.0,2026-09-07 15:41:39.186659
1104,E1430,transfer,2022-10-23,Sales Manager,Sales,75955.0,2026-09-07 15:41:39.186659
1105,E1431,promotion,2025-09-25,Finance Analyst,Finance,95802.0,2026-09-07 15:41:39.186659
1106,E1431,salary_change,2026-02-26,,,99708.0,2026-09-07 15:41:39.186659
1107,E1431,promotion,2025-09-20,HR Specialist,HR,98504.0,2026-09-07 15:41:39.186659
1108,E1431,transfer,2025-12-17,Data Engineer,Data,104535.0,2026-09-07 15:41:39.186659
1109,E1431,promotion,2025-08-01,Data Engineer,Data,89164.0,2026-09-07 15:41:39.186659
1110,E1432,promotion,2017-08-07,Data Engineer,Data,122078.0,2026-09-07 15:41:39.186659
1111,E1433,transfer,2018-12-21,Sales Manager,Sales,69451.0,2026-09-07 15:41:39.186659
1112,E1433,salary_change,2017-12-06,,,61751.0,2026-09-07 15:41:39.186659
1113,E1433,promotion,2019-04-20,Finance Analyst,Finance,64885.0,2026-09-07 15:41:39.186659
1114,E1434,transfer,2026-08-30,HR Specialist,HR,153243.0,2026-09-07 15:41:39.186659
1115,E1434,transfer,2026-09-06,HR Specialist,HR,138078.0,2026-09-07 15:41:39.186659
1116,E1434,transfer,2026-09-01,Support Specialist,Support,159451.0,2026-09-07 15:41:39.186659
1117,E1434,salary_change,2026-08-26,,,135409.0,2026-09-07 15:41:39.186659
1118,E1435,salary_change,2024-05-15,,,44737.0,2026-09-07 15:41:39.186659
1119,E1435,promotion,2025-12-13,HR Specialist,HR,52427.0,2026-09-07 15:41:39.186659
1120,E1435,transfer,2022-10-02,Data Engineer,Data,51221.0,2026-09-07 15:41:39.186659
1121,E1435,salary_change,2025-07-18,,,48886.0,2026-09-07 15:41:39.186659
1122,E1435,termination,2025-09-30,,,,2026-09-07 15:41:39.186659
1123,E1436,salary_change,2024-01-23,,,117396.0,2026-09-07 15:41:39.186659
1124,E1436,termination,2025-01-13,,,,2026-09-07 15:41:39.186659
1125,E1437,transfer,2020-07-03,Finance Analyst,Finance,80339.0,2026-09-07 15:41:39.186659
1126,E1438,promotion,2022-05-20,Product Manager,Product,132072.0,2026-09-07 15:41:39.186659
1127,E1438,transfer,2023-10-14,Finance Analyst,Finance,134187.0,2026-09-07 15:41:39.186659
1128,E1438,salary_change,2021-05-23,,,117707.0,2026-09-07 15:41:39.186659
1129,E1438,salary_change,2025-04-30,,,103444.0,2026-09-07 15:41:39.186659
1130,E1438,promotion,2022-12-15,Data Engineer,Data,135476.0,2026-09-07 15:41:39.186659
1131,E1439,termination,2026-07-02,,,,2026-09-07 15:41:39.186659
1132,E1439,termination,2025-10-23,,,,2026-09-07 15:41:39.186659
1133,E1439,promotion,2025-08-19,Support Specialist,Support,89121.0,2026-09-07 15:41:39.186659
1134,E1439,termination,2025-11-20,,,,2026-09-07 15:41:39.186659
1135,E1440,promotion,2016-09-09,Sales Manager,Sales,145927.0,2026-09-07 15:41:39.186659
1136,E1440,salary_change,2016-06-23,,,124540.0,2026-09-07 15:41:39.186659
1137,E1440,salary_change,2018-02-08,,,107340.0,2026-09-07 15:41:39.186659
1138,E1440,promotion,2018-06-27,Sales Manager,Sales,141825.0,2026-09-07 15:41:39.186659
1139,E1441,termination,2022-09-12,,,,2026-09-07 15:41:39.186659
1140,E1441,termination,2022-09-12,,,,2026-09-07 15:41:39.186659
1141,E1442,transfer,2021-09-12,Finance Analyst,Finance,50307.0,2026-09-07 15:41:39.186659
1142,E1443,transfer,2024-01-25,Software Engineer,Engineering,150171.0,2026-09-07 15:41:39.186659
1143,E1443,termination,2025-12-22,,,,2026-09-07 15:41:39.186659
1144,E1443,transfer,2022-09-16,Software Engineer,Engineering,156699.0,2026-09-07 15:41:39.186659
1145,E1443,promotion,2025-11-18,Data Engineer,Data,158275.0,2026-09-07 15:41:39.186659
1146,E1444,promotion,2022-05-20,Finance Analyst,Finance,70912.0,2026-09-07 15:41:39.186659
1147,E1444,promotion,2025-01-17,Finance Analyst,Finance,72061.0,2026-09-07 15:41:39.186659
1148,E1444,termination,2021-04-01,,,,2026-09-07 15:41:39.186659
1149,E1444,salary_change,2023-07-12,,,74202.0,2026-09-07 15:41:39.186659
1150,E1446,termination,2022-02-24,,,,2026-09-07 15:41:39.186659
1151,E1447,transfer,2023-10-31,Support Specialist,Support,119386.0,2026-09-07 15:41:39.186659
1152,E1447,salary_change,2022-02-27,,,118519.0,2026-09-07 15:41:39.186659
1153,E1447,salary_change,2022-05-28,,,112562.0,2026-09-07 15:41:39.186659
1154,E1447,promotion,2022-05-09,Finance Analyst,Finance,124307.0,2026-09-07 15:41:39.186659
1155,E1448,salary_change,2023-12-18,,,58395.0,2026-09-07 15:41:39.186659
1156,E1448,transfer,2024-05-05,Sales Manager,Sales,73551.0,2026-09-07 15:41:39.186659
1157,E1448,transfer,2023-10-05,Finance Analyst,Finance,72647.0,2026-09-07 15:41:39.186659
1158,E1450,promotion,2023-05-14,HR Specialist,HR,83053.0,2026-09-07 15:41:39.186659
1159,E1450,termination,2025-12-03,,,,2026-09-07 15:41:39.186659
1160,E1451,termination,2025-05-05,,,,2026-09-07 15:41:39.186659
1161,E1451,salary_change,2025-11-10,,,114253.0,2026-09-07 15:41:39.186659
1162,E1451,termination,2025-11-01,,,,2026-09-07 15:41:39.186659
1163,E1452,promotion,2023-02-19,Sales Manager,Sales,67197.0,2026-09-07 15:41:39.186659
1164,E1452,transfer,2024-07-14,Data Engineer,Data,77588.0,2026-09-07 15:41:39.186659
1165,E1452,salary_change,2024-09-05,,,66794.0,2026-09-07 15:41:39.186659
1166,E1452,termination,2025-05-08,,,,2026-09-07 15:41:39.186659
1167,E1452,transfer,2025-03-14,Finance Analyst,Finance,77944.0,2026-09-07 15:41:39.186659
1168,E1453,salary_change,2026-07-10,,,81688.0,2026-09-07 15:41:39.186659
1169,E1453,promotion,2026-07-31,Data Engineer,Data,92547.0,2026-09-07 15:41:39.186659
1170,E1453,termination,2026-07-10,,,,2026-09-07 15:41:39.186659
1171,E1455,promotion,2022-04-18,Data Engineer,Data,129365.0,2026-09-07 15:41:39.186659
1172,E1455,salary_change,2020-04-01,,,119970.0,2026-09-07 15:41:39.186659
1173,E1455,transfer,2019-08-01,Product Manager,Product,127541.0,2026-09-07 15:41:39.186659
1174,E1455,salary_change,2023-08-29,,,102328.0,2026-09-07 15:41:39.186659
1175,E1455,promotion,2022-11-02,Software Engineer,Engineering,109169.0,2026-09-07 15:41:39.186659
1176,E1456,salary_change,2023-03-09,,,94276.0,2026-09-07 15:41:39.186659
1177,E1456,promotion,2023-05-02,Support Specialist,Support,89845.0,2026-09-07 15:41:39.186659
1178,E1457,termination,2025-07-06,,,,2026-09-07 15:41:39.186659
1179,E1457,salary_change,2025-09-27,,,103910.0,2026-09-07 15:41:39.186659
1180,E1457,termination,2025-03-02,,,,2026-09-07 15:41:39.186659
1181,E1458,salary_change,2026-03-16,,,130360.0,2026-09-07 15:41:39.186659
1182,E1458,promotion,2018-12-22,Sales Manager,Sales,133681.0,2026-09-07 15:41:39.186659
1183,E1458,transfer,2022-07-01,Data Engineer,Data,141362.0,2026-09-07 15:41:39.186659
1184,E1459,termination,2025-04-17,,,,2026-09-07 15:41:39.186659
1185,E1459,termination,2026-07-30,,,,2026-09-07 15:41:39.186659
1186,E1460,salary_change,2025-10-14,,,110185.0,2026-09-07 15:41:39.186659
1187,E1461,salary_change,2025-09-08,,,109767.0,2026-09-07 15:41:39.186659
1188,E1461,termination,2024-04-02,,,,2026-09-07 15:41:39.186659
1189,E1461,termination,2022-01-25,,,,2026-09-07 15:41:39.186659
1190,E1461,termination,2021-08-08,,,,2026-09-07 15:41:39.186659
1191,E1462,salary_change,2026-05-14,,,106326.0,2026-09-07 15:41:39.186659
1192,E1462,termination,2025-10-20,,,,2026-09-07 15:41:39.186659
1193,E1462,termination,2025-11-28,,,,2026-09-07 15:41:39.186659
1194,E1462,termination,2026-01-12,,,,2026-09-07 15:41:39.186659
1195,E1464,promotion,2025-09-13,Sales Manager,Sales,89231.0,2026-09-07 15:41:39.186659
1196,E1464,transfer,2024-12-16,Product Manager,Product,72601.0,2026-09-07 15:41:39.186659
1197,E1464,salary_change,2023-05-27,,,66318.0,2026-09-07 15:41:39.186659
1198,E1464,transfer,2025-10-02,Data Engineer,Data,86607.0,2026-09-07 15:41:39.186659
1199,E1465,termination,2025-02-03,,,,2026-09-07 15:41:39.186659
1200,E1465,promotion,2023-03-24,Software Engineer,Engineering,80339.0,2026-09-07 15:41:39.186659
1201,E1465,termination,2022-04-20,,,,2026-09-07 15:41:39.186659
1202,E1466,salary_change,2022-05-04,,,122001.0,2026-09-07 15:41:39.186659
1203,E1467,promotion,2023-10-15,HR Specialist,HR,48847.0,2026-09-07 15:41:39.186659
1204,E1467,termination,2021-04-17,,,,2026-09-07 15:41:39.186659
1205,E1467,salary_change,2020-12-20,,,41697.0,2026-09-07 15:41:39.186659
1206,E1467,promotion,2021-01-05,Support Specialist,Support,45445.0,2026-09-07 15:41:39.186659
1207,E1469,termination,2026-07-17,,,,2026-09-07 15:41:39.186659
1208,E1469,termination,2026-07-17,,,,2026-09-07 15:41:39.186659
1209,E1470,salary_change,2025-12-09,,,117743.0,2026-09-07 15:41:39.186659
1210,E1471,termination,2025-03-15,,,,2026-09-07 15:41:39.186659
1211,E1471,salary_change,2025-07-22,,,90735.0,2026-09-07 15:41:39.186659
1212,E1474,promotion,2026-02-07,Support Specialist,Support,91456.0,2026-09-07 15:41:39.186659
1213,E1474,termination,2026-02-18,,,,2026-09-07 15:41:39.186659
1214,E1474,salary_change,2022-05-16,,,80498.0,2026-09-07 15:41:39.186659
1215,E1474,transfer,2024-11-15,Software Engineer,Engineering,75568.0,2026-09-07 15:41:39.186659
1216,E1474,termination,2022-07-15,,,,2026-09-07 15:41:39.186659
1217,E1475,salary_change,2018-06-03,,,119419.0,2026-09-07 15:41:39.186659
1218,E1476,termination,2026-02-25,,,,2026-09-07 15:41:39.186659
1219,E1476,transfer,2025-10-26,Software Engineer,Engineering,116396.0,2026-09-07 15:41:39.186659
1220,E1476,salary_change,2025-05-18,,,118779.0,2026-09-07 15:41:39.186659
1221,E1477,promotion,2022-03-20,HR Specialist,HR,68939.0,2026-09-07 15:41:39.186659
1222,E1477,transfer,2022-04-28,Finance Analyst,Finance,60143.0,2026-09-07 15:41:39.186659
1223,E1477,salary_change,2023-08-23,,,60378.0,2026-09-07 15:41:39.186659
1224,E1479,transfer,2025-12-10,HR Specialist,HR,120478.0,2026-09-07 15:41:39.186659
1225,E1479,termination,2021-01-10,,,,2026-09-07 15:41:39.186659
1226,E1479,transfer,2024-08-14,Support Specialist,Support,115673.0,2026-09-07 15:41:39.186659
1227,E1479,transfer,2019-04-24,HR Specialist,HR,110086.0,2026-09-07 15:41:39.186659
1228,E1479,promotion,2019-01-30,Support Specialist,Support,102041.0,2026-09-07 15:41:39.186659
1229,E1480,transfer,2025-01-18,Finance Analyst,Finance,122468.0,2026-09-07 15:41:39.186659
1230,E1480,termination,2023-02-19,,,,2026-09-07 15:41:39.186659
1231,E1482,transfer,2024-12-29,Finance Analyst,Finance,118027.0,2026-09-07 15:41:39.186659
1232,E1482,transfer,2018-09-14,Data Engineer,Data,105657.0,2026-09-07 15:41:39.186659
1233,E1483,termination,2022-09-21,,,,2026-09-07 15:41:39.186659
1234,E1483,termination,2022-12-25,,,,2026-09-07 15:41:39.186659
1235,E1483,transfer,2023-05-31,Software Engineer,Engineering,82998.0,2026-09-07 15:41:39.186659
1236,E1483,termination,2025-10-29,,,,2026-09-07 15:41:39.186659
1237,E1483,termination,2021-06-12,,,,2026-09-07 15:41:39.186659
1238,E1484,transfer,2024-05-01,Data Engineer,Data,69470.0,2026-09-07 15:41:39.186659
1239,E1485,termination,2024-10-10,,,,2026-09-07 15:41:39.186659
1240,E1485,salary_change,2024-07-01,,,117023.0,2026-09-07 15:41:39.186659
1241,E1485,termination,2026-05-10,,,,2026-09-07 15:41:39.186659
1242,E1485,promotion,2024-12-28,Data Engineer,Data,127634.0,2026-09-07 15:41:39.186659
1243,E1486,salary_change,2018-10-11,,,57568.0,2026-09-07 15:41:39.186659
1244,E1486,promotion,2018-05-16,Software Engineer,Engineering,76204.0,2026-09-07 15:41:39.186659
1245,E1486,termination,2019-04-23,,,,2026-09-07 15:41:39.186659
1246,E1486,termination,2019-04-23,,,,2026-09-07 15:41:39.186659
1247,E1486,termination,2019-04-23,,,,2026-09-07 15:41:39.186659
1248,E1487,transfer,2026-06-10,Finance Analyst,Finance,141944.0,2026-09-07 15:41:39.186659
1249,E1487,salary_change,2026-05-10,,,141423.0,2026-09-07 15:41:39.186659
1250,E1487,salary_change,2026-06-30,,,127561.0,2026-09-07 15:41:39.186659
1251,E1487,transfer,2026-08-11,Finance Analyst,Finance,145461.0,2026-09-07 15:41:39.186659
1252,E1487,promotion,2026-06-03,HR Specialist,HR,142130.0,2026-09-07 15:41:39.186659
1253,E1488,transfer,2019-07-12,Software Engineer,Engineering,119685.0,2026-09-07 15:41:39.186659
1254,E1488,termination,2019-07-19,,,,2026-09-07 15:41:39.186659
1255,E1488,salary_change,2019-06-08,,,118275.0,2026-09-07 15:41:39.186659
1256,E1488,promotion,2018-06-27,Data Engineer,Data,110943.0,2026-09-07 15:41:39.186659
1257,E1490,transfer,2021-12-10,HR Specialist,HR,128406.0,2026-09-07 15:41:39.186659
1258,E1491,promotion,2025-03-28,Data Engineer,Data,71770.0,2026-09-07 15:41:39.186659
1259,E1491,promotion,2024-08-12,Software Engineer,Engineering,64420.0,2026-09-07 15:41:39.186659
1260,E1491,salary_change,2022-06-15,,,64929.0,2026-09-07 15:41:39.186659
1261,E1491,promotion,2024-02-12,Software Engineer,Engineering,63409.0,2026-09-07 15:41:39.186659
1262,E1491,transfer,2024-05-08,Product Manager,Product,65106.0,2026-09-07 15:41:39.186659
1263,E1492,transfer,2020-07-31,Support Specialist,Support,93161.0,2026-09-07 15:41:39.186659
1264,E1492,termination,2021-04-10,,,,2026-09-07 15:41:39.186659
1265,E1492,termination,2021-04-10,,,,2026-09-07 15:41:39.186659
1266,E1492,termination,2021-04-10,,,,2026-09-07 15:41:39.186659
1267,E1494,transfer,2022-10-25,Data Engineer,Data,99888.0,2026-09-07 15:41:39.186659
1268,E1494,promotion,2023-03-17,HR Specialist,HR,111213.0,2026-09-07 15:41:39.186659
1269,E1495,transfer,2022-02-13,Data Engineer,Data,58423.0,2026-09-07 15:41:39.186659
1270,E1495,promotion,2023-01-02,HR Specialist,HR,53683.0,2026-09-07 15:41:39.186659
1271,E1495,termination,2025-01-14,,,,2026-09-07 15:41:39.186659
1272,E1495,termination,2026-02-08,,,,2026-09-07 15:41:39.186659
1273,E1496,termination,2017-01-02,,,,2026-09-07 15:41:39.186659
1274,E1496,promotion,2016-04-08,Finance Analyst,Finance,138600.0,2026-09-07 15:41:39.186659
1275,E1496,salary_change,2016-03-29,,,126043.0,2026-09-07 15:41:39.186659
1276,E1497,termination,2025-11-03,,,,2026-09-07 15:41:39.186659
1277,E1497,transfer,2024-05-24,HR Specialist,HR,170763.0,2026-09-07 15:41:39.186659
1278,E1498,promotion,2026-08-31,Product Manager,Product,79280.0,2026-09-07 15:41:39.186659
1279,E1498,transfer,2020-08-18,Software Engineer,Engineering,73698.0,2026-09-07 15:41:39.186659
1280,E1500,promotion,2016-11-03,HR Specialist,HR,114991.0,2026-09-07 15:41:39.186659
1281,E1500,termination,2018-02-16,,,,2026-09-07 15:41:39.186659
1282,E1500,termination,2018-02-16,,,,2026-09-07 15:41:39.186659
1283,E1500,transfer,2017-09-17,Data Engineer,Data,129191.0,2026-09-07 15:41:39.186659
1284,E1500,promotion,2017-10-16,Data Engineer,Data,122900.0,2026-09-07 15:41:39.186659
1285,E1501,promotion,2024-11-03,Software Engineer,Engineering,138118.0,2026-09-07 15:41:39.186659
1286,E1501,transfer,2022-06-16,Sales Manager,Sales,136665.0,2026-09-07 15:41:39.186659
1287,E1501,promotion,2025-01-02,Sales Manager,Sales,150052.0,2026-09-07 15:41:39.186659
1288,E1501,termination,2020-11-30,,,,2026-09-07 15:41:39.186659
1289,E1501,termination,2022-12-14,,,,2026-09-07 15:41:39.186659
1290,E1502,transfer,2026-05-31,Finance Analyst,Finance,70997.0,2026-09-07 15:41:39.186659
1291,E1502,salary_change,2026-06-09,,,61424.0,2026-09-07 15:41:39.186659
1292,E1502,transfer,2026-05-12,Software Engineer,Engineering,64545.0,2026-09-07 15:41:39.186659
1293,E1502,salary_change,2026-08-21,,,65114.0,2026-09-07 15:41:39.186659
1294,E1502,transfer,2026-08-02,Data Engineer,Data,66911.0,2026-09-07 15:41:39.186659
1295,E1504,promotion,2018-12-06,Finance Analyst,Finance,89012.0,2026-09-07 15:41:39.186659
1296,E1504,salary_change,2019-02-05,,,87170.0,2026-09-07 15:41:39.186659
1297,E1504,promotion,2019-01-29,Data Engineer,Data,84030.0,2026-09-07 15:41:39.186659
1298,E1504,transfer,2018-12-09,Data Engineer,Data,79563.0,2026-09-07 15:41:39.186659
1299,E1505,salary_change,2026-07-03,,,119952.0,2026-09-07 15:41:39.186659
1300,E1505,salary_change,2025-08-18,,,106277.0,2026-09-07 15:41:39.186659
1301,E1506,salary_change,2021-04-04,,,68193.0,2026-09-07 15:41:39.186659
1302,E1507,termination,2019-01-14,,,,2026-09-07 15:41:39.186659
1303,E1507,salary_change,2017-10-14,,,95150.0,2026-09-07 15:41:39.186659
1304,E1508,termination,2025-05-12,,,,2026-09-07 15:41:39.186659
1305,E1508,promotion,2025-11-28,Support Specialist,Support,89087.0,2026-09-07 15:41:39.186659
1306,E1508,transfer,2025-02-14,Support Specialist,Support,84725.0,2026-09-07 15:41:39.186659
1307,E1508,transfer,2024-10-31,Finance Analyst,Finance,85468.0,2026-09-07 15:41:39.186659
1308,E1512,salary_change,2024-09-03,,,127290.0,2026-09-07 15:41:39.186659
1309,E1512,transfer,2022-09-01,Finance Analyst,Finance,150828.0,2026-09-07 15:41:39.186659
1310,E1512,transfer,2021-02-09,Support Specialist,Support,128780.0,2026-09-07 15:41:39.186659
1311,E1513,termination,2026-04-24,,,,2026-09-07 15:41:39.186659
1312,E1513,promotion,2026-04-13,Software Engineer,Engineering,89394.0,2026-09-07 15:41:39.186659
1313,E1513,promotion,2026-06-29,Support Specialist,Support,89666.0,2026-09-07 15:41:39.186659
1314,E1514,termination,2026-08-01,,,,2026-09-07 15:41:39.186659
1315,E1514,promotion,2025-11-03,Product Manager,Product,96913.0,2026-09-07 15:41:39.186659
1316,E1514,transfer,2026-06-11,Sales Manager,Sales,90169.0,2026-09-07 15:41:39.186659
1317,E1515,promotion,2020-04-06,Finance Analyst,Finance,116165.0,2026-09-07 15:41:39.186659
1318,E1515,salary_change,2020-05-10,,,107927.0,2026-09-07 15:41:39.186659
1319,E1515,promotion,2025-08-03,Software Engineer,Engineering,122367.0,2026-09-07 15:41:39.186659
1320,E1515,termination,2020-01-14,,,,2026-09-07 15:41:39.186659
1321,E1516,salary_change,2026-02-12,,,70223.0,2026-09-07 15:41:39.186659
1322,E1516,salary_change,2026-07-16,,,68849.0,2026-09-07 15:41:39.186659
1323,E1516,transfer,2026-06-18,Software Engineer,Engineering,73989.0,2026-09-07 15:41:39.186659
1324,E1516,termination,2026-02-25,,,,2026-09-07 15:41:39.186659
1325,E1518,transfer,2025-01-19,Support Specialist,Support,170155.0,2026-09-07 15:41:39.186659
1326,E1518,salary_change,2025-11-26,,,138461.0,2026-09-07 15:41:39.186659
1327,E1519,termination,2023-05-26,,,,2026-09-07 15:41:39.186659
1328,E1520,transfer,2026-04-12,Software Engineer,Engineering,137303.0,2026-09-07 15:41:39.186659
1329,E1521,promotion,2026-02-07,Sales Manager,Sales,65866.0,2026-09-07 15:41:39.186659
1330,E1523,transfer,2022-12-10,Sales Manager,Sales,69655.0,2026-09-07 15:41:39.186659
1331,E1523,promotion,2020-11-14,Data Engineer,Data,75923.0,2026-09-07 15:41:39.186659
1332,E1523,promotion,2023-06-06,Product Manager,Product,69696.0,2026-09-07 15:41:39.186659
1333,E1524,transfer,2017-01-31,Data Engineer,Data,111050.0,2026-09-07 15:41:39.186659
1334,E1524,termination,2018-05-16,,,,2026-09-07 15:41:39.186659
1335,E1524,promotion,2016-12-01,HR Specialist,HR,100342.0,2026-09-07 15:41:39.186659
1336,E1524,transfer,2016-10-01,HR Specialist,HR,101506.0,2026-09-07 15:41:39.186659
1337,E1524,termination,2018-05-16,,,,2026-09-07 15:41:39.186659
1338,E1525,transfer,2018-10-28,Software Engineer,Engineering,89471.0,2026-09-07 15:41:39.186659
1339,E1525,transfer,2020-01-27,Sales Manager,Sales,93261.0,2026-09-07 15:41:39.186659
1340,E1525,promotion,2019-01-24,Sales Manager,Sales,90893.0,2026-09-07 15:41:39.186659
1341,E1525,promotion,2020-08-09,Software Engineer,Engineering,97328.0,2026-09-07 15:41:39.186659
1342,E1526,salary_change,2026-06-15,,,87864.0,2026-09-07 15:41:39.186659
1343,E1526,promotion,2022-03-13,HR Specialist,HR,91576.0,2026-09-07 15:41:39.186659
1344,E1526,termination,2019-10-30,,,,2026-09-07 15:41:39.186659
1345,E1526,promotion,2023-04-26,Software Engineer,Engineering,96960.0,2026-09-07 15:41:39.186659
1346,E1526,transfer,2020-05-26,Software Engineer,Engineering,100277.0,2026-09-07 15:41:39.186659
1347,E1527,termination,2024-09-25,,,,2026-09-07 15:41:39.186659
1348,E1528,termination,2025-04-24,,,,2026-09-07 15:41:39.186659
1349,E1528,salary_change,2023-01-26,,,110732.0,2026-09-07 15:41:39.186659
1350,E1529,termination,2017-02-08,,,,2026-09-07 15:41:39.186659
1351,E1529,transfer,2022-08-28,HR Specialist,HR,86821.0,2026-09-07 15:41:39.186659
1352,E1529,promotion,2018-09-08,Finance Analyst,Finance,96942.0,2026-09-07 15:41:39.186659
1353,E1530,transfer,2026-07-19,HR Specialist,HR,156497.0,2026-09-07 15:41:39.186659
1354,E1530,transfer,2026-07-14,Data Engineer,Data,167038.0,2026-09-07 15:41:39.186659
1355,E1530,salary_change,2026-05-28,,,132697.0,2026-09-07 15:41:39.186659
1356,E1530,promotion,2026-08-30,Finance Analyst,Finance,162353.0,2026-09-07 15:41:39.186659
1357,E1531,transfer,2026-04-13,Support Specialist,Support,85221.0,2026-09-07 15:41:39.186659
1358,E1531,promotion,2026-01-22,Data Engineer,Data,84394.0,2026-09-07 15:41:39.186659
1359,E1531,transfer,2025-12-18,Finance Analyst,Finance,89772.0,2026-09-07 15:41:39.186659
1360,E1531,termination,2025-07-30,,,,2026-09-07 15:41:39.186659
1361,E1533,termination,2024-01-13,,,,2026-09-07 15:41:39.186659
1362,E1533,salary_change,2020-11-10,,,134232.0,2026-09-07 15:41:39.186659
1363,E1534,transfer,2026-06-15,Finance Analyst,Finance,116207.0,2026-09-07 15:41:39.186659
1364,E1534,promotion,2026-07-13,Finance Analyst,Finance,123450.0,2026-09-07 15:41:39.186659
1365,E1534,termination,2026-01-07,,,,2026-09-07 15:41:39.186659
1366,E1535,transfer,2025-11-11,Software Engineer,Engineering,78067.0,2026-09-07 15:41:39.186659
1367,E1536,salary_change,2022-11-19,,,66631.0,2026-09-07 15:41:39.186659
1368,E1536,transfer,2022-09-15,Sales Manager,Sales,76835.0,2026-09-07 15:41:39.186659
1369,E1536,salary_change,2023-03-05,,,62660.0,2026-09-07 15:41:39.186659
1370,E1536,promotion,2021-05-10,Finance Analyst,Finance,66941.0,2026-09-07 15:41:39.186659
1371,E1537,salary_change,2026-03-17,,,127816.0,2026-09-07 15:41:39.186659
1372,E1538,termination,2023-05-25,,,,2026-09-07 15:41:39.186659
1373,E1538,termination,2024-01-29,,,,2026-09-07 15:41:39.186659
1374,E1538,promotion,2026-04-02,Finance Analyst,Finance,94081.0,2026-09-07 15:41:39.186659
1375,E1539,transfer,2020-08-30,Software Engineer,Engineering,79242.0,2026-09-07 15:41:39.186659
1376,E1539,salary_change,2018-05-14,,,74973.0,2026-09-07 15:41:39.186659
1377,E1539,termination,2016-10-04,,,,2026-09-07 15:41:39.186659
1378,E1540,transfer,2025-04-26,Support Specialist,Support,64857.0,2026-09-07 15:41:39.186659
1379,E1540,transfer,2023-04-02,Sales Manager,Sales,60719.0,2026-09-07 15:41:39.186659
1380,E1540,salary_change,2023-06-27,,,51893.0,2026-09-07 15:41:39.186659
1381,E1540,transfer,2023-04-23,HR Specialist,HR,56455.0,2026-09-07 15:41:39.186659
1382,E1541,transfer,2026-04-29,Product Manager,Product,51916.0,2026-09-07 15:41:39.186659
1383,E1541,salary_change,2025-12-11,,,53741.0,2026-09-07 15:41:39.186659
1384,E1541,salary_change,2025-12-25,,,44906.0,2026-09-07 15:41:39.186659
1385,E1541,promotion,2026-03-03,Sales Manager,Sales,52851.0,2026-09-07 15:41:39.186659
1386,E1542,transfer,2023-11-10,Sales Manager,Sales,136475.0,2026-09-07 15:41:39.186659
1387,E1542,promotion,2024-06-09,Software Engineer,Engineering,160975.0,2026-09-07 15:41:39.186659
1388,E1542,salary_change,2023-01-17,,,124493.0,2026-09-07 15:41:39.186659
1389,E1545,salary_change,2023-05-22,,,82890.0,2026-09-07 15:41:39.186659
1390,E1545,salary_change,2023-08-01,,,84713.0,2026-09-07 15:41:39.186659
1391,E1545,salary_change,2021-05-08,,,69056.0,2026-09-07 15:41:39.186659
1392,E1546,salary_change,2018-05-09,,,75498.0,2026-09-07 15:41:39.186659
1393,E1547,salary_change,2026-01-27,,,95475.0,2026-09-07 15:41:39.186659
1394,E1547,transfer,2025-03-30,Sales Manager,Sales,107964.0,2026-09-07 15:41:39.186659
1395,E1547,promotion,2025-12-29,Sales Manager,Sales,103883.0,2026-09-07 15:41:39.186659
1396,E1548,transfer,2021-07-13,Finance Analyst,Finance,146995.0,2026-09-07 15:41:39.186659
1397,E1549,termination,2025-06-20,,,,2026-09-07 15:41:39.186659
1398,E1549,salary_change,2024-04-09,,,89494.0,2026-09-07 15:41:39.186659
1399,E1549,transfer,2025-01-06,Data Engineer,Data,106113.0,2026-09-07 15:41:39.186659
1400,E1550,termination,2026-04-21,,,,2026-09-07 15:41:39.186659
1401,E1551,termination,2019-08-27,,,,2026-09-07 15:41:39.186659
1402,E1551,transfer,2022-12-14,Finance Analyst,Finance,92595.0,2026-09-07 15:41:39.186659
1403,E1551,termination,2019-09-17,,,,2026-09-07 15:41:39.186659
1404,E1552,termination,2023-04-15,,,,2026-09-07 15:41:39.186659
1405,E1553,transfer,2026-08-28,Data Engineer,Data,79500.0,2026-09-07 15:41:39.186659
1406,E1553,salary_change,2026-07-31,,,77552.0,2026-09-07 15:41:39.186659
1407,E1553,promotion,2026-04-17,Software Engineer,Engineering,70545.0,2026-09-07 15:41:39.186659
1408,E1553,termination,2026-06-17,,,,2026-09-07 15:41:39.186659
1409,E1553,transfer,2026-05-15,Product Manager,Product,75717.0,2026-09-07 15:41:39.186659
1410,E1554,termination,2026-07-06,,,,2026-09-07 15:41:39.186659
1411,E1555,termination,2026-08-23,,,,2026-09-07 15:41:39.186659
1412,E1555,salary_change,2026-08-22,,,117262.0,2026-09-07 15:41:39.186659
1413,E1555,termination,2026-07-30,,,,2026-09-07 15:41:39.186659
1414,E1556,termination,2022-08-09,,,,2026-09-07 15:41:39.186659
1415,E1556,promotion,2021-12-09,Sales Manager,Sales,66153.0,2026-09-07 15:41:39.186659
1416,E1556,promotion,2017-08-18,Data Engineer,Data,56586.0,2026-09-07 15:41:39.186659
1417,E1556,promotion,2021-08-22,Finance Analyst,Finance,56634.0,2026-09-07 15:41:39.186659
1418,E1556,transfer,2018-01-22,Data Engineer,Data,66294.0,2026-09-07 15:41:39.186659
1419,E1557,transfer,2026-01-04,Support Specialist,Support,160085.0,2026-09-07 15:41:39.186659
1420,E1557,termination,2022-10-02,,,,2026-09-07 15:41:39.186659
1421,E1557,termination,2022-02-21,,,,2026-09-07 15:41:39.186659
1422,E1557,termination,2026-01-07,,,,2026-09-07 15:41:39.186659
1423,E1557,transfer,2022-06-21,Data Engineer,Data,150367.0,2026-09-07 15:41:39.186659
1424,E1558,promotion,2024-01-02,HR Specialist,HR,69891.0,2026-09-07 15:41:39.186659
1425,E1558,promotion,2023-12-26,Sales Manager,Sales,68368.0,2026-09-07 15:41:39.186659
1426,E1558,salary_change,2024-03-03,,,60072.0,2026-09-07 15:41:39.186659
1427,E1559,promotion,2025-08-17,HR Specialist,HR,148089.0,2026-09-07 15:41:39.186659
1428,E1559,salary_change,2025-08-15,,,113496.0,2026-09-07 15:41:39.186659
1429,E1559,promotion,2026-02-27,Product Manager,Product,132404.0,2026-09-07 15:41:39.186659
1430,E1562,transfer,2026-06-07,Finance Analyst,Finance,133027.0,2026-09-07 15:41:39.186659
1431,E1562,salary_change,2026-04-05,,,124031.0,2026-09-07 15:41:39.186659
1432,E1563,transfer,2023-08-14,HR Specialist,HR,82938.0,2026-09-07 15:41:39.186659
1433,E1563,promotion,2025-01-12,Product Manager,Product,93932.0,2026-09-07 15:41:39.186659
1434,E1563,termination,2026-01-12,,,,2026-09-07 15:41:39.186659
1435,E1563,termination,2026-03-28,,,,2026-09-07 15:41:39.186659
1436,E1563,termination,2024-02-18,,,,2026-09-07 15:41:39.186659
1437,E1564,salary_change,2022-08-26,,,63828.0,2026-09-07 15:41:39.186659
1438,E1564,termination,2023-02-17,,,,2026-09-07 15:41:39.186659
1439,E1564,salary_change,2022-06-23,,,70212.0,2026-09-07 15:41:39.186659
1440,E1565,transfer,2026-06-06,Data Engineer,Data,152812.0,2026-09-07 15:41:39.186659
1441,E1565,promotion,2026-02-27,Software Engineer,Engineering,134922.0,2026-09-07 15:41:39.186659
1442,E1565,termination,2026-03-30,,,,2026-09-07 15:41:39.186659
1443,E1566,termination,2026-04-19,,,,2026-09-07 15:41:39.186659
1444,E1566,transfer,2026-06-01,Product Manager,Product,108587.0,2026-09-07 15:41:39.186659
1445,E1566,termination,2026-08-22,,,,2026-09-07 15:41:39.186659
1446,E1566,promotion,2026-04-07,Support Specialist,Support,104201.0,2026-09-07 15:41:39.186659
1447,E1566,transfer,2026-06-11,HR Specialist,HR,113840.0,2026-09-07 15:41:39.186659
1448,E1567,termination,2024-08-19,,,,2026-09-07 15:41:39.186659
1449,E1567,transfer,2025-08-28,Software Engineer,Engineering,55036.0,2026-09-07 15:41:39.186659
1450,E1567,salary_change,2024-05-16,,,53362.0,2026-09-07 15:41:39.186659
1451,E1567,promotion,2025-01-18,Support Specialist,Support,62988.0,2026-09-07 15:41:39.186659
1452,E1567,salary_change,2023-12-25,,,53236.0,2026-09-07 15:41:39.186659
1453,E1568,salary_change,2025-12-19,,,76861.0,2026-09-07 15:41:39.186659
1454,E1568,salary_change,2026-02-13,,,73473.0,2026-09-07 15:41:39.186659
1455,E1568,salary_change,2025-12-05,,,74633.0,2026-09-07 15:41:39.186659
1456,E1568,promotion,2025-03-09,Data Engineer,Data,76104.0,2026-09-07 15:41:39.186659
1457,E1569,promotion,2022-10-03,Product Manager,Product,85962.0,2026-09-07 15:41:39.186659
1458,E1569,termination,2024-11-13,,,,2026-09-07 15:41:39.186659
1459,E1570,promotion,2022-03-28,Support Specialist,Support,85632.0,2026-09-07 15:41:39.186659
1460,E1570,promotion,2018-03-31,Sales Manager,Sales,87597.0,2026-09-07 15:41:39.186659
1461,E1570,salary_change,2020-09-20,,,84020.0,2026-09-07 15:41:39.186659
1462,E1571,salary_change,2024-09-03,,,129773.0,2026-09-07 15:41:39.186659
1463,E1571,promotion,2021-09-16,Product Manager,Product,141400.0,2026-09-07 15:41:39.186659
1464,E1571,transfer,2024-11-22,HR Specialist,HR,150425.0,2026-09-07 15:41:39.186659
1465,E1571,termination,2026-04-05,,,,2026-09-07 15:41:39.186659
1466,E1571,termination,2023-09-06,,,,2026-09-07 15:41:39.186659
1467,E1572,termination,2026-04-02,,,,2026-09-07 15:41:39.186659
1468,E1572,termination,2025-12-23,,,,2026-09-07 15:41:39.186659
1469,E1572,promotion,2025-12-04,Finance Analyst,Finance,124308.0,2026-09-07 15:41:39.186659
1470,E1572,salary_change,2026-01-11,,,119246.0,2026-09-07 15:41:39.186659
1471,E1572,termination,2025-12-30,,,,2026-09-07 15:41:39.186659
1472,E1573,salary_change,2024-04-12,,,81907.0,2026-09-07 15:41:39.186659
1473,E1573,promotion,2024-11-22,Support Specialist,Support,95560.0,2026-09-07 15:41:39.186659
1474,E1574,salary_change,2026-06-12,,,100591.0,2026-09-07 15:41:39.186659
1475,E1575,termination,2025-08-15,,,,2026-09-07 15:41:39.186659
1476,E1575,salary_change,2025-01-05,,,118233.0,2026-09-07 15:41:39.186659
1477,E1575,transfer,2024-01-22,HR Specialist,HR,124127.0,2026-09-07 15:41:39.186659
1478,E1575,promotion,2025-06-03,Data Engineer,Data,136597.0,2026-09-07 15:41:39.186659
1479,E1576,transfer,2025-05-12,Sales Manager,Sales,92786.0,2026-09-07 15:41:39.186659
1480,E1576,promotion,2023-08-17,Data Engineer,Data,103795.0,2026-09-07 15:41:39.186659
1481,E1576,salary_change,2021-01-01,,,99384.0,2026-09-07 15:41:39.186659
1482,E1576,promotion,2018-08-14,HR Specialist,HR,103840.0,2026-09-07 15:41:39.186659
1483,E1577,salary_change,2025-11-24,,,123507.0,2026-09-07 15:41:39.186659
1484,E1577,salary_change,2026-04-10,,,140760.0,2026-09-07 15:41:39.186659
1485,E1577,transfer,2025-07-27,Data Engineer,Data,136028.0,2026-09-07 15:41:39.186659
1486,E1577,transfer,2025-11-28,HR Specialist,HR,140161.0,2026-09-07 15:41:39.186659
1487,E1579,salary_change,2025-09-16,,,78190.0,2026-09-07 15:41:39.186659
1488,E1579,salary_change,2024-09-09,,,84028.0,2026-09-07 15:41:39.186659
1489,E1579,salary_change,2024-04-21,,,86823.0,2026-09-07 15:41:39.186659
1490,E1580,termination,2025-07-16,,,,2026-09-07 15:41:39.186659
1491,E1580,salary_change,2022-09-18,,,114948.0,2026-09-07 15:41:39.186659
1492,E1581,termination,2025-10-02,,,,2026-09-07 15:41:39.186659
1493,E1581,salary_change,2025-04-07,,,91499.0,2026-09-07 15:41:39.186659
1494,E1583,transfer,2024-02-21,Software Engineer,Engineering,146315.0,2026-09-07 15:41:39.186659
1495,E1584,termination,2026-06-23,,,,2026-09-07 15:41:39.186659
1496,E1584,transfer,2026-08-18,Software Engineer,Engineering,86740.0,2026-09-07 15:41:39.186659
1497,E1584,transfer,2026-06-25,Product Manager,Product,81619.0,2026-09-07 15:41:39.186659
1498,E1584,promotion,2026-07-08,Finance Analyst,Finance,83744.0,2026-09-07 15:41:39.186659
1499,E1585,promotion,2022-05-10,Product Manager,Product,111259.0,2026-09-07 15:41:39.186659
1500,E1585,salary_change,2023-06-09,,,103362.0,2026-09-07 15:41:39.186659
1501,E1585,transfer,2023-10-02,Finance Analyst,Finance,93514.0,2026-09-07 15:41:39.186659
1502,E1586,promotion,2025-06-21,Finance Analyst,Finance,108193.0,2026-09-07 15:41:39.186659
1503,E1586,salary_change,2024-12-13,,,115596.0,2026-09-07 15:41:39.186659
1504,E1586,salary_change,2022-09-04,,,101942.0,2026-09-07 15:41:39.186659
1505,E1587,transfer,2021-06-02,Finance Analyst,Finance,125356.0,2026-09-07 15:41:39.186659
1506,E1587,termination,2025-03-26,,,,2026-09-07 15:41:39.186659
1507,E1587,promotion,2024-05-21,Sales Manager,Sales,125300.0,2026-09-07 15:41:39.186659
1508,E1588,termination,2023-12-02,,,,2026-09-07 15:41:39.186659
1509,E1588,transfer,2023-03-22,Data Engineer,Data,109130.0,2026-09-07 15:41:39.186659
1510,E1588,termination,2023-12-02,,,,2026-09-07 15:41:39.186659
1511,E1588,salary_change,2022-06-06,,,96167.0,2026-09-07 15:41:39.186659
1512,E1590,termination,2024-08-10,,,,2026-09-07 15:41:39.186659
1513,E1590,termination,2021-09-29,,,,2026-09-07 15:41:39.186659
1514,E1590,termination,2024-10-25,,,,2026-09-07 15:41:39.186659
1515,E1591,termination,2024-03-20,,,,2026-09-07 15:41:39.186659
1516,E1591,promotion,2020-12-12,Finance Analyst,Finance,99034.0,2026-09-07 15:41:39.186659
1517,E1591,promotion,2025-02-04,Support Specialist,Support,93805.0,2026-09-07 15:41:39.186659
1518,E1591,promotion,2022-09-29,Support Specialist,Support,101495.0,2026-09-07 15:41:39.186659
1519,E1592,termination,2026-08-08,,,,2026-09-07 15:41:39.186659
1520,E1592,promotion,2024-06-13,Finance Analyst,Finance,131030.0,2026-09-07 15:41:39.186659
1521,E1592,transfer,2022-01-08,Data Engineer,Data,125734.0,2026-09-07 15:41:39.186659
1522,E1592,termination,2021-09-15,,,,2026-09-07 15:41:39.186659
1523,E1592,transfer,2022-11-09,Support Specialist,Support,138442.0,2026-09-07 15:41:39.186659
1524,E1593,promotion,2026-02-02,Product Manager,Product,127126.0,2026-09-07 15:41:39.186659
1525,E1593,transfer,2025-12-28,Sales Manager,Sales,138014.0,2026-09-07 15:41:39.186659
1526,E1593,termination,2026-03-30,,,,2026-09-07 15:41:39.186659
1527,E1594,termination,2025-05-15,,,,2026-09-07 15:41:39.186659
1528,E1595,transfer,2018-08-19,Sales Manager,Sales,93478.0,2026-09-07 15:41:39.186659
1529,E1595,termination,2020-10-24,,,,2026-09-07 15:41:39.186659
1530,E1595,transfer,2018-12-20,Support Specialist,Support,88831.0,2026-09-07 15:41:39.186659
1531,E1595,promotion,2021-03-28,Support Specialist,Support,85802.0,2026-09-07 15:41:39.186659
1532,E1596,salary_change,2022-02-01,,,80403.0,2026-09-07 15:41:39.186659
1533,E1596,salary_change,2021-12-15,,,101085.0,2026-09-07 15:41:39.186659
1534,E1596,transfer,2026-01-23,Data Engineer,Data,103484.0,2026-09-07 15:41:39.186659
1535,E1596,salary_change,2021-12-20,,,80822.0,2026-09-07 15:41:39.186659
1536,E1597,salary_change,2024-04-20,,,98309.0,2026-09-07 15:41:39.186659
1537,E1597,transfer,2024-10-17,Software Engineer,Engineering,119035.0,2026-09-07 15:41:39.186659
1538,E1597,salary_change,2026-06-08,,,93285.0,2026-09-07 15:41:39.186659
1539,E1598,transfer,2019-04-07,HR Specialist,HR,82547.0,2026-09-07 15:41:39.186659
1540,E1598,transfer,2018-09-09,HR Specialist,HR,82964.0,2026-09-07 15:41:39.186659
1541,E1598,salary_change,2019-04-09,,,69476.0,2026-09-07 15:41:39.186659
1542,E1599,termination,2024-04-06,,,,2026-09-07 15:41:39.186659
1543,E1599,salary_change,2023-04-29,,,82460.0,2026-09-07 15:41:39.186659
1544,E1600,transfer,2019-05-06,Finance Analyst,Finance,78097.0,2026-09-07 15:41:39.186659
1545,E1600,salary_change,2023-01-23,,,71520.0,2026-09-07 15:41:39.186659
1546,E1600,promotion,2024-08-03,Product Manager,Product,70855.0,2026-09-07 15:41:39.186659
1547,E1600,termination,2019-12-23,,,,2026-09-07 15:41:39.186659
1548,E1601,transfer,2026-08-26,HR Specialist,HR,94156.0,2026-09-07 15:41:39.186659
1549,E1601,termination,2023-08-23,,,,2026-09-07 15:41:39.186659
1550,E1602,salary_change,2024-08-13,,,161222.0,2026-09-07 15:41:39.186659
1551,E1603,promotion,2021-06-27,Software Engineer,Engineering,99667.0,2026-09-07 15:41:39.186659
1552,E1603,termination,2021-07-25,,,,2026-09-07 15:41:39.186659
1553,E1603,salary_change,2020-09-06,,,96330.0,2026-09-07 15:41:39.186659
1554,E1603,transfer,2022-07-15,Support Specialist,Support,87985.0,2026-09-07 15:41:39.186659
1555,E1604,promotion,2021-12-05,Sales Manager,Sales,92645.0,2026-09-07 15:41:39.186659
1556,E1604,termination,2021-03-05,,,,2026-09-07 15:41:39.186659
1557,E1604,transfer,2020-09-07,Sales Manager,Sales,96215.0,2026-09-07 15:41:39.186659
1558,E1604,promotion,2023-10-18,Finance Analyst,Finance,89595.0,2026-09-07 15:41:39.186659
1559,E1604,promotion,2018-12-10,Product Manager,Product,102958.0,2026-09-07 15:41:39.186659
1560,E1605,termination,2026-01-13,,,,2026-09-07 15:41:39.186659
1561,E1605,promotion,2026-02-07,Product Manager,Product,68469.0,2026-09-07 15:41:39.186659
1562,E1605,transfer,2026-05-05,Sales Manager,Sales,65564.0,2026-09-07 15:41:39.186659
1563,E1605,termination,2026-09-04,,,,2026-09-07 15:41:39.186659
1564,E1605,promotion,2026-04-30,Sales Manager,Sales,63538.0,2026-09-07 15:41:39.186659
1565,E1606,salary_change,2023-10-23,,,77674.0,2026-09-07 15:41:39.186659
1566,E1606,salary_change,2024-03-22,,,92178.0,2026-09-07 15:41:39.186659
1567,E1606,promotion,2024-11-23,Data Engineer,Data,91172.0,2026-09-07 15:41:39.186659
1568,E1607,transfer,2024-12-02,Sales Manager,Sales,122967.0,2026-09-07 15:41:39.186659
1569,E1608,termination,2025-04-13,,,,2026-09-07 15:41:39.186659
1570,E1608,salary_change,2018-11-14,,,59718.0,2026-09-07 15:41:39.186659
1571,E1608,salary_change,2024-12-10,,,59740.0,2026-09-07 15:41:39.186659
1572,E1608,salary_change,2023-12-01,,,52941.0,2026-09-07 15:41:39.186659
1573,E1608,promotion,2020-03-15,Software Engineer,Engineering,58811.0,2026-09-07 15:41:39.186659
1574,E1609,salary_change,2020-01-16,,,85640.0,2026-09-07 15:41:39.186659
1575,E1609,promotion,2024-03-12,HR Specialist,HR,78583.0,2026-09-07 15:41:39.186659
1576,E1610,salary_change,2021-11-29,,,85698.0,2026-09-07 15:41:39.186659
1577,E1610,promotion,2026-04-02,Product Manager,Product,84047.0,2026-09-07 15:41:39.186659
1578,E1610,transfer,2022-02-03,Software Engineer,Engineering,92550.0,2026-09-07 15:41:39.186659
1579,E1610,transfer,2022-04-29,Data Engineer,Data,98201.0,2026-09-07 15:41:39.186659
1580,E1610,promotion,2024-04-24,HR Specialist,HR,92628.0,2026-09-07 15:41:39.186659
1581,E1611,salary_change,2024-02-24,,,127789.0,2026-09-07 15:41:39.186659
1582,E1611,promotion,2025-07-04,HR Specialist,HR,148616.0,2026-09-07 15:41:39.186659
1583,E1611,promotion,2026-04-01,Support Specialist,Support,166995.0,2026-09-07 15:41:39.186659
1584,E1611,promotion,2024-10-18,Support Specialist,Support,147732.0,2026-09-07 15:41:39.186659
1585,E1612,transfer,2026-02-09,Data Engineer,Data,59646.0,2026-09-07 15:41:39.186659
1586,E1612,termination,2026-07-28,,,,2026-09-07 15:41:39.186659
1587,E1612,promotion,2026-02-23,HR Specialist,HR,58776.0,2026-09-07 15:41:39.186659
1588,E1612,promotion,2026-05-01,HR Specialist,HR,63902.0,2026-09-07 15:41:39.186659
1589,E1614,salary_change,2025-10-12,,,78007.0,2026-09-07 15:41:39.186659
1590,E1614,promotion,2025-11-03,Support Specialist,Support,92314.0,2026-09-07 15:41:39.186659
1591,E1614,transfer,2026-04-30,Software Engineer,Engineering,86922.0,2026-09-07 15:41:39.186659
1592,E1614,salary_change,2025-11-30,,,73265.0,2026-09-07 15:41:39.186659
1593,E1616,termination,2017-11-22,,,,2026-09-07 15:41:39.186659
1594,E1616,termination,2021-05-29,,,,2026-09-07 15:41:39.186659
1595,E1617,salary_change,2025-01-24,,,129120.0,2026-09-07 15:41:39.186659
1596,E1617,salary_change,2026-06-04,,,117632.0,2026-09-07 15:41:39.186659
1597,E1618,transfer,2021-07-11,Finance Analyst,Finance,145784.0,2026-09-07 15:41:39.186659
1598,E1618,promotion,2023-10-29,Sales Manager,Sales,175077.0,2026-09-07 15:41:39.186659
1599,E1618,termination,2024-06-25,,,,2026-09-07 15:41:39.186659
1600,E1618,salary_change,2022-03-28,,,140538.0,2026-09-07 15:41:39.186659
1601,E1619,transfer,2021-11-18,Finance Analyst,Finance,107825.0,2026-09-07 15:41:39.186659
1602,E1620,termination,2023-10-19,,,,2026-09-07 15:41:39.186659
1603,E1620,promotion,2026-01-22,Data Engineer,Data,66775.0,2026-09-07 15:41:39.186659
1604,E1620,salary_change,2023-09-23,,,63826.0,2026-09-07 15:41:39.186659
1605,E1621,transfer,2016-04-30,Product Manager,Product,91745.0,2026-09-07 15:41:39.186659
1606,E1622,salary_change,2026-02-23,,,107062.0,2026-09-07 15:41:39.186659
1607,E1623,transfer,2020-03-26,Support Specialist,Support,90140.0,2026-09-07 15:41:39.186659
1608,E1623,transfer,2018-01-07,Data Engineer,Data,81365.0,2026-09-07 15:41:39.186659
1609,E1624,promotion,2026-08-15,HR Specialist,HR,111487.0,2026-09-07 15:41:39.186659
1610,E1624,salary_change,2026-04-02,,,85117.0,2026-09-07 15:41:39.186659
1611,E1626,salary_change,2021-10-17,,,56615.0,2026-09-07 15:41:39.186659
1612,E1626,termination,2023-12-17,,,,2026-09-07 15:41:39.186659
1613,E1626,termination,2023-12-17,,,,2026-09-07 15:41:39.186659
1614,E1626,transfer,2023-04-08,Support Specialist,Support,55338.0,2026-09-07 15:41:39.186659
1615,E1628,transfer,2021-11-06,Software Engineer,Engineering,87794.0,2026-09-07 15:41:39.186659
1616,E1628,termination,2020-07-17,,,,2026-09-07 15:41:39.186659
1617,E1628,salary_change,2019-03-29,,,78975.0,2026-09-07 15:41:39.186659
1618,E1628,termination,2023-06-02,,,,2026-09-07 15:41:39.186659
1619,E1628,termination,2024-03-28,,,,2026-09-07 15:41:39.186659
1620,E1629,salary_change,2019-06-09,,,53517.0,2026-09-07 15:41:39.186659
1621,E1630,promotion,2021-04-27,Software Engineer,Engineering,121768.0,2026-09-07 15:41:39.186659
1622,E1630,termination,2023-11-25,,,,2026-09-07 15:41:39.186659
1623,E1631,transfer,2025-05-08,Finance Analyst,Finance,140274.0,2026-09-07 15:41:39.186659
1624,E1631,salary_change,2025-02-19,,,126851.0,2026-09-07 15:41:39.186659
1625,E1631,termination,2025-05-22,,,,2026-09-07 15:41:39.186659
1626,E1632,termination,2019-11-13,,,,2026-09-07 15:41:39.186659
1627,E1632,promotion,2020-08-16,Software Engineer,Engineering,87802.0,2026-09-07 15:41:39.186659
1628,E1632,salary_change,2026-06-24,,,76286.0,2026-09-07 15:41:39.186659
1629,E1633,promotion,2026-08-20,Data Engineer,Data,127644.0,2026-09-07 15:41:39.186659
1630,E1633,salary_change,2026-07-23,,,98976.0,2026-09-07 15:41:39.186659
1631,E1633,transfer,2026-07-02,Finance Analyst,Finance,129624.0,2026-09-07 15:41:39.186659
1632,E1634,transfer,2020-07-27,Finance Analyst,Finance,122920.0,2026-09-07 15:41:39.186659
1633,E1634,promotion,2020-04-05,Product Manager,Product,130636.0,2026-09-07 15:41:39.186659
1634,E1634,salary_change,2020-09-23,,,113878.0,2026-09-07 15:41:39.186659
1635,E1634,promotion,2026-06-16,Software Engineer,Engineering,133393.0,2026-09-07 15:41:39.186659
1636,E1635,transfer,2019-08-09,Data Engineer,Data,119465.0,2026-09-07 15:41:39.186659
1637,E1635,salary_change,2022-03-01,,,89581.0,2026-09-07 15:41:39.186659
1638,E1635,transfer,2024-02-13,Sales Manager,Sales,98554.0,2026-09-07 15:41:39.186659
1639,E1635,transfer,2025-06-10,Support Specialist,Support,114034.0,2026-09-07 15:41:39.186659
1640,E1636,transfer,2018-03-07,Finance Analyst,Finance,98204.0,2026-09-07 15:41:39.186659
1641,E1637,salary_change,2025-09-15,,,126372.0,2026-09-07 15:41:39.186659
1642,E1637,termination,2025-10-18,,,,2026-09-07 15:41:39.186659
1643,E1638,salary_change,2023-12-02,,,126758.0,2026-09-07 15:41:39.186659
1644,E1638,promotion,2020-01-09,Finance Analyst,Finance,117827.0,2026-09-07 15:41:39.186659
1645,E1639,promotion,2026-04-22,HR Specialist,HR,74954.0,2026-09-07 15:41:39.186659
1646,E1639,termination,2024-10-22,,,,2026-09-07 15:41:39.186659
1647,E1640,salary_change,2023-01-08,,,45500.0,2026-09-07 15:41:39.186659
1648,E1642,promotion,2024-08-14,Sales Manager,Sales,71878.0,2026-09-07 15:41:39.186659
1649,E1642,promotion,2025-08-26,Data Engineer,Data,72177.0,2026-09-07 15:41:39.186659
1650,E1642,salary_change,2024-10-03,,,72189.0,2026-09-07 15:41:39.186659
1651,E1643,promotion,2022-06-19,Product Manager,Product,127386.0,2026-09-07 15:41:39.186659
1652,E1645,promotion,2024-12-28,Finance Analyst,Finance,85982.0,2026-09-07 15:41:39.186659
1653,E1646,termination,2023-04-01,,,,2026-09-07 15:41:39.186659
1654,E1646,promotion,2021-05-08,Software Engineer,Engineering,124538.0,2026-09-07 15:41:39.186659
1655,E1647,salary_change,2026-07-25,,,104541.0,2026-09-07 15:41:39.186659
1656,E1647,termination,2026-07-23,,,,2026-09-07 15:41:39.186659
1657,E1647,termination,2025-11-18,,,,2026-09-07 15:41:39.186659
1658,E1647,promotion,2025-08-04,Sales Manager,Sales,110615.0,2026-09-07 15:41:39.186659
1659,E1647,transfer,2025-04-12,HR Specialist,HR,117684.0,2026-09-07 15:41:39.186659
1660,E1649,promotion,2025-03-22,Data Engineer,Data,76410.0,2026-09-07 15:41:39.186659
1661,E1649,transfer,2026-07-25,Sales Manager,Sales,70205.0,2026-09-07 15:41:39.186659
1662,E1649,termination,2023-06-28,,,,2026-09-07 15:41:39.186659
1663,E1649,transfer,2020-10-31,Finance Analyst,Finance,65118.0,2026-09-07 15:41:39.186659
1664,E1650,promotion,2018-02-05,HR Specialist,HR,106569.0,2026-09-07 15:41:39.186659
1665,E1650,promotion,2017-10-31,Data Engineer,Data,106587.0,2026-09-07 15:41:39.186659
1666,E1651,salary_change,2025-08-11,,,82870.0,2026-09-07 15:41:39.186659
1667,E1651,promotion,2025-07-01,HR Specialist,HR,87997.0,2026-09-07 15:41:39.186659
1668,E1651,transfer,2025-02-13,HR Specialist,HR,86831.0,2026-09-07 15:41:39.186659
1669,E1652,transfer,2023-10-16,Data Engineer,Data,88425.0,2026-09-07 15:41:39.186659
1670,E1652,termination,2026-04-09,,,,2026-09-07 15:41:39.186659
1671,E1655,transfer,2025-08-25,HR Specialist,HR,62327.0,2026-09-07 15:41:39.186659
1672,E1655,promotion,2023-10-05,HR Specialist,HR,61390.0,2026-09-07 15:41:39.186659
1673,E1655,transfer,2023-12-28,Software Engineer,Engineering,63929.0,2026-09-07 15:41:39.186659
1674,E1656,transfer,2021-12-09,Sales Manager,Sales,104577.0,2026-09-07 15:41:39.186659
1675,E1656,termination,2025-04-19,,,,2026-09-07 15:41:39.186659
1676,E1656,promotion,2026-04-09,Product Manager,Product,98383.0,2026-09-07 15:41:39.186659
1677,E1657,promotion,2025-11-15,HR Specialist,HR,72358.0,2026-09-07 15:41:39.186659
1678,E1657,salary_change,2026-07-17,,,65380.0,2026-09-07 15:41:39.186659
1679,E1657,promotion,2026-01-11,Finance Analyst,Finance,69863.0,2026-09-07 15:41:39.186659
1680,E1657,transfer,2026-08-26,Data Engineer,Data,80513.0,2026-09-07 15:41:39.186659
1681,E1657,termination,2025-11-14,,,,2026-09-07 15:41:39.186659
1682,E1658,termination,2024-05-28,,,,2026-09-07 15:41:39.186659
1683,E1658,termination,2026-07-13,,,,2026-09-07 15:41:39.186659
1684,E1658,promotion,2025-02-01,Software Engineer,Engineering,79299.0,2026-09-07 15:41:39.186659
1685,E1659,promotion,2026-05-04,Software Engineer,Engineering,100031.0,2026-09-07 15:41:39.186659
1686,E1660,salary_change,2024-03-12,,,126586.0,2026-09-07 15:41:39.186659
1687,E1661,termination,2021-12-14,,,,2026-09-07 15:41:39.186659
1688,E1661,salary_change,2021-09-14,,,99705.0,2026-09-07 15:41:39.186659
1689,E1661,termination,2022-07-08,,,,2026-09-07 15:41:39.186659
1690,E1661,salary_change,2026-06-21,,,99960.0,2026-09-07 15:41:39.186659
1691,E1661,transfer,2025-04-15,Finance Analyst,Finance,107539.0,2026-09-07 15:41:39.186659
1692,E1662,transfer,2022-07-07,Data Engineer,Data,62407.0,2026-09-07 15:41:39.186659
1693,E1662,promotion,2022-10-31,HR Specialist,HR,63585.0,2026-09-07 15:41:39.186659
1694,E1662,transfer,2024-11-22,Data Engineer,Data,66932.0,2026-09-07 15:41:39.186659
1695,E1663,promotion,2026-05-30,Product Manager,Product,51190.0,2026-09-07 15:41:39.186659
1696,E1663,promotion,2026-07-22,Software Engineer,Engineering,55041.0,2026-09-07 15:41:39.186659
1697,E1664,termination,2021-10-08,,,,2026-09-07 15:41:39.186659
1698,E1664,transfer,2018-04-28,Support Specialist,Support,114220.0,2026-09-07 15:41:39.186659
1699,E1665,transfer,2026-08-02,Software Engineer,Engineering,79151.0,2026-09-07 15:41:39.186659
1700,E1665,promotion,2026-09-06,Finance Analyst,Finance,68345.0,2026-09-07 15:41:39.186659
1701,E1665,salary_change,2026-08-08,,,68975.0,2026-09-07 15:41:39.186659
1702,E1666,termination,2026-04-25,,,,2026-09-07 15:41:39.186659
1703,E1666,salary_change,2026-04-25,,,74737.0,2026-09-07 15:41:39.186659
1704,E1666,salary_change,2025-07-28,,,75096.0,2026-09-07 15:41:39.186659
1705,E1666,termination,2024-12-26,,,,2026-09-07 15:41:39.186659
1706,E1667,termination,2026-07-24,,,,2026-09-07 15:41:39.186659
1707,E1667,transfer,2026-08-11,Sales Manager,Sales,125106.0,2026-09-07 15:41:39.186659
1708,E1668,transfer,2026-06-01,Data Engineer,Data,100801.0,2026-09-07 15:41:39.186659
1709,E1668,salary_change,2026-06-18,,,85525.0,2026-09-07 15:41:39.186659
1710,E1669,transfer,2021-02-10,Finance Analyst,Finance,121687.0,2026-09-07 15:41:39.186659
1711,E1669,salary_change,2020-08-08,,,101755.0,2026-09-07 15:41:39.186659
1712,E1669,transfer,2020-03-25,Data Engineer,Data,130365.0,2026-09-07 15:41:39.186659
1713,E1669,termination,2023-06-13,,,,2026-09-07 15:41:39.186659
1714,E1670,promotion,2017-10-25,HR Specialist,HR,96122.0,2026-09-07 15:41:39.186659
1715,E1670,transfer,2019-07-29,Data Engineer,Data,93590.0,2026-09-07 15:41:39.186659
1716,E1670,salary_change,2018-02-08,,,88615.0,2026-09-07 15:41:39.186659
1717,E1670,termination,2021-01-20,,,,2026-09-07 15:41:39.186659
1718,E1671,transfer,2018-09-15,Product Manager,Product,100051.0,2026-09-07 15:41:39.186659
1719,E1672,salary_change,2023-01-22,,,76637.0,2026-09-07 15:41:39.186659
1720,E1672,salary_change,2024-11-21,,,80121.0,2026-09-07 15:41:39.186659
1721,E1672,termination,2025-10-11,,,,2026-09-07 15:41:39.186659
1722,E1674,promotion,2021-08-22,Support Specialist,Support,117196.0,2026-09-07 15:41:39.186659
1723,E1674,salary_change,2025-07-21,,,100845.0,2026-09-07 15:41:39.186659
1724,E1675,salary_change,2026-05-15,,,98360.0,2026-09-07 15:41:39.186659
1725,E1675,transfer,2026-01-19,Sales Manager,Sales,88994.0,2026-09-07 15:41:39.186659
1726,E1675,salary_change,2025-03-21,,,84883.0,2026-09-07 15:41:39.186659
1727,E1676,promotion,2025-11-22,HR Specialist,HR,81229.0,2026-09-07 15:41:39.186659
1728,E1676,promotion,2026-04-18,Sales Manager,Sales,79019.0,2026-09-07 15:41:39.186659
1729,E1677,termination,2026-03-27,,,,2026-09-07 15:41:39.186659
1730,E1678,transfer,2025-11-18,HR Specialist,HR,48683.0,2026-09-07 15:41:39.186659
1731,E1678,salary_change,2026-05-21,,,39846.0,2026-09-07 15:41:39.186659
1732,E1679,promotion,2021-05-28,Product Manager,Product,69206.0,2026-09-07 15:41:39.186659
1733,E1680,transfer,2023-11-18,Data Engineer,Data,92898.0,2026-09-07 15:41:39.186659
1734,E1681,salary_change,2021-03-22,,,119428.0,2026-09-07 15:41:39.186659
1735,E1681,promotion,2025-05-01,Finance Analyst,Finance,123738.0,2026-09-07 15:41:39.186659
1736,E1681,salary_change,2026-03-30,,,135494.0,2026-09-07 15:41:39.186659
1737,E1683,termination,2026-05-05,,,,2026-09-07 15:41:39.186659
1738,E1684,salary_change,2026-08-03,,,81100.0,2026-09-07 15:41:39.186659
1739,E1684,promotion,2025-09-23,Product Manager,Product,87371.0,2026-09-07 15:41:39.186659
1740,E1686,salary_change,2025-05-05,,,57183.0,2026-09-07 15:41:39.186659
1741,E1686,transfer,2025-09-25,Data Engineer,Data,68804.0,2026-09-07 15:41:39.186659
1742,E1686,salary_change,2026-04-24,,,64240.0,2026-09-07 15:41:39.186659
1743,E1686,salary_change,2024-12-18,,,63617.0,2026-09-07 15:41:39.186659
1744,E1688,salary_change,2020-07-14,,,107493.0,2026-09-07 15:41:39.186659
1745,E1688,salary_change,2022-02-16,,,119552.0,2026-09-07 15:41:39.186659
1746,E1689,salary_change,2026-08-26,,,104199.0,2026-09-07 15:41:39.186659
1747,E1689,salary_change,2024-09-01,,,123920.0,2026-09-07 15:41:39.186659
1748,E1689,termination,2025-07-28,,,,2026-09-07 15:41:39.186659
1749,E1690,transfer,2026-06-26,HR Specialist,HR,98810.0,2026-09-07 15:41:39.186659
1750,E1690,termination,2026-02-22,,,,2026-09-07 15:41:39.186659
1751,E1690,salary_change,2026-04-05,,,86440.0,2026-09-07 15:41:39.186659
1752,E1690,promotion,2026-08-09,Data Engineer,Data,100765.0,2026-09-07 15:41:39.186659
1753,E1691,termination,2026-04-17,,,,2026-09-07 15:41:39.186659
1754,E1693,salary_change,2022-06-18,,,94803.0,2026-09-07 15:41:39.186659
1755,E1695,termination,2023-07-02,,,,2026-09-07 15:41:39.186659
1756,E1695,promotion,2022-01-09,Product Manager,Product,90796.0,2026-09-07 15:41:39.186659
1757,E1695,transfer,2021-04-15,Software Engineer,Engineering,110513.0,2026-09-07 15:41:39.186659
1758,E1695,transfer,2021-05-22,HR Specialist,HR,97144.0,2026-09-07 15:41:39.186659
1759,E1695,termination,2023-07-02,,,,2026-09-07 15:41:39.186659
1760,E1697,transfer,2026-01-04,Finance Analyst,Finance,87572.0,2026-09-07 15:41:39.186659
1761,E1697,termination,2026-04-17,,,,2026-09-07 15:41:39.186659
1762,E1698,termination,2024-05-20,,,,2026-09-07 15:41:39.186659
1763,E1698,promotion,2025-07-04,Data Engineer,Data,116931.0,2026-09-07 15:41:39.186659
1764,E1698,transfer,2025-03-04,Support Specialist,Support,106098.0,2026-09-07 15:41:39.186659
1765,E1699,salary_change,2024-04-10,,,67987.0,2026-09-07 15:41:39.186659
1766,E1699,transfer,2025-07-07,Product Manager,Product,86193.0,2026-09-07 15:41:39.186659
1767,E1699,promotion,2025-07-31,Sales Manager,Sales,82638.0,2026-09-07 15:41:39.186659
1768,E1699,termination,2025-08-29,,,,2026-09-07 15:41:39.186659
1769,E1699,termination,2025-08-29,,,,2026-09-07 15:41:39.186659
1770,E1701,salary_change,2025-12-29,,,96832.0,2026-09-07 15:41:39.186659
1771,E1702,promotion,2016-07-25,Product Manager,Product,48981.0,2026-09-07 15:41:39.186659
1772,E1702,termination,2016-09-03,,,,2026-09-07 15:41:39.186659
1773,E1702,salary_change,2016-07-23,,,47003.0,2026-09-07 15:41:39.186659
1774,E1702,promotion,2016-03-28,Data Engineer,Data,51570.0,2026-09-07 15:41:39.186659
1775,E1703,termination,2026-03-31,,,,2026-09-07 15:41:39.186659
1776,E1704,salary_change,2022-10-07,,,103216.0,2026-09-07 15:41:39.186659
1777,E1704,salary_change,2025-05-22,,,106727.0,2026-09-07 15:41:39.186659
1778,E1704,salary_change,2024-10-25,,,100187.0,2026-09-07 15:41:39.186659
1779,E1704,transfer,2022-06-10,Sales Manager,Sales,108690.0,2026-09-07 15:41:39.186659
1780,E1704,termination,2023-06-19,,,,2026-09-07 15:41:39.186659
1781,E1705,termination,2020-09-23,,,,2026-09-07 15:41:39.186659
1782,E1706,promotion,2026-06-21,Software Engineer,Engineering,107642.0,2026-09-07 15:41:39.186659
1783,E1706,termination,2025-10-25,,,,2026-09-07 15:41:39.186659
1784,E1707,salary_change,2022-09-14,,,125627.0,2026-09-07 15:41:39.186659
1785,E1707,promotion,2022-01-07,Sales Manager,Sales,138157.0,2026-09-07 15:41:39.186659
1786,E1707,termination,2023-04-07,,,,2026-09-07 15:41:39.186659
1787,E1707,transfer,2023-01-20,Finance Analyst,Finance,130696.0,2026-09-07 15:41:39.186659
1788,E1707,termination,2026-06-25,,,,2026-09-07 15:41:39.186659
1789,E1708,salary_change,2023-05-08,,,91606.0,2026-09-07 15:41:39.186659
1790,E1708,transfer,2020-01-12,Product Manager,Product,96324.0,2026-09-07 15:41:39.186659
1791,E1708,termination,2024-05-05,,,,2026-09-07 15:41:39.186659
1792,E1708,transfer,2023-05-18,Software Engineer,Engineering,92564.0,2026-09-07 15:41:39.186659
1793,E1709,salary_change,2026-07-07,,,68511.0,2026-09-07 15:41:39.186659
1794,E1709,salary_change,2026-06-20,,,65443.0,2026-09-07 15:41:39.186659
1795,E1709,termination,2026-06-12,,,,2026-09-07 15:41:39.186659
1796,E1710,salary_change,2021-04-24,,,53011.0,2026-09-07 15:41:39.186659
1797,E1710,salary_change,2023-05-11,,,60105.0,2026-09-07 15:41:39.186659
1798,E1711,transfer,2025-09-19,Finance Analyst,Finance,142646.0,2026-09-07 15:41:39.186659
1799,E1711,termination,2025-04-24,,,,2026-09-07 15:41:39.186659
1800,E1712,transfer,2026-08-23,Sales Manager,Sales,123495.0,2026-09-07 15:41:39.186659
1801,E1712,transfer,2026-04-07,Product Manager,Product,121238.0,2026-09-07 15:41:39.186659
1802,E1712,transfer,2026-07-04,Product Manager,Product,127836.0,2026-09-07 15:41:39.186659
1803,E1712,transfer,2026-08-12,Sales Manager,Sales,106248.0,2026-09-07 15:41:39.186659
1804,E1712,termination,2026-08-12,,,,2026-09-07 15:41:39.186659
1805,E1714,salary_change,2026-08-09,,,67940.0,2026-09-07 15:41:39.186659
1806,E1714,salary_change,2026-08-21,,,70244.0,2026-09-07 15:41:39.186659
1807,E1715,termination,2024-07-30,,,,2026-09-07 15:41:39.186659
1808,E1715,transfer,2025-08-09,HR Specialist,HR,82086.0,2026-09-07 15:41:39.186659
1809,E1715,promotion,2026-06-18,Finance Analyst,Finance,79411.0,2026-09-07 15:41:39.186659
1810,E1715,salary_change,2026-04-20,,,63301.0,2026-09-07 15:41:39.186659
1811,E1715,transfer,2025-11-03,HR Specialist,HR,74710.0,2026-09-07 15:41:39.186659
1812,E1717,termination,2025-01-10,,,,2026-09-07 15:41:39.186659
1813,E1717,transfer,2026-01-07,Product Manager,Product,53132.0,2026-09-07 15:41:39.186659
1814,E1717,salary_change,2024-02-17,,,54161.0,2026-09-07 15:41:39.186659
1815,E1717,promotion,2024-03-31,HR Specialist,HR,60152.0,2026-09-07 15:41:39.186659
1816,E1718,promotion,2022-05-11,HR Specialist,HR,58297.0,2026-09-07 15:41:39.186659
1817,E1718,termination,2024-01-15,,,,2026-09-07 15:41:39.186659
1818,E1718,transfer,2022-02-11,Software Engineer,Engineering,57939.0,2026-09-07 15:41:39.186659
1819,E1720,termination,2020-02-11,,,,2026-09-07 15:41:39.186659
1820,E1720,salary_change,2021-11-12,,,116282.0,2026-09-07 15:41:39.186659
1821,E1721,transfer,2025-06-08,Support Specialist,Support,93093.0,2026-09-07 15:41:39.186659
1822,E1722,transfer,2025-04-07,Software Engineer,Engineering,144720.0,2026-09-07 15:41:39.186659
1823,E1722,salary_change,2018-11-11,,,129106.0,2026-09-07 15:41:39.186659
1824,E1722,promotion,2021-04-09,Sales Manager,Sales,142884.0,2026-09-07 15:41:39.186659
1825,E1722,promotion,2020-04-05,HR Specialist,HR,153362.0,2026-09-07 15:41:39.186659
1826,E1722,termination,2024-02-10,,,,2026-09-07 15:41:39.186659
1827,E1723,salary_change,2020-10-20,,,68651.0,2026-09-07 15:41:39.186659
1828,E1723,transfer,2023-03-21,HR Specialist,HR,65922.0,2026-09-07 15:41:39.186659
1829,E1723,termination,2023-12-01,,,,2026-09-07 15:41:39.186659
1830,E1723,termination,2023-12-01,,,,2026-09-07 15:41:39.186659
1831,E1724,termination,2025-08-21,,,,2026-09-07 15:41:39.186659
1832,E1724,termination,2025-08-21,,,,2026-09-07 15:41:39.186659
1833,E1724,transfer,2022-07-05,Finance Analyst,Finance,66380.0,2026-09-07 15:41:39.186659
1834,E1724,promotion,2022-11-17,Finance Analyst,Finance,72925.0,2026-09-07 15:41:39.186659
1835,E1724,transfer,2022-11-19,Product Manager,Product,66320.0,2026-09-07 15:41:39.186659
1836,E1726,salary_change,2022-11-02,,,144206.0,2026-09-07 15:41:39.186659
1837,E1726,transfer,2022-02-07,Product Manager,Product,141901.0,2026-09-07 15:41:39.186659
1838,E1726,salary_change,2023-07-07,,,130803.0,2026-09-07 15:41:39.186659
1839,E1726,transfer,2022-08-18,Data Engineer,Data,131138.0,2026-09-07 15:41:39.186659
1840,E1728,promotion,2024-07-10,Product Manager,Product,117933.0,2026-09-07 15:41:39.186659
1841,E1729,transfer,2021-03-14,Finance Analyst,Finance,133453.0,2026-09-07 15:41:39.186659
1842,E1729,salary_change,2017-08-25,,,131381.0,2026-09-07 15:41:39.186659
1843,E1729,transfer,2022-11-03,Support Specialist,Support,135833.0,2026-09-07 15:41:39.186659
1844,E1730,salary_change,2017-06-23,,,52704.0,2026-09-07 15:41:39.186659
1845,E1731,salary_change,2021-03-11,,,121200.0,2026-09-07 15:41:39.186659
1846,E1731,salary_change,2020-04-24,,,111138.0,2026-09-07 15:41:39.186659
1847,E1731,transfer,2021-01-20,HR Specialist,HR,116486.0,2026-09-07 15:41:39.186659
1848,E1731,salary_change,2021-03-03,,,107448.0,2026-09-07 15:41:39.186659
1849,E1732,salary_change,2024-11-01,,,80478.0,2026-09-07 15:41:39.186659
1850,E1732,promotion,2024-05-21,Data Engineer,Data,94268.0,2026-09-07 15:41:39.186659
1851,E1732,salary_change,2025-12-10,,,82298.0,2026-09-07 15:41:39.186659
1852,E1733,transfer,2020-06-20,Sales Manager,Sales,84534.0,2026-09-07 15:41:39.186659
1853,E1733,transfer,2019-06-14,Data Engineer,Data,88470.0,2026-09-07 15:41:39.186659
1854,E1733,termination,2024-04-02,,,,2026-09-07 15:41:39.186659
1855,E1733,transfer,2021-09-22,Support Specialist,Support,102086.0,2026-09-07 15:41:39.186659
1856,E1733,transfer,2021-11-04,Sales Manager,Sales,92104.0,2026-09-07 15:41:39.186659
1857,E1734,promotion,2020-05-29,Data Engineer,Data,144835.0,2026-09-07 15:41:39.186659
1858,E1734,transfer,2020-07-24,HR Specialist,HR,141267.0,2026-09-07 15:41:39.186659
1859,E1734,termination,2022-09-30,,,,2026-09-07 15:41:39.186659
1860,E1734,transfer,2021-07-31,HR Specialist,HR,145821.0,2026-09-07 15:41:39.186659
1861,E1735,salary_change,2021-05-09,,,84443.0,2026-09-07 15:41:39.186659
1862,E1735,termination,2018-10-03,,,,2026-09-07 15:41:39.186659
1863,E1736,salary_change,2025-06-22,,,99186.0,2026-09-07 15:41:39.186659
1864,E1736,transfer,2025-02-23,Data Engineer,Data,105691.0,2026-09-07 15:41:39.186659
1865,E1736,termination,2024-12-23,,,,2026-09-07 15:41:39.186659
1866,E1736,termination,2025-04-20,,,,2026-09-07 15:41:39.186659
1867,E1736,promotion,2025-11-13,Support Specialist,Support,105061.0,2026-09-07 15:41:39.186659
1868,E1737,salary_change,2022-08-26,,,111503.0,2026-09-07 15:41:39.186659
1869,E1737,transfer,2023-10-20,Software Engineer,Engineering,104129.0,2026-09-07 15:41:39.186659
1870,E1737,promotion,2025-01-16,Data Engineer,Data,117933.0,2026-09-07 15:41:39.186659
1871,E1737,termination,2022-07-21,,,,2026-09-07 15:41:39.186659
1872,E1738,promotion,2017-12-22,Software Engineer,Engineering,76843.0,2026-09-07 15:41:39.186659
1873,E1738,promotion,2018-08-18,Product Manager,Product,81285.0,2026-09-07 15:41:39.186659
1874,E1738,termination,2021-05-05,,,,2026-09-07 15:41:39.186659
1875,E1738,termination,2021-05-05,,,,2026-09-07 15:41:39.186659
1876,E1739,termination,2021-10-08,,,,2026-09-07 15:41:39.186659
1877,E1740,transfer,2021-05-05,Finance Analyst,Finance,55334.0,2026-09-07 15:41:39.186659
1878,E1740,termination,2021-05-05,,,,2026-09-07 15:41:39.186659
1879,E1740,transfer,2021-02-09,HR Specialist,HR,61350.0,2026-09-07 15:41:39.186659
1880,E1740,salary_change,2022-02-23,,,58710.0,2026-09-07 15:41:39.186659
1881,E1740,promotion,2021-07-23,Software Engineer,Engineering,57351.0,2026-09-07 15:41:39.186659
1882,E1742,termination,2025-07-17,,,,2026-09-07 15:41:39.186659
1883,E1742,salary_change,2021-06-24,,,97581.0,2026-09-07 15:41:39.186659
1884,E1743,termination,2025-04-28,,,,2026-09-07 15:41:39.186659
1885,E1745,transfer,2026-08-27,Sales Manager,Sales,67587.0,2026-09-07 15:41:39.186659
1886,E1745,salary_change,2026-09-04,,,60184.0,2026-09-07 15:41:39.186659
1887,E1745,salary_change,2026-08-21,,,64630.0,2026-09-07 15:41:39.186659
1888,E1745,promotion,2026-08-26,Product Manager,Product,63094.0,2026-09-07 15:41:39.186659
1889,E1745,transfer,2026-08-31,Data Engineer,Data,61610.0,2026-09-07 15:41:39.186659
1890,E1746,termination,2021-02-28,,,,2026-09-07 15:41:39.186659
1891,E1746,transfer,2022-05-23,Product Manager,Product,86202.0,2026-09-07 15:41:39.186659
1892,E1746,salary_change,2019-05-12,,,73397.0,2026-09-07 15:41:39.186659
1893,E1746,promotion,2022-02-25,Data Engineer,Data,84730.0,2026-09-07 15:41:39.186659
1894,E1746,salary_change,2025-03-21,,,90648.0,2026-09-07 15:41:39.186659
1895,E1747,promotion,2026-07-14,HR Specialist,HR,141912.0,2026-09-07 15:41:39.186659
1896,E1747,termination,2026-07-23,,,,2026-09-07 15:41:39.186659
1897,E1747,salary_change,2026-08-05,,,115960.0,2026-09-07 15:41:39.186659
1898,E1747,termination,2026-08-18,,,,2026-09-07 15:41:39.186659
1899,E1748,termination,2022-02-25,,,,2026-09-07 15:41:39.186659
1900,E1749,transfer,2023-09-11,Product Manager,Product,117683.0,2026-09-07 15:41:39.186659
1901,E1749,salary_change,2026-01-24,,,111611.0,2026-09-07 15:41:39.186659
1902,E1749,transfer,2024-05-29,Sales Manager,Sales,124153.0,2026-09-07 15:41:39.186659
1903,E1749,transfer,2025-08-24,Software Engineer,Engineering,110528.0,2026-09-07 15:41:39.186659
1904,E1749,promotion,2023-11-17,Support Specialist,Support,117094.0,2026-09-07 15:41:39.186659
1905,E1750,termination,2025-03-04,,,,2026-09-07 15:41:39.186659
1906,E1751,termination,2022-01-04,,,,2026-09-07 15:41:39.186659
1907,E1751,transfer,2020-11-30,Sales Manager,Sales,77997.0,2026-09-07 15:41:39.186659
1908,E1751,salary_change,2023-04-05,,,67545.0,2026-09-07 15:41:39.186659
1909,E1751,transfer,2020-11-23,Support Specialist,Support,66418.0,2026-09-07 15:41:39.186659
1910,E1751,transfer,2021-11-19,Product Manager,Product,70643.0,2026-09-07 15:41:39.186659
1911,E1752,salary_change,2020-05-28,,,126759.0,2026-09-07 15:41:39.186659
1912,E1754,salary_change,2025-09-11,,,110593.0,2026-09-07 15:41:39.186659
1913,E1754,transfer,2025-05-26,Product Manager,Product,111404.0,2026-09-07 15:41:39.186659
1914,E1755,salary_change,2026-02-13,,,74308.0,2026-09-07 15:41:39.186659
1915,E1755,transfer,2026-04-11,Data Engineer,Data,86160.0,2026-09-07 15:41:39.186659
1916,E1755,promotion,2024-05-07,Finance Analyst,Finance,78336.0,2026-09-07 15:41:39.186659
1917,E1755,transfer,2024-09-26,Software Engineer,Engineering,81271.0,2026-09-07 15:41:39.186659
1918,E1756,termination,2025-02-27,,,,2026-09-07 15:41:39.186659
1919,E1757,promotion,2023-10-24,Sales Manager,Sales,53520.0,2026-09-07 15:41:39.186659
1920,E1757,termination,2023-01-03,,,,2026-09-07 15:41:39.186659
1921,E1757,salary_change,2016-05-04,,,54751.0,2026-09-07 15:41:39.186659
1922,E1757,termination,2017-12-12,,,,2026-09-07 15:41:39.186659
1923,E1757,transfer,2017-04-14,Sales Manager,Sales,53067.0,2026-09-07 15:41:39.186659
1924,E1758,termination,2025-11-23,,,,2026-09-07 15:41:39.186659
1925,E1758,promotion,2023-10-22,Support Specialist,Support,65589.0,2026-09-07 15:41:39.186659
1926,E1759,promotion,2025-10-20,Finance Analyst,Finance,135976.0,2026-09-07 15:41:39.186659
1927,E1759,promotion,2025-08-05,Support Specialist,Support,147519.0,2026-09-07 15:41:39.186659
1928,E1759,transfer,2025-01-12,Data Engineer,Data,132455.0,2026-09-07 15:41:39.186659
1929,E1760,salary_change,2026-07-18,,,64187.0,2026-09-07 15:41:39.186659
1930,E1760,termination,2026-08-17,,,,2026-09-07 15:41:39.186659
1931,E1760,transfer,2026-03-10,Software Engineer,Engineering,80675.0,2026-09-07 15:41:39.186659
1932,E1760,transfer,2026-06-22,Sales Manager,Sales,68237.0,2026-09-07 15:41:39.186659
1933,E1760,transfer,2026-08-01,Finance Analyst,Finance,80492.0,2026-09-07 15:41:39.186659
1934,E1761,promotion,2025-06-03,Support Specialist,Support,140482.0,2026-09-07 15:41:39.186659
1935,E1761,termination,2021-12-13,,,,2026-09-07 15:41:39.186659
1936,E1761,transfer,2026-05-20,Finance Analyst,Finance,155628.0,2026-09-07 15:41:39.186659
1937,E1761,termination,2024-12-17,,,,2026-09-07 15:41:39.186659
1938,E1762,termination,2020-11-15,,,,2026-09-07 15:41:39.186659
1939,E1762,transfer,2025-06-13,Product Manager,Product,102962.0,2026-09-07 15:41:39.186659
1940,E1762,termination,2018-06-17,,,,2026-09-07 15:41:39.186659
1941,E1762,salary_change,2023-02-26,,,83481.0,2026-09-07 15:41:39.186659
1942,E1764,termination,2020-09-20,,,,2026-09-07 15:41:39.186659
1943,E1764,transfer,2019-10-06,Support Specialist,Support,77029.0,2026-09-07 15:41:39.186659
1944,E1764,transfer,2019-01-13,HR Specialist,HR,72851.0,2026-09-07 15:41:39.186659
1945,E1765,transfer,2026-08-21,Sales Manager,Sales,75641.0,2026-09-07 15:41:39.186659
1946,E1765,termination,2026-06-09,,,,2026-09-07 15:41:39.186659
1947,E1765,promotion,2026-07-16,Software Engineer,Engineering,82617.0,2026-09-07 15:41:39.186659
1948,E1766,termination,2025-05-11,,,,2026-09-07 15:41:39.186659
1949,E1766,salary_change,2026-01-31,,,147477.0,2026-09-07 15:41:39.186659
1950,E1766,transfer,2026-01-01,Sales Manager,Sales,158322.0,2026-09-07 15:41:39.186659
1951,E1767,salary_change,2026-06-18,,,55177.0,2026-09-07 15:41:39.186659
1952,E1767,termination,2026-07-25,,,,2026-09-07 15:41:39.186659
1953,E1767,salary_change,2026-07-26,,,48162.0,2026-09-07 15:41:39.186659
1954,E1769,promotion,2019-08-23,Software Engineer,Engineering,118663.0,2026-09-07 15:41:39.186659
1955,E1770,termination,2025-05-03,,,,2026-09-07 15:41:39.186659
1956,E1770,salary_change,2025-11-20,,,74767.0,2026-09-07 15:41:39.186659
1957,E1770,salary_change,2024-11-13,,,76076.0,2026-09-07 15:41:39.186659
1958,E1770,termination,2022-08-20,,,,2026-09-07 15:41:39.186659
1959,E1770,termination,2025-05-05,,,,2026-09-07 15:41:39.186659
1960,E1771,transfer,2017-05-03,Support Specialist,Support,112434.0,2026-09-07 15:41:39.186659
1961,E1771,termination,2018-08-08,,,,2026-09-07 15:41:39.186659
1962,E1771,promotion,2016-09-20,Finance Analyst,Finance,99962.0,2026-09-07 15:41:39.186659
1963,E1771,termination,2018-08-08,,,,2026-09-07 15:41:39.186659
1964,E1773,transfer,2023-10-30,Support Specialist,Support,75306.0,2026-09-07 15:41:39.186659
1965,E1773,salary_change,2026-05-11,,,65409.0,2026-09-07 15:41:39.186659
1966,E1775,promotion,2025-08-13,Data Engineer,Data,104930.0,2026-09-07 15:41:39.186659
1967,E1775,termination,2026-03-06,,,,2026-09-07 15:41:39.186659
1968,E1775,promotion,2025-10-01,Finance Analyst,Finance,112738.0,2026-09-07 15:41:39.186659
1969,E1776,promotion,2016-05-02,Product Manager,Product,103152.0,2026-09-07 15:41:39.186659
1970,E1776,transfer,2016-03-29,Sales Manager,Sales,102041.0,2026-09-07 15:41:39.186659
1971,E1776,salary_change,2016-10-01,,,102319.0,2026-09-07 15:41:39.186659
1972,E1777,salary_change,2023-11-08,,,126853.0,2026-09-07 15:41:39.186659
1973,E1777,promotion,2022-08-09,Sales Manager,Sales,159720.0,2026-09-07 15:41:39.186659
1974,E1777,promotion,2026-07-25,Software Engineer,Engineering,130907.0,2026-09-07 15:41:39.186659
1975,E1777,termination,2022-07-02,,,,2026-09-07 15:41:39.186659
1976,E1777,termination,2024-04-15,,,,2026-09-07 15:41:39.186659
1977,E1779,transfer,2024-09-06,Data Engineer,Data,71383.0,2026-09-07 15:41:39.186659
1978,E1779,transfer,2026-04-06,Finance Analyst,Finance,62429.0,2026-09-07 15:41:39.186659
1979,E1779,transfer,2025-07-13,Finance Analyst,Finance,67511.0,2026-09-07 15:41:39.186659
1980,E1779,transfer,2026-07-18,Data Engineer,Data,60315.0,2026-09-07 15:41:39.186659
1981,E1779,promotion,2026-06-05,Finance Analyst,Finance,61063.0,2026-09-07 15:41:39.186659
1982,E1780,termination,2026-05-30,,,,2026-09-07 15:41:39.186659
1983,E1780,transfer,2026-07-21,Software Engineer,Engineering,147406.0,2026-09-07 15:41:39.186659
1984,E1783,termination,2019-08-02,,,,2026-09-07 15:41:39.186659
1985,E1783,promotion,2018-08-14,Sales Manager,Sales,83217.0,2026-09-07 15:41:39.186659
1986,E1783,transfer,2025-04-12,Finance Analyst,Finance,87263.0,2026-09-07 15:41:39.186659
1987,E1783,termination,2020-07-14,,,,2026-09-07 15:41:39.186659
1988,E1784,termination,2023-08-01,,,,2026-09-07 15:41:39.186659
1989,E1784,transfer,2025-08-07,HR Specialist,HR,116537.0,2026-09-07 15:41:39.186659
1990,E1784,salary_change,2025-11-13,,,102245.0,2026-09-07 15:41:39.186659
1991,E1785,transfer,2021-10-13,Support Specialist,Support,112931.0,2026-09-07 15:41:39.186659
1992,E1785,transfer,2021-11-13,Software Engineer,Engineering,110698.0,2026-09-07 15:41:39.186659
1993,E1785,promotion,2026-03-31,Product Manager,Product,129592.0,2026-09-07 15:41:39.186659
1994,E1785,termination,2020-06-03,,,,2026-09-07 15:41:39.186659
1995,E1785,transfer,2026-07-09,Product Manager,Product,109867.0,2026-09-07 15:41:39.186659
1996,E1786,transfer,2026-06-08,HR Specialist,HR,151708.0,2026-09-07 15:41:39.186659
1997,E1786,salary_change,2026-06-26,,,124033.0,2026-09-07 15:41:39.186659
1998,E1786,promotion,2026-05-27,Product Manager,Product,129068.0,2026-09-07 15:41:39.186659
1999,E1787,salary_change,2024-05-12,,,80654.0,2026-09-07 15:41:39.186659
2000,E1787,termination,2026-07-06,,,,2026-09-07 15:41:39.186659
2001,E1787,termination,2025-11-23,,,,2026-09-07 15:41:39.186659
2002,E1787,termination,2024-07-02,,,,2026-09-07 15:41:39.186659
2003,E1788,promotion,2025-06-28,Product Manager,Product,157796.0,2026-09-07 15:41:39.186659
2004,E1788,salary_change,2024-02-18,,,136238.0,2026-09-07 15:41:39.186659
2005,E1788,promotion,2024-07-08,Product Manager,Product,171826.0,2026-09-07 15:41:39.186659
2006,E1789,salary_change,2024-12-18,,,52342.0,2026-09-07 15:41:39.186659
2007,E1789,promotion,2026-01-14,Finance Analyst,Finance,62945.0,2026-09-07 15:41:39.186659
2008,E1789,promotion,2024-10-25,Support Specialist,Support,59028.0,2026-09-07 15:41:39.186659
2009,E1789,promotion,2023-11-08,Software Engineer,Engineering,61948.0,2026-09-07 15:41:39.186659
2010,E1789,promotion,2023-11-14,Sales Manager,Sales,57629.0,2026-09-07 15:41:39.186659
2011,E1790,promotion,2023-04-24,Support Specialist,Support,124270.0,2026-09-07 15:41:39.186659
2012,E1791,termination,2025-02-16,,,,2026-09-07 15:41:39.186659
2013,E1791,salary_change,2024-06-14,,,73461.0,2026-09-07 15:41:39.186659
2014,E1791,promotion,2026-04-30,Software Engineer,Engineering,70843.0,2026-09-07 15:41:39.186659
2015,E1791,promotion,2024-05-28,Data Engineer,Data,78942.0,2026-09-07 15:41:39.186659
2016,E1793,salary_change,2017-07-25,,,91579.0,2026-09-07 15:41:39.186659
2017,E1793,promotion,2017-12-02,Support Specialist,Support,97719.0,2026-09-07 15:41:39.186659
2018,E1793,termination,2019-04-13,,,,2026-09-07 15:41:39.186659
2019,E1794,termination,2023-06-14,,,,2026-09-07 15:41:39.186659
2020,E1794,termination,2023-05-11,,,,2026-09-07 15:41:39.186659
2021,E1794,termination,2023-06-04,,,,2026-09-07 15:41:39.186659
2022,E1794,salary_change,2025-02-04,,,125731.0,2026-09-07 15:41:39.186659
2023,E1794,salary_change,2024-02-29,,,137783.0,2026-09-07 15:41:39.186659
2024,E1795,termination,2018-10-18,,,,2026-09-07 15:41:39.186659
2025,E1795,transfer,2016-10-25,Finance Analyst,Finance,79233.0,2026-09-07 15:41:39.186659
2026,E1795,transfer,2016-08-18,Software Engineer,Engineering,69468.0,2026-09-07 15:41:39.186659
2027,E1795,promotion,2017-01-21,HR Specialist,HR,77942.0,2026-09-07 15:41:39.186659
2028,E1796,promotion,2020-08-18,Data Engineer,Data,57407.0,2026-09-07 15:41:39.186659
2029,E1796,transfer,2019-07-16,Finance Analyst,Finance,54011.0,2026-09-07 15:41:39.186659
2030,E1796,termination,2021-01-16,,,,2026-09-07 15:41:39.186659
2031,E1797,promotion,2025-04-10,Finance Analyst,Finance,62496.0,2026-09-07 15:41:39.186659
2032,E1797,promotion,2022-04-30,Product Manager,Product,72963.0,2026-09-07 15:41:39.186659
2033,E1797,promotion,2025-10-06,Finance Analyst,Finance,66124.0,2026-09-07 15:41:39.186659
2034,E1797,transfer,2026-03-31,Sales Manager,Sales,64003.0,2026-09-07 15:41:39.186659
2035,E1798,transfer,2024-01-06,Data Engineer,Data,98121.0,2026-09-07 15:41:39.186659
2036,E1798,salary_change,2024-04-18,,,93599.0,2026-09-07 15:41:39.186659
2037,E1799,termination,2024-08-11,,,,2026-09-07 15:41:39.186659
2038,E1799,promotion,2024-07-17,HR Specialist,HR,103558.0,2026-09-07 15:41:39.186659
2039,E1799,transfer,2023-07-31,Software Engineer,Engineering,108167.0,2026-09-07 15:41:39.186659
2040,E1800,promotion,2024-10-08,Product Manager,Product,102987.0,2026-09-07 15:41:39.186659
2041,E1800,transfer,2026-02-04,Sales Manager,Sales,100082.0,2026-09-07 15:41:39.186659
2042,E1801,salary_change,2026-06-09,,,131537.0,2026-09-07 15:41:39.186659
2043,E1801,promotion,2021-06-22,Product Manager,Product,135572.0,2026-09-07 15:41:39.186659
2044,E1802,transfer,2026-02-26,Data Engineer,Data,106751.0,2026-09-07 15:41:39.186659
2045,E1802,promotion,2026-03-24,Software Engineer,Engineering,99675.0,2026-09-07 15:41:39.186659
2046,E1802,transfer,2025-11-11,Software Engineer,Engineering,114258.0,2026-09-07 15:41:39.186659
2047,E1802,promotion,2026-03-20,Support Specialist,Support,102057.0,2026-09-07 15:41:39.186659
2048,E1803,transfer,2026-07-11,Data Engineer,Data,104750.0,2026-09-07 15:41:39.186659
2049,E1804,transfer,2024-04-08,Finance Analyst,Finance,69998.0,2026-09-07 15:41:39.186659
2050,E1804,transfer,2024-04-26,Data Engineer,Data,75778.0,2026-09-07 15:41:39.186659
2051,E1806,salary_change,2021-09-23,,,105459.0,2026-09-07 15:41:39.186659
2052,E1806,transfer,2022-04-02,Data Engineer,Data,103438.0,2026-09-07 15:41:39.186659
2053,E1806,transfer,2025-08-06,Data Engineer,Data,108052.0,2026-09-07 15:41:39.186659
2054,E1806,salary_change,2022-03-07,,,114036.0,2026-09-07 15:41:39.186659
2055,E1807,transfer,2021-07-24,Product Manager,Product,128333.0,2026-09-07 15:41:39.186659
2056,E1807,transfer,2026-01-01,Finance Analyst,Finance,117291.0,2026-09-07 15:41:39.186659
2057,E1808,termination,2022-02-18,,,,2026-09-07 15:41:39.186659
2058,E1808,termination,2023-08-09,,,,2026-09-07 15:41:39.186659
2059,E1808,promotion,2025-04-18,Product Manager,Product,106668.0,2026-09-07 15:41:39.186659
2060,E1808,transfer,2026-02-22,Finance Analyst,Finance,99611.0,2026-09-07 15:41:39.186659
2061,E1808,promotion,2022-11-22,Product Manager,Product,111468.0,2026-09-07 15:41:39.186659
2062,E1810,termination,2018-03-15,,,,2026-09-07 15:41:39.186659
2063,E1810,transfer,2022-08-23,Support Specialist,Support,64744.0,2026-09-07 15:41:39.186659
2064,E1810,salary_change,2023-04-13,,,66932.0,2026-09-07 15:41:39.186659
2065,E1810,transfer,2021-11-10,Software Engineer,Engineering,67486.0,2026-09-07 15:41:39.186659
2066,E1810,salary_change,2025-08-02,,,62169.0,2026-09-07 15:41:39.186659
2067,E1812,termination,2025-12-06,,,,2026-09-07 15:41:39.186659
2068,E1812,salary_change,2026-04-07,,,118146.0,2026-09-07 15:41:39.186659
2069,E1813,salary_change,2026-08-18,,,82622.0,2026-09-07 15:41:39.186659
2070,E1813,termination,2022-08-19,,,,2026-09-07 15:41:39.186659
2071,E1813,promotion,2023-03-21,Software Engineer,Engineering,95801.0,2026-09-07 15:41:39.186659
2072,E1813,transfer,2026-09-01,HR Specialist,HR,92336.0,2026-09-07 15:41:39.186659
2073,E1813,salary_change,2019-08-25,,,75452.0,2026-09-07 15:41:39.186659
2074,E1814,promotion,2018-09-07,Software Engineer,Engineering,79977.0,2026-09-07 15:41:39.186659
2075,E1814,termination,2019-09-29,,,,2026-09-07 15:41:39.186659
2076,E1814,promotion,2019-02-05,Software Engineer,Engineering,66933.0,2026-09-07 15:41:39.186659
2077,E1815,termination,2025-01-23,,,,2026-09-07 15:41:39.186659
2078,E1815,promotion,2026-03-03,HR Specialist,HR,125652.0,2026-09-07 15:41:39.186659
2079,E1815,salary_change,2025-10-15,,,99312.0,2026-09-07 15:41:39.186659
2080,E1815,salary_change,2023-05-21,,,111856.0,2026-09-07 15:41:39.186659
2081,E1815,promotion,2023-12-22,Finance Analyst,Finance,119087.0,2026-09-07 15:41:39.186659
2082,E1816,termination,2020-11-20,,,,2026-09-07 15:41:39.186659
2083,E1816,termination,2025-10-05,,,,2026-09-07 15:41:39.186659
2084,E1816,salary_change,2021-07-01,,,119476.0,2026-09-07 15:41:39.186659
2085,E1817,promotion,2024-07-04,Sales Manager,Sales,115968.0,2026-09-07 15:41:39.186659
2086,E1818,promotion,2018-05-10,Product Manager,Product,54070.0,2026-09-07 15:41:39.186659
2087,E1818,transfer,2018-02-08,Software Engineer,Engineering,48714.0,2026-09-07 15:41:39.186659
2088,E1818,transfer,2018-03-08,Data Engineer,Data,54620.0,2026-09-07 15:41:39.186659
2089,E1819,transfer,2024-06-20,Sales Manager,Sales,76854.0,2026-09-07 15:41:39.186659
2090,E1820,termination,2024-01-18,,,,2026-09-07 15:41:39.186659
2091,E1820,termination,2021-05-02,,,,2026-09-07 15:41:39.186659
2092,E1820,transfer,2025-04-11,Software Engineer,Engineering,144847.0,2026-09-07 15:41:39.186659
2093,E1820,salary_change,2022-08-04,,,121666.0,2026-09-07 15:41:39.186659
2094,E1820,termination,2021-05-13,,,,2026-09-07 15:41:39.186659
2095,E1821,promotion,2026-06-30,Sales Manager,Sales,120129.0,2026-09-07 15:41:39.186659
2096,E1821,salary_change,2026-06-11,,,111488.0,2026-09-07 15:41:39.186659
2097,E1821,transfer,2026-08-05,Product Manager,Product,117484.0,2026-09-07 15:41:39.186659
2098,E1821,promotion,2026-06-03,Support Specialist,Support,113514.0,2026-09-07 15:41:39.186659
2099,E1822,termination,2023-07-31,,,,2026-09-07 15:41:39.186659
2100,E1822,transfer,2022-08-23,Data Engineer,Data,88147.0,2026-09-07 15:41:39.186659
2101,E1822,promotion,2022-11-07,Support Specialist,Support,89384.0,2026-09-07 15:41:39.186659
2102,E1822,salary_change,2022-11-07,,,68559.0,2026-09-07 15:41:39.186659
2103,E1823,promotion,2024-10-02,Sales Manager,Sales,105060.0,2026-09-07 15:41:39.186659
2104,E1823,termination,2025-06-02,,,,2026-09-07 15:41:39.186659
2105,E1823,salary_change,2022-09-15,,,117815.0,2026-09-07 15:41:39.186659
2106,E1824,promotion,2022-12-13,Support Specialist,Support,127517.0,2026-09-07 15:41:39.186659
2107,E1824,transfer,2023-03-15,HR Specialist,HR,114501.0,2026-09-07 15:41:39.186659
2108,E1824,transfer,2016-02-04,Data Engineer,Data,118391.0,2026-09-07 15:41:39.186659
2109,E1824,promotion,2023-12-10,HR Specialist,HR,117991.0,2026-09-07 15:41:39.186659
2110,E1826,transfer,2026-08-08,Product Manager,Product,66321.0,2026-09-07 15:41:39.186659
2111,E1826,termination,2020-04-18,,,,2026-09-07 15:41:39.186659
2112,E1826,termination,2025-10-13,,,,2026-09-07 15:41:39.186659
2113,E1826,promotion,2022-01-11,Support Specialist,Support,67010.0,2026-09-07 15:41:39.186659
2114,E1826,termination,2021-06-27,,,,2026-09-07 15:41:39.186659
2115,E1828,transfer,2025-12-07,Data Engineer,Data,137381.0,2026-09-07 15:41:39.186659
2116,E1828,transfer,2025-01-19,Sales Manager,Sales,125443.0,2026-09-07 15:41:39.186659
2117,E1828,salary_change,2026-03-30,,,114060.0,2026-09-07 15:41:39.186659
2118,E1828,salary_change,2025-05-22,,,112797.0,2026-09-07 15:41:39.186659
2119,E1830,termination,2017-11-14,,,,2026-09-07 15:41:39.186659
2120,E1830,transfer,2019-10-22,Product Manager,Product,161923.0,2026-09-07 15:41:39.186659
2121,E1830,transfer,2025-07-15,HR Specialist,HR,140557.0,2026-09-07 15:41:39.186659
2122,E1831,salary_change,2016-10-05,,,59443.0,2026-09-07 15:41:39.186659
2123,E1831,termination,2019-09-13,,,,2026-09-07 15:41:39.186659
2124,E1832,salary_change,2018-01-03,,,102263.0,2026-09-07 15:41:39.186659
2125,E1832,transfer,2019-12-16,Data Engineer,Data,115910.0,2026-09-07 15:41:39.186659
2126,E1832,termination,2021-02-28,,,,2026-09-07 15:41:39.186659
2127,E1832,termination,2021-02-28,,,,2026-09-07 15:41:39.186659
2128,E1832,promotion,2020-12-27,Software Engineer,Engineering,104575.0,2026-09-07 15:41:39.186659
2129,E1833,termination,2021-10-12,,,,2026-09-07 15:41:39.186659
2130,E1833,transfer,2020-07-22,Sales Manager,Sales,69701.0,2026-09-07 15:41:39.186659
2131,E1833,transfer,2018-12-11,Finance Analyst,Finance,73664.0,2026-09-07 15:41:39.186659
2132,E1833,termination,2025-12-25,,,,2026-09-07 15:41:39.186659
2133,E1835,termination,2022-04-16,,,,2026-09-07 15:41:39.186659
2134,E1835,transfer,2021-09-16,HR Specialist,HR,90184.0,2026-09-07 15:41:39.186659
2135,E1835,termination,2022-04-16,,,,2026-09-07 15:41:39.186659
2136,E1835,termination,2022-04-16,,,,2026-09-07 15:41:39.186659
2137,E1837,transfer,2024-09-05,HR Specialist,HR,151965.0,2026-09-07 15:41:39.186659
2138,E1837,transfer,2025-11-21,Support Specialist,Support,150542.0,2026-09-07 15:41:39.186659
2139,E1837,termination,2026-06-25,,,,2026-09-07 15:41:39.186659
2140,E1837,termination,2026-06-25,,,,2026-09-07 15:41:39.186659
2141,E1837,promotion,2023-04-10,Support Specialist,Support,142655.0,2026-09-07 15:41:39.186659
2142,E1838,transfer,2024-10-16,Product Manager,Product,107873.0,2026-09-07 15:41:39.186659
2143,E1838,salary_change,2024-07-13,,,109290.0,2026-09-07 15:41:39.186659
2144,E1838,salary_change,2024-05-23,,,97364.0,2026-09-07 15:41:39.186659
2145,E1839,salary_change,2020-11-13,,,96845.0,2026-09-07 15:41:39.186659
2146,E1840,promotion,2024-11-30,Software Engineer,Engineering,97658.0,2026-09-07 15:41:39.186659
2147,E1841,salary_change,2022-12-09,,,139034.0,2026-09-07 15:41:39.186659
2148,E1841,salary_change,2020-06-23,,,141452.0,2026-09-07 15:41:39.186659
2149,E1841,termination,2022-12-15,,,,2026-09-07 15:41:39.186659
2150,E1842,promotion,2020-10-20,Finance Analyst,Finance,75701.0,2026-09-07 15:41:39.186659
2151,E1842,salary_change,2025-11-24,,,64777.0,2026-09-07 15:41:39.186659
2152,E1842,promotion,2023-07-26,Finance Analyst,Finance,72214.0,2026-09-07 15:41:39.186659
2153,E1842,transfer,2021-02-22,Finance Analyst,Finance,76102.0,2026-09-07 15:41:39.186659
2154,E1843,salary_change,2024-09-13,,,108269.0,2026-09-07 15:41:39.186659
2155,E1843,salary_change,2025-10-23,,,104925.0,2026-09-07 15:41:39.186659
2156,E1844,salary_change,2025-07-22,,,113276.0,2026-09-07 15:41:39.186659
2157,E1844,salary_change,2023-09-11,,,115009.0,2026-09-07 15:41:39.186659
2158,E1844,termination,2025-02-17,,,,2026-09-07 15:41:39.186659
2159,E1844,salary_change,2022-07-16,,,112805.0,2026-09-07 15:41:39.186659
2160,E1844,transfer,2021-06-04,HR Specialist,HR,128742.0,2026-09-07 15:41:39.186659
2161,E1845,transfer,2023-01-19,Sales Manager,Sales,148962.0,2026-09-07 15:41:39.186659
2162,E1845,termination,2022-12-16,,,,2026-09-07 15:41:39.186659
2163,E1845,termination,2025-03-26,,,,2026-09-07 15:41:39.186659
2164,E1845,promotion,2024-03-08,Support Specialist,Support,153264.0,2026-09-07 15:41:39.186659
2165,E1849,promotion,2024-07-23,Support Specialist,Support,118972.0,2026-09-07 15:41:39.186659
2166,E1849,termination,2024-07-28,,,,2026-09-07 15:41:39.186659
2167,E1849,termination,2024-07-28,,,,2026-09-07 15:41:39.186659
2168,E1849,salary_change,2023-08-26,,,107309.0,2026-09-07 15:41:39.186659
2169,E1850,salary_change,2026-08-12,,,63658.0,2026-09-07 15:41:39.186659
2170,E1850,termination,2025-06-23,,,,2026-09-07 15:41:39.186659
2171,E1850,termination,2025-05-26,,,,2026-09-07 15:41:39.186659
2172,E1850,transfer,2022-03-19,Software Engineer,Engineering,71042.0,2026-09-07 15:41:39.186659
2173,E1852,salary_change,2020-09-23,,,142491.0,2026-09-07 15:41:39.186659
2174,E1852,salary_change,2020-09-10,,,141794.0,2026-09-07 15:41:39.186659
2175,E1852,transfer,2021-09-19,Sales Manager,Sales,161475.0,2026-09-07 15:41:39.186659
2176,E1852,transfer,2023-07-01,HR Specialist,HR,171172.0,2026-09-07 15:41:39.186659
2177,E1853,promotion,2026-06-27,Software Engineer,Engineering,73044.0,2026-09-07 15:41:39.186659
2178,E1853,promotion,2026-03-17,Support Specialist,Support,66775.0,2026-09-07 15:41:39.186659
2179,E1854,transfer,2021-11-12,Finance Analyst,Finance,70615.0,2026-09-07 15:41:39.186659
2180,E1854,promotion,2022-05-13,HR Specialist,HR,78264.0,2026-09-07 15:41:39.186659
2181,E1854,salary_change,2020-09-10,,,76712.0,2026-09-07 15:41:39.186659
2182,E1855,transfer,2026-08-16,Product Manager,Product,124312.0,2026-09-07 15:41:39.186659
2183,E1855,termination,2023-01-20,,,,2026-09-07 15:41:39.186659
2184,E1855,transfer,2024-11-02,Support Specialist,Support,128627.0,2026-09-07 15:41:39.186659
2185,E1855,transfer,2025-01-21,Software Engineer,Engineering,124445.0,2026-09-07 15:41:39.186659
2186,E1855,promotion,2026-07-12,Data Engineer,Data,125420.0,2026-09-07 15:41:39.186659
2187,E1856,salary_change,2026-05-14,,,114080.0,2026-09-07 15:41:39.186659
2188,E1857,promotion,2019-05-02,Software Engineer,Engineering,105152.0,2026-09-07 15:41:39.186659
2189,E1857,transfer,2020-08-24,Data Engineer,Data,123518.0,2026-09-07 15:41:39.186659
2190,E1857,termination,2020-11-13,,,,2026-09-07 15:41:39.186659
2191,E1857,promotion,2019-06-25,Data Engineer,Data,115359.0,2026-09-07 15:41:39.186659
2192,E1859,transfer,2023-05-19,Sales Manager,Sales,158065.0,2026-09-07 15:41:39.186659
2193,E1859,transfer,2024-02-26,Sales Manager,Sales,139439.0,2026-09-07 15:41:39.186659
2194,E1859,salary_change,2024-04-17,,,143308.0,2026-09-07 15:41:39.186659
2195,E1860,transfer,2023-03-19,Software Engineer,Engineering,110005.0,2026-09-07 15:41:39.186659
2196,E1860,transfer,2022-12-17,Product Manager,Product,108661.0,2026-09-07 15:41:39.186659
2197,E1860,transfer,2023-04-14,Product Manager,Product,93253.0,2026-09-07 15:41:39.186659
2198,E1860,promotion,2022-09-27,Data Engineer,Data,107396.0,2026-09-07 15:41:39.186659
2199,E1861,transfer,2024-05-22,Finance Analyst,Finance,142634.0,2026-09-07 15:41:39.186659
2200,E1862,salary_change,2019-09-07,,,89282.0,2026-09-07 15:41:39.186659
2201,E1862,termination,2020-09-15,,,,2026-09-07 15:41:39.186659
2202,E1862,transfer,2025-02-09,Sales Manager,Sales,96332.0,2026-09-07 15:41:39.186659
2203,E1862,transfer,2025-07-18,HR Specialist,HR,100751.0,2026-09-07 15:41:39.186659
2204,E1862,transfer,2025-10-30,Sales Manager,Sales,97139.0,2026-09-07 15:41:39.186659
2205,E1863,promotion,2023-10-09,Software Engineer,Engineering,67141.0,2026-09-07 15:41:39.186659
2206,E1864,promotion,2016-07-10,Support Specialist,Support,74351.0,2026-09-07 15:41:39.186659
2207,E1864,salary_change,2018-11-27,,,66407.0,2026-09-07 15:41:39.186659
2208,E1864,termination,2020-01-29,,,,2026-09-07 15:41:39.186659
2209,E1865,termination,2025-04-09,,,,2026-09-07 15:41:39.186659
2210,E1866,salary_change,2024-10-19,,,119410.0,2026-09-07 15:41:39.186659
2211,E1866,termination,2025-04-24,,,,2026-09-07 15:41:39.186659
2212,E1866,termination,2025-04-24,,,,2026-09-07 15:41:39.186659
2213,E1867,transfer,2026-08-15,Data Engineer,Data,70844.0,2026-09-07 15:41:39.186659
2214,E1867,transfer,2026-01-06,Software Engineer,Engineering,59605.0,2026-09-07 15:41:39.186659
2215,E1868,transfer,2026-01-23,Support Specialist,Support,69296.0,2026-09-07 15:41:39.186659
2216,E1869,termination,2020-07-07,,,,2026-09-07 15:41:39.186659
2217,E1869,salary_change,2022-09-30,,,81428.0,2026-09-07 15:41:39.186659
2218,E1869,termination,2024-07-21,,,,2026-09-07 15:41:39.186659
2219,E1870,transfer,2021-07-18,Product Manager,Product,121835.0,2026-09-07 15:41:39.186659
2220,E1870,salary_change,2021-09-30,,,122002.0,2026-09-07 15:41:39.186659
2221,E1870,promotion,2021-01-21,Data Engineer,Data,128380.0,2026-09-07 15:41:39.186659
2222,E1870,salary_change,2019-10-09,,,126765.0,2026-09-07 15:41:39.186659
2223,E1870,transfer,2021-02-13,Software Engineer,Engineering,117412.0,2026-09-07 15:41:39.186659
2224,E1871,promotion,2026-06-12,Data Engineer,Data,76032.0,2026-09-07 15:41:39.186659
2225,E1871,termination,2023-07-22,,,,2026-09-07 15:41:39.186659
2226,E1871,salary_change,2022-11-03,,,66950.0,2026-09-07 15:41:39.186659
2227,E1871,transfer,2020-03-17,Software Engineer,Engineering,64020.0,2026-09-07 15:41:39.186659
2228,E1872,promotion,2026-02-28,Finance Analyst,Finance,89801.0,2026-09-07 15:41:39.186659
2229,E1872,promotion,2024-08-29,Finance Analyst,Finance,73597.0,2026-09-07 15:41:39.186659
2230,E1873,termination,2025-04-08,,,,2026-09-07 15:41:39.186659
2231,E1873,transfer,2026-02-17,Data Engineer,Data,137702.0,2026-09-07 15:41:39.186659
2232,E1873,transfer,2024-10-31,Data Engineer,Data,137442.0,2026-09-07 15:41:39.186659
2233,E1873,salary_change,2025-07-24,,,123148.0,2026-09-07 15:41:39.186659
2234,E1873,promotion,2026-02-09,Support Specialist,Support,124495.0,2026-09-07 15:41:39.186659
2235,E1874,termination,2024-03-11,,,,2026-09-07 15:41:39.186659
2236,E1874,transfer,2023-11-22,Product Manager,Product,109967.0,2026-09-07 15:41:39.186659
2237,E1875,salary_change,2025-11-28,,,56238.0,2026-09-07 15:41:39.186659
2238,E1875,transfer,2026-06-24,Data Engineer,Data,59465.0,2026-09-07 15:41:39.186659
2239,E1875,promotion,2026-05-14,Sales Manager,Sales,69682.0,2026-09-07 15:41:39.186659
2240,E1875,promotion,2026-05-08,Data Engineer,Data,60891.0,2026-09-07 15:41:39.186659
2241,E1875,transfer,2026-05-03,Sales Manager,Sales,72305.0,2026-09-07 15:41:39.186659
2242,E1876,promotion,2020-04-19,Sales Manager,Sales,121614.0,2026-09-07 15:41:39.186659
2243,E1876,salary_change,2021-12-06,,,109551.0,2026-09-07 15:41:39.186659
2244,E1876,promotion,2022-07-12,Sales Manager,Sales,118273.0,2026-09-07 15:41:39.186659
2245,E1876,termination,2022-09-03,,,,2026-09-07 15:41:39.186659
2246,E1876,termination,2022-09-03,,,,2026-09-07 15:41:39.186659
2247,E1877,termination,2025-03-23,,,,2026-09-07 15:41:39.186659
2248,E1877,transfer,2023-06-05,Data Engineer,Data,138169.0,2026-09-07 15:41:39.186659
2249,E1877,transfer,2024-01-08,Product Manager,Product,137997.0,2026-09-07 15:41:39.186659
2250,E1877,promotion,2023-05-20,Finance Analyst,Finance,124681.0,2026-09-07 15:41:39.186659
2251,E1877,termination,2022-07-10,,,,2026-09-07 15:41:39.186659
2252,E1878,transfer,2026-09-03,Support Specialist,Support,54905.0,2026-09-07 15:41:39.186659
2253,E1878,promotion,2026-07-31,Sales Manager,Sales,47869.0,2026-09-07 15:41:39.186659
2254,E1878,salary_change,2026-07-28,,,43838.0,2026-09-07 15:41:39.186659
2255,E1878,transfer,2026-03-12,HR Specialist,HR,58470.0,2026-09-07 15:41:39.186659
2256,E1878,termination,2026-06-01,,,,2026-09-07 15:41:39.186659
2257,E1882,termination,2024-01-01,,,,2026-09-07 15:41:39.186659
2258,E1882,promotion,2024-12-17,Data Engineer,Data,90803.0,2026-09-07 15:41:39.186659
2259,E1883,salary_change,2024-11-03,,,91034.0,2026-09-07 15:41:39.186659
2260,E1883,salary_change,2025-06-09,,,83467.0,2026-09-07 15:41:39.186659
2261,E1884,salary_change,2026-05-17,,,59696.0,2026-09-07 15:41:39.186659
2262,E1884,salary_change,2026-05-16,,,65780.0,2026-09-07 15:41:39.186659
2263,E1884,transfer,2026-03-17,Product Manager,Product,63278.0,2026-09-07 15:41:39.186659
2264,E1885,transfer,2019-06-19,Data Engineer,Data,128086.0,2026-09-07 15:41:39.186659
2265,E1885,transfer,2023-04-07,Data Engineer,Data,141042.0,2026-09-07 15:41:39.186659
2266,E1885,termination,2024-05-08,,,,2026-09-07 15:41:39.186659
2267,E1885,transfer,2021-02-16,Data Engineer,Data,128324.0,2026-09-07 15:41:39.186659
2268,E1886,salary_change,2026-02-20,,,82272.0,2026-09-07 15:41:39.186659
2269,E1889,termination,2023-05-15,,,,2026-09-07 15:41:39.186659
2270,E1889,promotion,2023-01-19,Product Manager,Product,81793.0,2026-09-07 15:41:39.186659
2271,E1890,salary_change,2024-09-18,,,128425.0,2026-09-07 15:41:39.186659
2272,E1891,salary_change,2025-04-24,,,59608.0,2026-09-07 15:41:39.186659
2273,E1891,promotion,2026-05-02,Product Manager,Product,59999.0,2026-09-07 15:41:39.186659
2274,E1893,transfer,2021-11-24,HR Specialist,HR,119970.0,2026-09-07 15:41:39.186659
2275,E1893,termination,2018-02-07,,,,2026-09-07 15:41:39.186659
2276,E1894,salary_change,2022-08-21,,,68276.0,2026-09-07 15:41:39.186659
2277,E1894,termination,2024-02-24,,,,2026-09-07 15:41:39.186659
2278,E1894,salary_change,2026-05-11,,,62355.0,2026-09-07 15:41:39.186659
2279,E1894,termination,2026-08-23,,,,2026-09-07 15:41:39.186659
2280,E1895,salary_change,2025-06-22,,,52955.0,2026-09-07 15:41:39.186659
2281,E1895,promotion,2026-06-15,Product Manager,Product,68214.0,2026-09-07 15:41:39.186659
2282,E1897,salary_change,2026-08-21,,,62609.0,2026-09-07 15:41:39.186659
2283,E1898,promotion,2023-01-25,HR Specialist,HR,139766.0,2026-09-07 15:41:39.186659
2284,E1899,termination,2026-08-22,,,,2026-09-07 15:41:39.186659
2285,E1899,transfer,2024-10-25,HR Specialist,HR,80874.0,2026-09-07 15:41:39.186659
2286,E1899,transfer,2024-12-22,Finance Analyst,Finance,71083.0,2026-09-07 15:41:39.186659
2287,E1901,termination,2019-08-17,,,,2026-09-07 15:41:39.186659
2288,E1901,promotion,2019-01-22,HR Specialist,HR,116805.0,2026-09-07 15:41:39.186659
2289,E1902,transfer,2021-01-29,Software Engineer,Engineering,67374.0,2026-09-07 15:41:39.186659
2290,E1903,termination,2023-04-24,,,,2026-09-07 15:41:39.186659
2291,E1903,transfer,2022-11-27,Support Specialist,Support,109004.0,2026-09-07 15:41:39.186659
2292,E1904,transfer,2026-08-20,Sales Manager,Sales,119524.0,2026-09-07 15:41:39.186659
2293,E1904,transfer,2026-08-25,Finance Analyst,Finance,102086.0,2026-09-07 15:41:39.186659
2294,E1904,transfer,2026-08-18,Software Engineer,Engineering,120669.0,2026-09-07 15:41:39.186659
2295,E1904,promotion,2026-08-21,Software Engineer,Engineering,119057.0,2026-09-07 15:41:39.186659
2296,E1905,salary_change,2021-08-09,,,80957.0,2026-09-07 15:41:39.186659
2297,E1905,termination,2023-11-05,,,,2026-09-07 15:41:39.186659
2298,E1907,transfer,2022-09-12,Product Manager,Product,90729.0,2026-09-07 15:41:39.186659
2299,E1908,promotion,2025-09-25,Software Engineer,Engineering,159590.0,2026-09-07 15:41:39.186659
2300,E1908,transfer,2026-02-21,Sales Manager,Sales,155634.0,2026-09-07 15:41:39.186659
2301,E1908,termination,2026-04-14,,,,2026-09-07 15:41:39.186659
2302,E1909,termination,2022-11-06,,,,2026-09-07 15:41:39.186659
2303,E1909,transfer,2022-12-07,Data Engineer,Data,102175.0,2026-09-07 15:41:39.186659
2304,E1909,termination,2023-10-03,,,,2026-09-07 15:41:39.186659
2305,E1910,termination,2025-07-21,,,,2026-09-07 15:41:39.186659
2306,E1911,transfer,2023-08-27,Finance Analyst,Finance,98021.0,2026-09-07 15:41:39.186659
2307,E1911,promotion,2025-10-16,HR Specialist,HR,103957.0,2026-09-07 15:41:39.186659
2308,E1911,termination,2025-07-08,,,,2026-09-07 15:41:39.186659
2309,E1911,salary_change,2021-11-16,,,103043.0,2026-09-07 15:41:39.186659
2310,E1912,termination,2022-11-05,,,,2026-09-07 15:41:39.186659
2311,E1912,salary_change,2023-10-15,,,122611.0,2026-09-07 15:41:39.186659
2312,E1912,salary_change,2024-08-06,,,126018.0,2026-09-07 15:41:39.186659
2313,E1913,termination,2026-08-30,,,,2026-09-07 15:41:39.186659
2314,E1913,salary_change,2026-08-15,,,127998.0,2026-09-07 15:41:39.186659
2315,E1913,promotion,2026-08-08,Finance Analyst,Finance,150378.0,2026-09-07 15:41:39.186659
2316,E1913,promotion,2026-09-04,Finance Analyst,Finance,153509.0,2026-09-07 15:41:39.186659
2317,E1913,salary_change,2026-08-25,,,126895.0,2026-09-07 15:41:39.186659
2318,E1914,transfer,2020-01-01,Support Specialist,Support,71387.0,2026-09-07 15:41:39.186659
2319,E1914,termination,2023-10-26,,,,2026-09-07 15:41:39.186659
2320,E1915,termination,2021-04-13,,,,2026-09-07 15:41:39.186659
2321,E1915,termination,2019-10-22,,,,2026-09-07 15:41:39.186659
2322,E1915,transfer,2024-06-02,Sales Manager,Sales,129414.0,2026-09-07 15:41:39.186659
2323,E1915,termination,2019-12-27,,,,2026-09-07 15:41:39.186659
2324,E1915,promotion,2026-06-19,Support Specialist,Support,130226.0,2026-09-07 15:41:39.186659
2325,E1917,promotion,2016-08-31,Software Engineer,Engineering,90710.0,2026-09-07 15:41:39.186659
2326,E1917,salary_change,2017-09-07,,,89019.0,2026-09-07 15:41:39.186659
2327,E1919,salary_change,2023-07-19,,,67331.0,2026-09-07 15:41:39.186659
2328,E1919,promotion,2024-04-26,Support Specialist,Support,81477.0,2026-09-07 15:41:39.186659
2329,E1919,promotion,2022-10-05,Software Engineer,Engineering,69641.0,2026-09-07 15:41:39.186659
2330,E1919,salary_change,2022-04-30,,,77864.0,2026-09-07 15:41:39.186659
2331,E1919,termination,2022-02-27,,,,2026-09-07 15:41:39.186659
2332,E1920,transfer,2023-07-30,Product Manager,Product,86641.0,2026-09-07 15:41:39.186659
2333,E1920,transfer,2021-01-30,Finance Analyst,Finance,81608.0,2026-09-07 15:41:39.186659
2334,E1920,transfer,2024-11-30,Software Engineer,Engineering,82018.0,2026-09-07 15:41:39.186659
2335,E1920,termination,2022-12-17,,,,2026-09-07 15:41:39.186659
2336,E1920,salary_change,2020-11-14,,,73174.0,2026-09-07 15:41:39.186659
2337,E1921,transfer,2026-08-26,Finance Analyst,Finance,102553.0,2026-09-07 15:41:39.186659
2338,E1922,promotion,2018-07-27,Software Engineer,Engineering,127526.0,2026-09-07 15:41:39.186659
2339,E1922,termination,2025-12-25,,,,2026-09-07 15:41:39.186659
2340,E1922,promotion,2018-09-18,Product Manager,Product,141541.0,2026-09-07 15:41:39.186659
2341,E1923,termination,2023-12-21,,,,2026-09-07 15:41:39.186659
2342,E1923,transfer,2025-08-18,Data Engineer,Data,61636.0,2026-09-07 15:41:39.186659
2343,E1923,transfer,2023-07-08,Finance Analyst,Finance,60026.0,2026-09-07 15:41:39.186659
2344,E1923,salary_change,2025-11-20,,,54726.0,2026-09-07 15:41:39.186659
2345,E1924,promotion,2026-08-25,Product Manager,Product,96202.0,2026-09-07 15:41:39.186659
2346,E1924,transfer,2026-08-13,Data Engineer,Data,85318.0,2026-09-07 15:41:39.186659
2347,E1924,salary_change,2026-08-20,,,81662.0,2026-09-07 15:41:39.186659
2348,E1925,promotion,2024-07-07,HR Specialist,HR,148814.0,2026-09-07 15:41:39.186659
2349,E1925,transfer,2026-02-27,Support Specialist,Support,133799.0,2026-09-07 15:41:39.186659
2350,E1925,termination,2026-01-23,,,,2026-09-07 15:41:39.186659
2351,E1926,promotion,2020-12-27,Support Specialist,Support,81547.0,2026-09-07 15:41:39.186659
2352,E1928,transfer,2025-01-22,Sales Manager,Sales,82563.0,2026-09-07 15:41:39.186659
2353,E1928,salary_change,2026-06-02,,,62560.0,2026-09-07 15:41:39.186659
2354,E1929,termination,2020-01-13,,,,2026-09-07 15:41:39.186659
2355,E1929,termination,2020-01-13,,,,2026-09-07 15:41:39.186659
2356,E1929,termination,2020-01-13,,,,2026-09-07 15:41:39.186659
2357,E1929,termination,2020-01-13,,,,2026-09-07 15:41:39.186659
2358,E1929,promotion,2019-09-11,Support Specialist,Support,97736.0,2026-09-07 15:41:39.186659
2359,E1930,termination,2026-05-31,,,,2026-09-07 15:41:39.186659
2360,E1930,transfer,2026-08-11,Software Engineer,Engineering,51384.0,2026-09-07 15:41:39.186659
2361,E1930,transfer,2025-01-13,Product Manager,Product,59057.0,2026-09-07 15:41:39.186659
2362,E1930,termination,2026-04-25,,,,2026-09-07 15:41:39.186659
2363,E1930,promotion,2025-07-13,Finance Analyst,Finance,56109.0,2026-09-07 15:41:39.186659
2364,E1932,promotion,2023-02-09,Data Engineer,Data,107623.0,2026-09-07 15:41:39.186659
2365,E1932,promotion,2024-02-16,Data Engineer,Data,94513.0,2026-09-07 15:41:39.186659
2366,E1932,termination,2024-12-29,,,,2026-09-07 15:41:39.186659
2367,E1932,termination,2024-12-29,,,,2026-09-07 15:41:39.186659
2368,E1933,termination,2026-01-14,,,,2026-09-07 15:41:39.186659
2369,E1933,termination,2026-01-14,,,,2026-09-07 15:41:39.186659
2370,E1933,termination,2026-01-14,,,,2026-09-07 15:41:39.186659
2371,E1934,transfer,2021-06-04,Data Engineer,Data,65088.0,2026-09-07 15:41:39.186659
2372,E1934,termination,2024-04-04,,,,2026-09-07 15:41:39.186659
2373,E1934,transfer,2021-08-04,Software Engineer,Engineering,73308.0,2026-09-07 15:41:39.186659
2374,E1934,promotion,2021-08-05,HR Specialist,HR,77704.0,2026-09-07 15:41:39.186659
2375,E1934,termination,2024-04-04,,,,2026-09-07 15:41:39.186659
2376,E1937,salary_change,2025-08-26,,,80794.0,2026-09-07 15:41:39.186659
2377,E1937,salary_change,2025-10-25,,,77456.0,2026-09-07 15:41:39.186659
2378,E1937,termination,2025-09-08,,,,2026-09-07 15:41:39.186659
2379,E1937,promotion,2026-01-22,Support Specialist,Support,93668.0,2026-09-07 15:41:39.186659
2380,E1939,termination,2026-06-16,,,,2026-09-07 15:41:39.186659
2381,E1939,transfer,2024-11-09,Software Engineer,Engineering,114658.0,2026-09-07 15:41:39.186659
2382,E1939,transfer,2025-11-20,HR Specialist,HR,114574.0,2026-09-07 15:41:39.186659
2383,E1939,promotion,2024-04-08,Software Engineer,Engineering,110471.0,2026-09-07 15:41:39.186659
2384,E1940,promotion,2025-01-31,Product Manager,Product,75450.0,2026-09-07 15:41:39.186659
2385,E1940,termination,2026-08-17,,,,2026-09-07 15:41:39.186659
2386,E1940,salary_change,2024-06-11,,,62118.0,2026-09-07 15:41:39.186659
2387,E1940,transfer,2023-07-07,Software Engineer,Engineering,81045.0,2026-09-07 15:41:39.186659
2388,E1942,promotion,2020-09-24,Software Engineer,Engineering,99331.0,2026-09-07 15:41:39.186659
2389,E1942,promotion,2022-06-16,Support Specialist,Support,110230.0,2026-09-07 15:41:39.186659
2390,E1942,transfer,2020-01-26,HR Specialist,HR,98746.0,2026-09-07 15:41:39.186659
2391,E1943,termination,2022-10-16,,,,2026-09-07 15:41:39.186659
2392,E1943,termination,2023-12-24,,,,2026-09-07 15:41:39.186659
2393,E1943,salary_change,2024-08-20,,,71303.0,2026-09-07 15:41:39.186659
2394,E1944,transfer,2022-08-05,Finance Analyst,Finance,67823.0,2026-09-07 15:41:39.186659
2395,E1944,transfer,2021-05-15,Sales Manager,Sales,80981.0,2026-09-07 15:41:39.186659
2396,E1944,salary_change,2023-06-03,,,73647.0,2026-09-07 15:41:39.186659
2397,E1944,transfer,2022-04-07,HR Specialist,HR,80689.0,2026-09-07 15:41:39.186659
2398,E1944,termination,2024-06-29,,,,2026-09-07 15:41:39.186659
2399,E1945,transfer,2026-07-04,Finance Analyst,Finance,58155.0,2026-09-07 15:41:39.186659
2400,E1945,transfer,2026-04-05,Support Specialist,Support,59490.0,2026-09-07 15:41:39.186659
2401,E1945,promotion,2024-01-09,Software Engineer,Engineering,63092.0,2026-09-07 15:41:39.186659
2402,E1946,promotion,2026-09-02,Software Engineer,Engineering,61076.0,2026-09-07 15:41:39.186659
2403,E1946,termination,2026-06-02,,,,2026-09-07 15:41:39.186659
2404,E1946,termination,2026-07-17,,,,2026-09-07 15:41:39.186659
2405,E1946,termination,2026-04-08,,,,2026-09-07 15:41:39.186659
2406,E1946,salary_change,2026-06-23,,,61924.0,2026-09-07 15:41:39.186659
2407,E1947,transfer,2026-06-19,Support Specialist,Support,151387.0,2026-09-07 15:41:39.186659
2408,E1947,salary_change,2026-04-18,,,121305.0,2026-09-07 15:41:39.186659
2409,E1947,promotion,2025-05-12,HR Specialist,HR,142713.0,2026-09-07 15:41:39.186659
2410,E1948,transfer,2020-02-19,Support Specialist,Support,88547.0,2026-09-07 15:41:39.186659
2411,E1951,promotion,2020-09-17,HR Specialist,HR,58807.0,2026-09-07 15:41:39.186659
2412,E1951,promotion,2019-04-16,Data Engineer,Data,59264.0,2026-09-07 15:41:39.186659
2413,E1951,salary_change,2020-12-11,,,56145.0,2026-09-07 15:41:39.186659
2414,E1951,salary_change,2025-05-12,,,48798.0,2026-09-07 15:41:39.186659
2415,E1952,termination,2021-01-02,,,,2026-09-07 15:41:39.186659
2416,E1952,transfer,2022-06-08,Product Manager,Product,124951.0,2026-09-07 15:41:39.186659
2417,E1952,termination,2022-07-29,,,,2026-09-07 15:41:39.186659
2418,E1952,termination,2022-05-11,,,,2026-09-07 15:41:39.186659
2419,E1953,salary_change,2021-09-02,,,134880.0,2026-09-07 15:41:39.186659
2420,E1954,termination,2025-08-11,,,,2026-09-07 15:41:39.186659
2421,E1954,promotion,2023-01-14,Sales Manager,Sales,161054.0,2026-09-07 15:41:39.186659
2422,E1954,transfer,2024-10-10,Finance Analyst,Finance,157896.0,2026-09-07 15:41:39.186659
2423,E1954,termination,2025-06-11,,,,2026-09-07 15:41:39.186659
2424,E1955,salary_change,2022-01-21,,,89153.0,2026-09-07 15:41:39.186659
2425,E1955,promotion,2020-06-23,Sales Manager,Sales,98256.0,2026-09-07 15:41:39.186659
2426,E1955,termination,2025-08-11,,,,2026-09-07 15:41:39.186659
2427,E1955,transfer,2026-02-10,Sales Manager,Sales,96311.0,2026-09-07 15:41:39.186659
2428,E1955,transfer,2023-09-02,Support Specialist,Support,106497.0,2026-09-07 15:41:39.186659
2429,E1957,transfer,2023-04-04,Support Specialist,Support,116364.0,2026-09-07 15:41:39.186659
2430,E1957,promotion,2022-10-31,Software Engineer,Engineering,114940.0,2026-09-07 15:41:39.186659
2431,E1957,termination,2025-11-29,,,,2026-09-07 15:41:39.186659
2432,E1958,termination,2024-11-01,,,,2026-09-07 15:41:39.186659
2433,E1958,transfer,2024-06-27,Product Manager,Product,88585.0,2026-09-07 15:41:39.186659
2434,E1959,termination,2023-01-08,,,,2026-09-07 15:41:39.186659
2435,E1960,salary_change,2024-11-17,,,62746.0,2026-09-07 15:41:39.186659
2436,E1960,transfer,2022-09-04,Support Specialist,Support,59217.0,2026-09-07 15:41:39.186659
2437,E1960,salary_change,2021-05-15,,,65477.0,2026-09-07 15:41:39.186659
2438,E1960,promotion,2026-04-22,Product Manager,Product,67618.0,2026-09-07 15:41:39.186659
2439,E1960,salary_change,2021-08-06,,,55826.0,2026-09-07 15:41:39.186659
2440,E1961,termination,2026-08-16,,,,2026-09-07 15:41:39.186659
2441,E1962,transfer,2022-07-22,Support Specialist,Support,76143.0,2026-09-07 15:41:39.186659
2442,E1962,transfer,2022-10-16,Sales Manager,Sales,65021.0,2026-09-07 15:41:39.186659
2443,E1962,promotion,2022-11-03,Finance Analyst,Finance,72316.0,2026-09-07 15:41:39.186659
2444,E1962,termination,2023-10-22,,,,2026-09-07 15:41:39.186659
2445,E1963,promotion,2024-05-03,Support Specialist,Support,113801.0,2026-09-07 15:41:39.186659
2446,E1963,termination,2026-09-06,,,,2026-09-07 15:41:39.186659
2447,E1963,salary_change,2026-08-06,,,106576.0,2026-09-07 15:41:39.186659
2448,E1963,termination,2024-08-10,,,,2026-09-07 15:41:39.186659
2449,E1963,transfer,2024-02-25,Software Engineer,Engineering,124055.0,2026-09-07 15:41:39.186659
2450,E1964,transfer,2023-06-22,Product Manager,Product,62393.0,2026-09-07 15:41:39.186659
2451,E1965,termination,2023-08-13,,,,2026-09-07 15:41:39.186659
2452,E1966,promotion,2017-10-07,Finance Analyst,Finance,80131.0,2026-09-07 15:41:39.186659
2453,E1967,promotion,2017-06-04,Product Manager,Product,105867.0,2026-09-07 15:41:39.186659
2454,E1967,promotion,2017-01-23,Data Engineer,Data,102664.0,2026-09-07 15:41:39.186659
2455,E1967,termination,2019-01-30,,,,2026-09-07 15:41:39.186659
2456,E1967,salary_change,2018-09-19,,,115727.0,2026-09-07 15:41:39.186659
2457,E1968,promotion,2025-02-08,Finance Analyst,Finance,52115.0,2026-09-07 15:41:39.186659
2458,E1968,transfer,2026-06-25,HR Specialist,HR,54009.0,2026-09-07 15:41:39.186659
2459,E1968,transfer,2024-03-07,Data Engineer,Data,52943.0,2026-09-07 15:41:39.186659
2460,E1968,salary_change,2024-10-06,,,51935.0,2026-09-07 15:41:39.186659
2461,E1968,promotion,2023-07-23,Support Specialist,Support,50189.0,2026-09-07 15:41:39.186659
2462,E1970,termination,2022-12-24,,,,2026-09-07 15:41:39.186659
2463,E1970,promotion,2025-02-23,Data Engineer,Data,79157.0,2026-09-07 15:41:39.186659
2464,E1970,promotion,2024-09-11,Finance Analyst,Finance,85150.0,2026-09-07 15:41:39.186659
2465,E1970,termination,2022-03-01,,,,2026-09-07 15:41:39.186659
2466,E1971,salary_change,2024-10-15,,,77316.0,2026-09-07 15:41:39.186659
2467,E1971,transfer,2026-05-04,Finance Analyst,Finance,78447.0,2026-09-07 15:41:39.186659
2468,E1972,transfer,2026-04-30,Software Engineer,Engineering,101340.0,2026-09-07 15:41:39.186659
2469,E1972,promotion,2026-06-08,Finance Analyst,Finance,94557.0,2026-09-07 15:41:39.186659
2470,E1972,promotion,2026-05-29,Data Engineer,Data,108568.0,2026-09-07 15:41:39.186659
2471,E1972,termination,2026-08-07,,,,2026-09-07 15:41:39.186659
2472,E1972,termination,2026-08-08,,,,2026-09-07 15:41:39.186659
2473,E1973,salary_change,2026-01-13,,,115838.0,2026-09-07 15:41:39.186659
2474,E1973,promotion,2026-05-27,Data Engineer,Data,129048.0,2026-09-07 15:41:39.186659
2475,E1973,transfer,2026-01-22,Support Specialist,Support,148347.0,2026-09-07 15:41:39.186659
2476,E1975,termination,2026-05-28,,,,2026-09-07 15:41:39.186659
2477,E1976,promotion,2020-09-29,Product Manager,Product,86840.0,2026-09-07 15:41:39.186659
2478,E1976,termination,2020-03-05,,,,2026-09-07 15:41:39.186659
2479,E1976,termination,2024-02-26,,,,2026-09-07 15:41:39.186659
2480,E1976,termination,2022-07-24,,,,2026-09-07 15:41:39.186659
2481,E1977,salary_change,2024-10-27,,,46974.0,2026-09-07 15:41:39.186659
2482,E1978,transfer,2024-03-29,Support Specialist,Support,68408.0,2026-09-07 15:41:39.186659
2483,E1978,promotion,2022-12-14,Product Manager,Product,63239.0,2026-09-07 15:41:39.186659
2484,E1978,transfer,2023-10-30,Data Engineer,Data,62875.0,2026-09-07 15:41:39.186659
2485,E1978,salary_change,2025-08-22,,,59139.0,2026-09-07 15:41:39.186659
2486,E1979,transfer,2021-06-26,Finance Analyst,Finance,88935.0,2026-09-07 15:41:39.186659
2487,E1980,salary_change,2022-12-14,,,151473.0,2026-09-07 15:41:39.186659
2488,E1980,promotion,2024-10-17,Software Engineer,Engineering,151248.0,2026-09-07 15:41:39.186659
2489,E1980,promotion,2023-03-10,Data Engineer,Data,145841.0,2026-09-07 15:41:39.186659
2490,E1980,salary_change,2025-02-12,,,136694.0,2026-09-07 15:41:39.186659
2491,E1980,termination,2026-08-05,,,,2026-09-07 15:41:39.186659
2492,E1981,termination,2022-06-10,,,,2026-09-07 15:41:39.186659
2493,E1981,salary_change,2026-06-27,,,139104.0,2026-09-07 15:41:39.186659
2494,E1981,salary_change,2026-01-26,,,153586.0,2026-09-07 15:41:39.186659
2495,E1982,promotion,2024-10-20,Software Engineer,Engineering,124436.0,2026-09-07 15:41:39.186659
2496,E1982,promotion,2022-12-25,Data Engineer,Data,138030.0,2026-09-07 15:41:39.186659
2497,E1983,promotion,2021-10-20,Data Engineer,Data,68076.0,2026-09-07 15:41:39.186659
2498,E1983,salary_change,2021-01-16,,,68312.0,2026-09-07 15:41:39.186659
2499,E1983,salary_change,2019-05-29,,,60838.0,2026-09-07 15:41:39.186659
2500,E1983,termination,2023-08-02,,,,2026-09-07 15:41:39.186659
2501,E1984,termination,2026-01-28,,,,2026-09-07 15:41:39.186659
2502,E1984,salary_change,2025-06-09,,,65654.0,2026-09-07 15:41:39.186659
2503,E1984,promotion,2025-03-06,Product Manager,Product,67474.0,2026-09-07 15:41:39.186659
2504,E1985,transfer,2026-08-19,Software Engineer,Engineering,49722.0,2026-09-07 15:41:39.186659
2505,E1985,transfer,2026-07-06,Finance Analyst,Finance,48478.0,2026-09-07 15:41:39.186659
2506,E1986,salary_change,2020-05-19,,,46459.0,2026-09-07 15:41:39.186659
2507,E1986,transfer,2020-12-10,HR Specialist,HR,51337.0,2026-09-07 15:41:39.186659
2508,E1986,salary_change,2021-02-08,,,46178.0,2026-09-07 15:41:39.186659
2509,E1987,transfer,2020-09-19,Support Specialist,Support,79648.0,2026-09-07 15:41:39.186659
2510,E1988,termination,2023-04-28,,,,2026-09-07 15:41:39.186659
2511,E1988,salary_change,2026-09-06,,,80518.0,2026-09-07 15:41:39.186659
2512,E1988,salary_change,2026-06-25,,,76801.0,2026-09-07 15:41:39.186659
2513,E1989,transfer,2020-10-23,Data Engineer,Data,98558.0,2026-09-07 15:41:39.186659
2514,E1989,promotion,2020-03-12,Data Engineer,Data,103812.0,2026-09-07 15:41:39.186659
2515,E1989,termination,2021-06-21,,,,2026-09-07 15:41:39.186659
2516,E1990,promotion,2026-05-28,Finance Analyst,Finance,85169.0,2026-09-07 15:41:39.186659
2517,E1990,termination,2026-06-23,,,,2026-09-07 15:41:39.186659
2518,E1990,promotion,2026-08-02,Sales Manager,Sales,91076.0,2026-09-07 15:41:39.186659
2519,E1990,termination,2026-02-04,,,,2026-09-07 15:41:39.186659
2520,E1990,salary_change,2026-06-01,,,85401.0,2026-09-07 15:41:39.186659
2521,E1991,transfer,2026-04-08,Data Engineer,Data,91257.0,2026-09-07 15:41:39.186659
2522,E1991,promotion,2025-09-30,Data Engineer,Data,82665.0,2026-09-07 15:41:39.186659
2523,E1991,salary_change,2024-05-05,,,85527.0,2026-09-07 15:41:39.186659
2524,E1991,salary_change,2023-01-03,,,88784.0,2026-09-07 15:41:39.186659
2525,E1991,termination,2025-02-26,,,,2026-09-07 15:41:39.186659
2526,E1992,termination,2025-10-01,,,,2026-09-07 15:41:39.186659
2527,E1992,termination,2025-10-01,,,,2026-09-07 15:41:39.186659
2528,E1992,termination,2025-10-01,,,,2026-09-07 15:41:39.186659
2529,E1993,transfer,2026-01-17,Data Engineer,Data,62053.0,2026-09-07 15:41:39.186659
2530,E1994,salary_change,2023-08-22,,,110287.0,2026-09-07 15:41:39.186659
2531,E1994,salary_change,2024-10-24,,,104531.0,2026-09-07 15:41:39.186659
2532,E1994,salary_change,2026-05-14,,,101526.0,2026-09-07 15:41:39.186659
2533,E1995,promotion,2023-09-14,Software Engineer,Engineering,104223.0,2026-09-07 15:41:39.186659
2534,E1995,termination,2024-05-19,,,,2026-09-07 15:41:39.186659
2535,E1995,salary_change,2022-08-21,,,94896.0,2026-09-07 15:41:39.186659
2536,E1995,termination,2023-04-25,,,,2026-09-07 15:41:39.186659
2537,E1995,promotion,2026-07-23,HR Specialist,HR,115113.0,2026-09-07 15:41:39.186659
2538,E1996,promotion,2023-08-24,Data Engineer,Data,103145.0,2026-09-07 15:41:39.186659
2539,E1996,salary_change,2024-02-10,,,89780.0,2026-09-07 15:41:39.186659
2540,E1996,promotion,2024-02-24,Product Manager,Product,120102.0,2026-09-07 15:41:39.186659
2541,E1997,transfer,2022-09-06,Data Engineer,Data,116858.0,2026-09-07 15:41:39.186659
2542,E1997,transfer,2024-09-23,Support Specialist,Support,128834.0,2026-09-07 15:41:39.186659
2543,E1997,salary_change,2019-04-23,,,117458.0,2026-09-07 15:41:39.186659
2544,E1998,termination,2026-08-27,,,,2026-09-07 15:41:39.186659
2545,E1999,termination,2020-07-03,,,,2026-09-07 15:41:39.186659
2546,E1999,salary_change,2020-04-11,,,54512.0,2026-09-07 15:41:39.186659
2547,E1999,promotion,2019-07-28,Software Engineer,Engineering,61292.0,2026-09-07 15:41:39.186659
2548,E1999,salary_change,2018-06-23,,,53092.0,2026-09-07 15:41:39.186659
